# OBJ generated by ONSHAPE BY PTC INC, 1.220 Units = meters
mtllib base.mtl
g Part 1
v -0.05 -0.00208899 0.0146713 
v -0.05 -0.00210276 0.0149254 
v -0.0475 -0.00210276 0.0149254 
v -0.05 -0.00204782 0.0144202 
v -0.0475 -0.00208899 0.0146713 
v -0.05 -0.00197975 0.014175 
v -0.0475 -0.00204782 0.0144202 
v -0.05 -0.00188557 0.0139386 
v -0.0475 -0.00197975 0.014175 
v -0.05 -0.00176638 0.0137138 
v -0.0475 -0.00188557 0.0139386 
v -0.05 -0.00162358 0.0135032 
v -0.0475 -0.00176638 0.0137138 
v -0.05 -0.00145885 0.0133093 
v -0.0475 -0.00162358 0.0135032 
v -0.05 -0.00127412 0.0131343 
v -0.0475 -0.00145885 0.0133093 
v -0.05 -0.00107155 0.0129803 
v -0.0475 -0.00127412 0.0131343 
v -0.05 -0.000853523 0.0128491 
v -0.0475 -0.00107155 0.0129803 
v -0.05 -0.000622588 0.0127423 
v -0.0475 -0.000853523 0.0128491 
v -0.05 -0.000381455 0.012661 
v -0.0475 -0.000622588 0.0127423 
v -0.05 -0.000132951 0.0126063 
v -0.0475 -0.000381455 0.012661 
v -0.05 0.000120011 0.0125788 
v -0.0475 -0.000132951 0.0126063 
v -0.05 0.000374463 0.0125788 
v -0.0475 0.000120011 0.0125788 
v -0.05 0.000627425 0.0126063 
v -0.0475 0.000374463 0.0125788 
v -0.05 0.000875929 0.012661 
v -0.0475 0.000627425 0.0126063 
v -0.05 0.00111706 0.0127423 
v -0.0475 0.000875929 0.012661 
v -0.05 0.001348 0.0128491 
v -0.0475 0.00111706 0.0127423 
v -0.05 0.00156603 0.0129803 
v -0.0475 0.001348 0.0128491 
v -0.05 0.00176859 0.0131343 
v -0.0475 0.00156603 0.0129803 
v -0.05 0.00195333 0.0133093 
v -0.0475 0.00176859 0.0131343 
v -0.05 0.00211806 0.0135032 
v -0.0475 0.00195333 0.0133093 
v -0.05 0.00226085 0.0137138 
v -0.0475 0.00211806 0.0135032 
v -0.05 0.00238004 0.0139386 
v -0.0475 0.00226085 0.0137138 
v -0.05 0.00247422 0.014175 
v -0.0475 0.00238004 0.0139386 
v -0.05 0.0025423 0.0144202 
v -0.0475 0.00247422 0.014175 
v -0.05 0.00258346 0.0146713 
v -0.0475 0.0025423 0.0144202 
v -0.05 0.00259724 0.0149254 
v -0.0475 0.00258346 0.0146713 
v -0.05 0.00258346 0.0151794 
v -0.0475 0.00259724 0.0149254 
v -0.05 0.0025423 0.0154305 
v -0.0475 0.00258346 0.0151794 
v -0.05 0.00247422 0.0156757 
v -0.0475 0.0025423 0.0154305 
v -0.05 0.00238004 0.0159121 
v -0.0475 0.00247422 0.0156757 
v -0.05 0.00226085 0.0161369 
v -0.0475 0.00238004 0.0159121 
v -0.05 0.00211806 0.0163475 
v -0.0475 0.00226085 0.0161369 
v -0.05 0.00195333 0.0165414 
v -0.0475 0.00211806 0.0163475 
v -0.05 0.00176859 0.0167164 
v -0.0475 0.00195333 0.0165414 
v -0.05 0.00156603 0.0168704 
v -0.0475 0.00176859 0.0167164 
v -0.0475 0.00156603 0.0168704 
v -0.0475 0.001348 0.0170016 
v -0.05 0.00137115 0.0169877 
v -0.05 0.001348 0.0170016 
v -0.05 0.00111706 0.0171085 
v -0.05 0.000875929 0.0171897 
v -0.0475 0.00111706 0.0171085 
v -0.05 0.000627425 0.0172444 
v -0.0475 0.000875929 0.0171897 
v -0.05 0.000374463 0.0172719 
v -0.0475 0.000627425 0.0172444 
v -0.05 0.000120011 0.0172719 
v -0.0475 0.000247237 0.0172754 
v -0.0475 0.000374463 0.0172719 
v -0.05 -0.000132951 0.0172444 
v -0.0475 0.000120011 0.0172719 
v -0.05 -0.000381455 0.0171897 
v -0.0475 -0.000132951 0.0172444 
v -0.05 -0.000622588 0.0171085 
v -0.0475 -0.000381455 0.0171897 
v -0.05 -0.000853523 0.0170016 
v -0.0475 -0.000622588 0.0171085 
v -0.0475 -0.00107155 0.0168704 
v -0.05 -0.00107155 0.0168704 
v -0.05 -0.000876677 0.0169877 
v -0.0475 -0.000853523 0.0170016 
v -0.05 -0.00127412 0.0167164 
v -0.05 -0.00145885 0.0165414 
v -0.0475 -0.00127412 0.0167164 
v -0.05 -0.00162358 0.0163475 
v -0.0475 -0.00145885 0.0165414 
v -0.05 -0.00176638 0.0161369 
v -0.0475 -0.00162358 0.0163475 
v -0.05 -0.00188557 0.0159121 
v -0.0475 -0.00176638 0.0161369 
v -0.05 -0.00197975 0.0156757 
v -0.0475 -0.00188557 0.0159121 
v -0.05 -0.00204782 0.0154305 
v -0.0475 -0.00197975 0.0156757 
v -0.05 -0.00208899 0.0151794 
v -0.0475 -0.00204782 0.0154305 
v -0.0475 -0.00208899 0.0151794 
v -0.0475 0.006 0.0325 
v -0.0475 0.006 0.0075 
v -0.0475 0.0025423 0.0256202 
v -0.0475 0.00226085 0.0273369 
v -0.0475 0.00238004 0.0271121 
v -0.0475 0.00258346 0.0258713 
v -0.0475 0.00247422 0.0268757 
v -0.0475 0.0025423 0.0266305 
v -0.0475 0.00211806 0.0275475 
v -0.0475 0.00176859 0.0279164 
v -0.0475 0.00195333 0.0277414 
v -0.0475 0.00258346 0.0263794 
v -0.0475 0.00259724 0.0261254 
v -0.0475 0.001348 0.0282016 
v -0.0475 0.00156603 0.0280704 
v -0.0475 -0.004 0.0325 
v -0.0475 -0.00208899 0.0258713 
v -0.0475 -0.00210276 0.0261254 
v -0.0475 -0.004 0.0075 
v -0.0475 -0.00204782 0.0256202 
v -0.0475 0.000247237 0.0284754 
v -0.0475 0.000374463 0.0284719 
v -0.0475 -0.00197975 0.025375 
v -0.0475 -0.00162358 0.0247032 
v -0.0475 -0.00176638 0.0249138 
v -0.0475 0.000875929 0.0283897 
v -0.0475 0.00111706 0.0283085 
v -0.0475 0.000120011 0.0284719 
v -0.0475 -0.00162358 0.0275475 
v -0.0475 -0.00145885 0.0277414 
v -0.0475 -0.00197975 0.0268757 
v -0.0475 -0.00188557 0.0271121 
v -0.0475 -0.00208899 0.0263794 
v -0.0475 -0.00204782 0.0266305 
v -0.0475 -0.00188557 0.0251386 
v -0.0475 -0.00145885 0.0245093 
v -0.0475 -0.000853523 0.0240491 
v -0.0475 -0.00107155 0.0241803 
v -0.0475 0.000627425 0.0238063 
v -0.0475 0.000374463 0.0237788 
v -0.0475 0.00238004 0.0251386 
v -0.0475 0.00226085 0.0249138 
v -0.0475 -0.000132951 0.0284444 
v -0.0475 -0.00176638 0.0273369 
v -0.0475 -0.00127412 0.0243343 
v -0.0475 0.00176859 0.0243343 
v -0.0475 0.00156603 0.0241803 
v -0.0475 0.00211806 0.0247032 
v -0.0475 0.00247422 0.025375 
v -0.0475 -0.000853523 0.0282016 
v -0.0475 -0.000622588 0.0283085 
v -0.0475 -0.00127412 0.0279164 
v -0.0475 -0.00107155 0.0280704 
v -0.0475 0.00195333 0.0245093 
v -0.0475 0.000627425 0.0284444 
v -0.0475 0.001348 0.0240491 
v -0.0475 0.00111706 0.0239423 
v -0.0475 -0.000381455 0.023861 
v -0.0475 -0.000132951 0.0238063 
v -0.0475 -0.000381455 0.0283897 
v -0.0475 -0.000622588 0.0239423 
v -0.0475 0.000875929 0.023861 
v -0.0475 0.000120011 0.0237788 
v -0.05 0.006 0.0325 
v -0.05 -0.004 0.0325 
v -0.05 -0.00208899 0.0258713 
v -0.05 -0.00210276 0.0261254 
v -0.05 -0.00204782 0.0256202 
v -0.05 -0.00197975 0.025375 
v -0.05 -0.00188557 0.0251386 
v -0.05 -0.00176638 0.0249138 
v -0.05 -0.00162358 0.0247032 
v -0.05 -0.00145885 0.0245093 
v -0.05 -0.00127412 0.0243343 
v -0.05 -0.00107155 0.0241803 
v -0.05 -0.000853523 0.0240491 
v -0.05 -0.000622588 0.0239423 
v -0.05 -0.000381455 0.023861 
v -0.05 -0.000132951 0.0238063 
v -0.05 0.000120011 0.0237788 
v -0.05 0.000374463 0.0237788 
v -0.05 0.000627425 0.0238063 
v -0.05 0.000875929 0.023861 
v -0.05 0.00111706 0.0239423 
v -0.05 0.001348 0.0240491 
v -0.05 0.00156603 0.0241803 
v -0.05 0.00176859 0.0243343 
v -0.05 0.00195333 0.0245093 
v -0.05 0.00211806 0.0247032 
v -0.05 0.00226085 0.0249138 
v -0.05 0.00238004 0.0251386 
v -0.05 0.00247422 0.025375 
v -0.05 0.0025423 0.0256202 
v -0.05 0.00258346 0.0258713 
v -0.05 0.00259724 0.0261254 
v -0.05 0.00258346 0.0263794 
v -0.05 0.0025423 0.0266305 
v -0.05 0.00247422 0.0268757 
v -0.05 0.00238004 0.0271121 
v -0.05 0.00226085 0.0273369 
v -0.05 0.00211806 0.0275475 
v -0.05 0.00195333 0.0277414 
v -0.05 0.00176859 0.0279164 
v -0.05 0.00156603 0.0280704 
v -0.05 0.001348 0.0282016 
v -0.05 0.00111706 0.0283085 
v -0.05 0.000875929 0.0283897 
v -0.05 0.000627425 0.0284444 
v -0.05 0.000374463 0.0284719 
v -0.05 0.000120011 0.0284719 
v -0.05 -0.000132951 0.0284444 
v -0.05 -0.000381455 0.0283897 
v -0.05 -0.000622588 0.0283085 
v -0.05 -0.000853523 0.0282016 
v -0.05 -0.00107155 0.0280704 
v -0.05 -0.00127412 0.0279164 
v -0.05 -0.00145885 0.0277414 
v -0.05 -0.00162358 0.0275475 
v -0.05 -0.00176638 0.0273369 
v -0.05 -0.00188557 0.0271121 
v -0.05 -0.00197975 0.0268757 
v -0.05 -0.00204782 0.0266305 
v -0.05 -0.00208899 0.0263794 
v -0.05 -0.004 0.0169877 
v -0.05 -0.004 0.0122877 
v -0.05 -0.004 0.0205254 
v -0.05 -0.004 0.0075 
v -0.05 0.006 0.0169877 
v -0.05 0.006 0.0205254 
v -0.05 0.006 0.0122877 
v -0.05 0.006 0.0075 
v -0.05 -0.00847736 0.00252739 
v -0.05 -0.009 0.0025 
v -0.045 -0.009 0.0025 
v -0.0430226 -0.00847736 0.00252739 
v -0.0435396 -0.00796044 0.00260926 
v -0.05 -0.00796044 0.00260926 
v -0.0440451 -0.00745492 0.00274472 
v -0.05 -0.00745492 0.00274472 
v -0.0445337 -0.00696632 0.00293227 
v -0.05 -0.00696632 0.00293227 
v -0.045 -0.0065 0.00316987 
v -0.05 -0.0065 0.00316987 
v -0.0454389 -0.00606107 0.00345492 
v -0.05 -0.00606107 0.00345492 
v -0.0458457 -0.00565435 0.00378428 
v -0.05 -0.00565435 0.00378428 
v -0.0462157 -0.00528428 0.00415435 
v -0.05 -0.00528428 0.00415435 
v -0.0465451 -0.00495492 0.00456107 
v -0.05 -0.00495492 0.00456107 
v -0.0466934 -0.00480665 0.0047768 
v -0.0468301 -0.00466987 0.005 
v -0.05 -0.00466987 0.005 
v -0.046955 -0.00454497 0.00523005 
v -0.0470677 -0.00443227 0.00546632 
v -0.05 -0.00443227 0.00546632 
v -0.0471679 -0.0043321 0.00570816 
v -0.0472553 -0.00424472 0.00595492 
v -0.05 -0.00424472 0.00595492 
v -0.0473296 -0.00417037 0.0062059 
v -0.0473907 -0.00410926 0.00646044 
v -0.05 -0.00410926 0.00646044 
v -0.0474384 -0.00406156 0.00671783 
v -0.0474726 -0.00402739 0.00697736 
v -0.05 -0.00402739 0.00697736 
v -0.0474931 -0.00400685 0.00723832 
v -0.0425 -0.009 0.0025 
v -0.0425 0.011 0.0025 
v -0.0430226 0.0104774 0.00252739 
v -0.0435396 0.00996044 0.00260926 
v -0.0440451 0.00945492 0.00274472 
v -0.0445337 0.00896632 0.00293227 
v -0.045 0.0085 0.00316987 
v -0.0454389 0.00806107 0.00345492 
v -0.0458457 0.00765435 0.00378428 
v -0.0462157 0.00728428 0.00415435 
v -0.0465451 0.00695492 0.00456107 
v -0.0466934 0.00680665 0.0047768 
v -0.0468301 0.00666987 0.005 
v -0.046955 0.00654497 0.00523005 
v -0.0470677 0.00643227 0.00546632 
v -0.0471679 0.0063321 0.00570816 
v -0.0472553 0.00624472 0.00595492 
v -0.0473296 0.00617037 0.0062059 
v -0.0473907 0.00610926 0.00646044 
v -0.0474384 0.00606156 0.00671783 
v -0.0474726 0.00602739 0.00697736 
v -0.0474931 0.00600685 0.00723832 
v -0.05 0.00602739 0.00697736 
v -0.05 0.00610926 0.00646044 
v -0.05 0.00624472 0.00595492 
v -0.05 0.00643227 0.00546632 
v -0.05 0.00666987 0.005 
v -0.05 0.00695492 0.00456107 
v -0.05 0.00728428 0.00415435 
v -0.05 0.00765435 0.00378428 
v -0.05 0.00806107 0.00345492 
v -0.05 0.0085 0.00316987 
v -0.05 0.00896632 0.00293227 
v -0.05 0.00945492 0.00274472 
v -0.05 0.00996044 0.00260926 
v -0.05 0.0104774 0.00252739 
v -0.045 0.011 0.0025 
v -0.05 0.011 0.0025 
v -0.05 -0.06 0.0325 
v -0.05 -0.0559014 0.0325 
v -0.05 -0.06 0.0205254 
v -0.05 -0.06 0.0169877 
v -0.05 -0.06 0.0122877 
v -0.05 -0.0559014 0 
v -0.05 0.06 0 
v -0.05 0.0564904 0.0120034 
v -0.05 0.0567433 0.012031 
v -0.05 0.0526131 0 
v -0.05 0.0562359 0.0120034 
v -0.05 0.0569918 0.0120857 
v -0.05 0.057233 0.0121669 
v -0.05 0.0557345 0.0120857 
v -0.05 0.055983 0.012031 
v -0.05 0.0552624 0.0122737 
v -0.05 0.0554933 0.0121669 
v -0.05 0.0574639 0.0122737 
v -0.05 0.0574871 0.0122877 
v -0.05 0.0552392 0.0122877 
v -0.05 0.0557345 0.0166143 
v -0.05 0.0554933 0.0165331 
v -0.05 0.0562359 0.0166966 
v -0.05 0.055983 0.016669 
v -0.05 0.06 0.0169877 
v -0.05 0.0564904 0.0166966 
v -0.05 0.0569918 0.0166143 
v -0.05 0.0567433 0.016669 
v -0.05 0.0574639 0.0164263 
v -0.05 0.057233 0.0165331 
v -0.05 0.0550444 0.0162951 
v -0.05 0.0548418 0.0161411 
v -0.05 0.0552624 0.0164263 
v -0.05 0.0580692 0.0159661 
v -0.05 0.0578845 0.0161411 
v -0.05 0.0540269 0.0146041 
v -0.05 0.0540131 0.01435 
v -0.05 0.0542303 0.0153367 
v -0.05 0.0541362 0.0151004 
v -0.05 0.0576819 0.0162951 
v -0.05 0.0546571 0.0127339 
v -0.05 0.0548418 0.0125589 
v -0.05 0.0542303 0.0133633 
v -0.05 0.0543495 0.0131384 
v -0.05 0.0540681 0.0138448 
v -0.05 0.0541362 0.0135996 
v -0.05 0.0540681 0.0148552 
v -0.05 0.0550444 0.0124049 
v -0.05 0.0544923 0.0129278 
v -0.05 0.0540269 0.0140959 
v -0.05 0.0546571 0.0159661 
v -0.05 0.0544923 0.0157722 
v -0.05 0.0543495 0.0155616 
v -0.05 0.058234 0.0157722 
v -0.05 0.0586582 0.0148552 
v -0.05 0.0585901 0.0151004 
v -0.05 0.06 0.0122877 
v -0.05 0.0587131 0.01435 
v -0.05 0.0586994 0.0146041 
v -0.05 0.0586994 0.0140959 
v -0.05 0.0584959 0.0133633 
v -0.05 0.0585901 0.0135996 
v -0.05 0.0576819 0.0124049 
v -0.05 0.0578845 0.0125589 
v -0.05 0.0584959 0.0153367 
v -0.05 0.0583768 0.0155616 
v -0.05 0.0586582 0.0138448 
v -0.05 0.058234 0.0129278 
v -0.05 0.0583768 0.0131384 
v -0.05 0.0580692 0.0127339 
v -0.05 -0.0503226 0.0283085 
v -0.05 -0.0505535 0.0282016 
v -0.05 -0.049833 0.0284444 
v -0.05 -0.0500815 0.0283897 
v -0.05 -0.045 0.0325 
v -0.05 -0.04958 0.0284719 
v -0.05 -0.0493255 0.0284719 
v -0.05 -0.0485829 0.0283085 
v -0.05 -0.0488241 0.0283897 
v -0.05 -0.048134 0.0280704 
v -0.05 -0.048352 0.0282016 
v -0.05 -0.0507716 0.0280704 
v -0.05 -0.0509741 0.0279164 
v -0.05 -0.0490726 0.0284444 
v -0.05 -0.0477467 0.0277414 
v -0.05 -0.0479314 0.0279164 
v -0.05 -0.0471577 0.0266305 
v -0.05 -0.0472258 0.0268757 
v -0.05 -0.045 0.0205254 
v -0.05 -0.0471028 0.0261254 
v -0.05 -0.0490726 0.0238063 
v -0.05 -0.0488241 0.023861 
v -0.05 -0.049833 0.0238063 
v -0.05 -0.04958 0.0237788 
v -0.05 -0.0511589 0.0277414 
v -0.05 -0.0475819 0.0275475 
v -0.05 -0.04732 0.0271121 
v -0.05 -0.0474391 0.0273369 
v -0.05 -0.0471165 0.0263794 
v -0.05 -0.0471165 0.0258713 
v -0.05 -0.04732 0.0251386 
v -0.05 -0.0472258 0.025375 
v -0.05 -0.0485829 0.0239423 
v -0.05 -0.048352 0.0240491 
v -0.05 -0.0493255 0.0237788 
v -0.05 -0.0500815 0.023861 
v -0.05 -0.0511589 0.0245093 
v -0.05 -0.0509741 0.0243343 
v -0.05 -0.0471577 0.0256202 
v -0.05 -0.0505535 0.0240491 
v -0.05 -0.0503226 0.0239423 
v -0.05 -0.0513236 0.0247032 
v -0.05 -0.0515856 0.0251386 
v -0.05 -0.0514664 0.0249138 
v -0.05 -0.0517478 0.0256202 
v -0.05 -0.0516797 0.025375 
v -0.05 -0.0515856 0.0271121 
v -0.05 -0.0516797 0.0268757 
v -0.05 -0.0475819 0.0247032 
v -0.05 -0.0474391 0.0249138 
v -0.05 -0.048134 0.0241803 
v -0.05 -0.0479314 0.0243343 
v -0.05 -0.0507716 0.0241803 
v -0.05 -0.051789 0.0258713 
v -0.05 -0.051789 0.0263794 
v -0.05 -0.0518028 0.0261254 
v -0.05 -0.0517478 0.0266305 
v -0.05 -0.0513236 0.0275475 
v -0.05 -0.0514664 0.0273369 
v -0.05 -0.0477467 0.0245093 
v -0.05 -0.04958 0.0172719 
v -0.05 -0.0500815 0.0171897 
v -0.05 -0.0503226 0.0171085 
v -0.05 -0.049833 0.0172444 
v -0.05 -0.0488241 0.0171897 
v -0.05 -0.0490726 0.0172444 
v -0.05 -0.048352 0.0170016 
v -0.05 -0.0485829 0.0171085 
v -0.05 -0.0493255 0.0172719 
v -0.05 -0.0505535 0.0170016 
v -0.05 -0.0505767 0.0169877 
v -0.05 -0.045 0.0169877 
v -0.05 -0.0483288 0.0169877 
v -0.05 -0.045 0.0122877 
v -0.05 -0.0493255 0.0125788 
v -0.05 -0.0490726 0.0126063 
v -0.05 -0.04958 0.0125788 
v -0.05 -0.0488241 0.012661 
v -0.05 -0.0485829 0.0127423 
v -0.05 -0.0500815 0.012661 
v -0.05 -0.049833 0.0126063 
v -0.05 -0.0505535 0.0128491 
v -0.05 -0.0503226 0.0127423 
v -0.05 -0.048134 0.0129803 
v -0.05 -0.0479314 0.0131343 
v -0.05 -0.048352 0.0128491 
v -0.05 -0.0511589 0.0133093 
v -0.05 -0.0509741 0.0131343 
v -0.05 -0.0507716 0.0129803 
v -0.05 -0.0515856 0.0139386 
v -0.05 -0.0514664 0.0137138 
v -0.05 -0.0518028 0.0149254 
v -0.05 -0.0515856 0.0159121 
v -0.05 -0.0516797 0.0156757 
v -0.05 -0.0471577 0.0154305 
v -0.05 -0.0472258 0.0156757 
v -0.05 -0.0471165 0.0146713 
v -0.05 -0.0471028 0.0149254 
v -0.05 -0.0477467 0.0133093 
v -0.05 -0.0513236 0.0135032 
v -0.05 -0.0517478 0.0144202 
v -0.05 -0.0516797 0.014175 
v -0.05 -0.051789 0.0151794 
v -0.05 -0.0517478 0.0154305 
v -0.05 -0.0477467 0.0165414 
v -0.05 -0.0479314 0.0167164 
v -0.05 -0.0471165 0.0151794 
v -0.05 -0.04732 0.0139386 
v -0.05 -0.0472258 0.014175 
v -0.05 -0.0475819 0.0135032 
v -0.05 -0.0474391 0.0137138 
v -0.05 -0.051789 0.0146713 
v -0.05 -0.048134 0.0168704 
v -0.05 -0.0471577 0.0144202 
v -0.05 -0.0507716 0.0168704 
v -0.05 -0.0509741 0.0167164 
v -0.05 -0.0475819 0.0163475 
v -0.05 -0.04732 0.0159121 
v -0.05 -0.0474391 0.0161369 
v -0.05 -0.0513236 0.0163475 
v -0.05 -0.0514664 0.0161369 
v -0.05 -0.0511589 0.0165414 
v -0.05 -0.025 0 
v -0.05 -0.025 0.0025 
v -0.05 -0.0246028 0.0025 
v -0.05 -0.055 0 
v -0.05 -0.04 0.0025 
v -0.05 -0.0445677 0.00546632 
v -0.05 -0.0443301 0.005 
v -0.05 -0.0405226 0.00252739 
v -0.05 -0.0415451 0.00274472 
v -0.05 -0.0410396 0.00260926 
v -0.05 -0.0429389 0.00345492 
v -0.05 -0.0425 0.00316987 
v -0.05 -0.0440451 0.00456107 
v -0.05 -0.0447553 0.00595492 
v -0.05 -0.0420337 0.00293227 
v -0.05 -0.0449726 0.00697736 
v -0.05 -0.0448907 0.00646044 
v -0.05 -0.045 0.0075 
v -0.05 -0.0437157 0.00415435 
v -0.05 -0.0433457 0.00378428 
v -0.05 -0.0246028 0 
v -0.05 0.0245552 0 
v -0.05 0.0127973 0 
v -0.05 0.0127973 0.0025 
v -0.05 0.0245552 0.0025 
v -0.05 0.0365947 0.0025 
v -0.05 0.0365947 0 
v -0.05 0.0415451 0.00274472 
v -0.05 0.0420337 0.00293227 
v -0.05 0.0410396 0.00260926 
v -0.05 0.0405226 0.00252739 
v -0.05 0.04 0.0025 
v -0.05 0.0443301 0.005 
v -0.05 0.048483 0.012031 
v -0.05 0.0425 0.00316987 
v -0.05 0.0440451 0.00456107 
v -0.05 0.0429389 0.00345492 
v -0.05 0.0433457 0.00378428 
v -0.05 0.0479933 0.0121669 
v -0.05 0.0448907 0.00646044 
v -0.05 0.0449726 0.00697736 
v -0.05 0.0437157 0.00415435 
v -0.05 0.0447553 0.00595492 
v -0.05 0.0489904 0.0120034 
v -0.05 0.0492433 0.012031 
v -0.05 0.0482345 0.0120857 
v -0.05 0.0445677 0.00546632 
v -0.05 0.0494918 0.0120857 
v -0.05 0.049733 0.0121669 
v -0.05 0.0487359 0.0120034 
v -0.05 0.0477624 0.0122737 
v -0.05 0.0499639 0.0122737 
v -0.05 0.0499871 0.0122877 
v -0.05 0.045 0.0075 
v -0.05 0.045 0.0122877 
v -0.05 0.0477392 0.0122877 
v -0.05 0.045 0.0169877 
v -0.05 0.0482345 0.0166143 
v -0.05 0.0479933 0.0165331 
v -0.05 0.0487359 0.0166966 
v -0.05 0.048483 0.016669 
v -0.05 0.0489904 0.0166966 
v -0.05 0.0494918 0.0166143 
v -0.05 0.0492433 0.016669 
v -0.05 0.0499639 0.0164263 
v -0.05 0.049733 0.0165331 
v -0.05 0.0475444 0.0162951 
v -0.05 0.0473418 0.0161411 
v -0.05 0.0477624 0.0164263 
v -0.05 0.0505692 0.0159661 
v -0.05 0.0503845 0.0161411 
v -0.05 0.0465269 0.0146041 
v -0.05 0.0465131 0.01435 
v -0.05 0.0467303 0.0153367 
v -0.05 0.0466362 0.0151004 
v -0.05 0.0501819 0.0162951 
v -0.05 0.0471571 0.0127339 
v -0.05 0.0473418 0.0125589 
v -0.05 0.0467303 0.0133633 
v -0.05 0.0468495 0.0131384 
v -0.05 0.0465681 0.0138448 
v -0.05 0.0466362 0.0135996 
v -0.05 0.0465681 0.0148552 
v -0.05 0.0475444 0.0124049 
v -0.05 0.0469923 0.0129278 
v -0.05 0.0465269 0.0140959 
v -0.05 0.0471571 0.0159661 
v -0.05 0.0469923 0.0157722 
v -0.05 0.0468495 0.0155616 
v -0.05 0.050734 0.0157722 
v -0.05 0.0511582 0.0148552 
v -0.05 0.0510901 0.0151004 
v -0.05 0.0512131 0.01435 
v -0.05 0.0511994 0.0146041 
v -0.05 0.0511994 0.0140959 
v -0.05 0.0509959 0.0133633 
v -0.05 0.0510901 0.0135996 
v -0.05 0.0501819 0.0124049 
v -0.05 0.0503845 0.0125589 
v -0.05 0.0509959 0.0153367 
v -0.05 0.0508768 0.0155616 
v -0.05 0.0511582 0.0138448 
v -0.05 0.050734 0.0129278 
v -0.05 0.0508768 0.0131384 
v -0.05 0.0505692 0.0127339 
v -0.05 0.045 0.02 
v -0.05 0.0526131 0.02 
v -0.05 0.06 0.02 
v -0.05 -0.06 0 
v -0.05 -0.0559014 0.0205254 
v -0.05 -0.0559014 0.0169877 
v -0.05 -0.0559014 0.0122877 
v -0.05 0.0526131 0.0122877 
v -0.05 0.0526131 0.0169877 
v 0.019 -0.06 0 
v 0.05 -0.06 0.0169877 
v 0.05 -0.06 0.0205254 
v 0.05 -0.06 0.0122877 
v 0.05 -0.06 0 
v 0.05 -0.06 0.0325 
v -0.019 -0.06 0 
v -0.045 -0.06 0 
v -0.0475 -0.045 0.0075 
v -0.0475 -0.045 0.0325 
v -0.0475 -0.0518028 0.0261254 
v -0.0475 -0.051789 0.0258713 
v -0.0475 -0.0517478 0.0256202 
v -0.0475 -0.0516797 0.025375 
v -0.0475 -0.0515856 0.0251386 
v -0.0475 -0.0514664 0.0249138 
v -0.0475 -0.0513236 0.0247032 
v -0.0475 -0.0511589 0.0245093 
v -0.0475 -0.0509741 0.0243343 
v -0.0475 -0.0507716 0.0241803 
v -0.0475 -0.0505535 0.0240491 
v -0.0475 -0.0503226 0.0239423 
v -0.0475 -0.0500815 0.023861 
v -0.0475 -0.049833 0.0238063 
v -0.0475 -0.04958 0.0237788 
v -0.0475 -0.0494528 0.0237754 
v -0.0475 -0.0493255 0.0237788 
v -0.0475 -0.0490726 0.0238063 
v -0.0475 -0.0488241 0.023861 
v -0.0475 -0.0485829 0.0239423 
v -0.0475 -0.048352 0.0240491 
v -0.0475 -0.048134 0.0241803 
v -0.0475 -0.0479314 0.0243343 
v -0.0475 -0.0477467 0.0245093 
v -0.0475 -0.0475819 0.0247032 
v -0.0475 -0.0474391 0.0249138 
v -0.0475 -0.04732 0.0251386 
v -0.0475 -0.0472258 0.025375 
v -0.0475 -0.0471577 0.0256202 
v -0.0475 -0.0471165 0.0258713 
v -0.0475 -0.0471028 0.0261254 
v -0.0475 -0.0471165 0.0263794 
v -0.0475 -0.0471577 0.0266305 
v -0.0475 -0.0472258 0.0268757 
v -0.0475 -0.04732 0.0271121 
v -0.0475 -0.0474391 0.0273369 
v -0.0475 -0.0475819 0.0275475 
v -0.0475 -0.0477467 0.0277414 
v -0.0475 -0.0479314 0.0279164 
v -0.0475 -0.048134 0.0280704 
v -0.0475 -0.048352 0.0282016 
v -0.0475 -0.0485829 0.0283085 
v -0.0475 -0.0488241 0.0283897 
v -0.0475 -0.0490726 0.0284444 
v -0.0475 -0.0493255 0.0284719 
v -0.0475 -0.04958 0.0284719 
v -0.0475 -0.049833 0.0284444 
v -0.0475 -0.0500815 0.0283897 
v -0.0475 -0.0503226 0.0283085 
v -0.0475 -0.0505535 0.0282016 
v -0.0475 -0.0507716 0.0280704 
v -0.0475 -0.0509741 0.0279164 
v -0.0475 -0.0511589 0.0277414 
v -0.0475 -0.0513236 0.0275475 
v -0.0475 -0.0514664 0.0273369 
v -0.0475 -0.0515856 0.0271121 
v -0.0475 -0.0516797 0.0268757 
v -0.0475 -0.0517478 0.0266305 
v -0.0475 -0.051789 0.0263794 
v -0.0475 -0.0518028 0.0149254 
v -0.0475 -0.051789 0.0146713 
v -0.0475 -0.0517478 0.0144202 
v -0.0475 -0.0516797 0.014175 
v -0.0475 -0.0515856 0.0139386 
v -0.0475 -0.0514664 0.0137138 
v -0.0475 -0.0513236 0.0135032 
v -0.0475 -0.0511589 0.0133093 
v -0.0475 -0.0509741 0.0131343 
v -0.0475 -0.0507716 0.0129803 
v -0.0475 -0.0505535 0.0128491 
v -0.0475 -0.0503226 0.0127423 
v -0.0475 -0.0500815 0.012661 
v -0.0475 -0.049833 0.0126063 
v -0.0475 -0.04958 0.0125788 
v -0.0475 -0.0494528 0.0125754 
v -0.0475 -0.0493255 0.0125788 
v -0.0475 -0.0490726 0.0126063 
v -0.0475 -0.0488241 0.012661 
v -0.0475 -0.0485829 0.0127423 
v -0.0475 -0.048352 0.0128491 
v -0.0475 -0.048134 0.0129803 
v -0.0475 -0.0479314 0.0131343 
v -0.0475 -0.0477467 0.0133093 
v -0.0475 -0.0475819 0.0135032 
v -0.0475 -0.0474391 0.0137138 
v -0.0475 -0.04732 0.0139386 
v -0.0475 -0.0472258 0.014175 
v -0.0475 -0.0471577 0.0144202 
v -0.0475 -0.0471165 0.0146713 
v -0.0475 -0.0471028 0.0149254 
v -0.0475 -0.0471165 0.0151794 
v -0.0475 -0.0471577 0.0154305 
v -0.0475 -0.0472258 0.0156757 
v -0.0475 -0.04732 0.0159121 
v -0.0475 -0.0474391 0.0161369 
v -0.0475 -0.0475819 0.0163475 
v -0.0475 -0.0477467 0.0165414 
v -0.0475 -0.0479314 0.0167164 
v -0.0475 -0.048134 0.0168704 
v -0.0475 -0.048352 0.0170016 
v -0.0475 -0.0485829 0.0171085 
v -0.0475 -0.0488241 0.0171897 
v -0.0475 -0.0490726 0.0172444 
v -0.0475 -0.0493255 0.0172719 
v -0.0475 -0.04958 0.0172719 
v -0.0475 -0.049833 0.0172444 
v -0.0475 -0.0500815 0.0171897 
v -0.0475 -0.0503226 0.0171085 
v -0.0475 -0.0507716 0.0168704 
v -0.0475 -0.0505535 0.0170016 
v -0.0475 -0.0509741 0.0167164 
v -0.0475 -0.0511589 0.0165414 
v -0.0475 -0.0513236 0.0163475 
v -0.0475 -0.0514664 0.0161369 
v -0.0475 -0.0515856 0.0159121 
v -0.0475 -0.0516797 0.0156757 
v -0.0475 -0.0517478 0.0154305 
v -0.0475 -0.051789 0.0151794 
v -0.0474931 -0.0449931 0.00723832 
v -0.0474726 -0.0449726 0.00697736 
v -0.0474384 -0.0449384 0.00671783 
v -0.0473907 -0.0448907 0.00646044 
v -0.0473296 -0.0448296 0.0062059 
v -0.0472553 -0.0447553 0.00595492 
v -0.0471679 -0.0446679 0.00570816 
v -0.0470677 -0.0445677 0.00546632 
v -0.046955 -0.044455 0.00523005 
v -0.0468301 -0.0443301 0.005 
v -0.0466934 -0.0441934 0.0047768 
v -0.0465451 -0.0440451 0.00456107 
v -0.0462157 -0.0437157 0.00415435 
v -0.0458457 -0.0433457 0.00378428 
v -0.0454389 -0.0429389 0.00345492 
v -0.045 -0.0425 0.00316987 
v -0.0445337 -0.0420337 0.00293227 
v -0.0440451 -0.0415451 0.00274472 
v -0.0435396 -0.0410396 0.00260926 
v -0.0430226 -0.0405226 0.00252739 
v -0.045 -0.04 0.0025 
v -0.0425 -0.04 0.0025 
v -0.0475 -0.0525 0.0075 
v -0.0475 -0.0525 0.0325 
v -0.0430226 -0.0525 0.00252739 
v -0.0425 -0.05125 0.0025 
v -0.0425 -0.0525 0.0025 
v -0.0435396 -0.0525 0.00260926 
v -0.0440451 -0.0525 0.00274472 
v -0.0445337 -0.0525 0.00293227 
v -0.045 -0.0525 0.00316987 
v -0.0454389 -0.0525 0.00345492 
v -0.0458457 -0.0525 0.00378428 
v -0.0462157 -0.0525 0.00415435 
v -0.0465451 -0.0525 0.00456107 
v -0.0468301 -0.0525 0.005 
v -0.0470677 -0.0525 0.00546632 
v -0.0472553 -0.0525 0.00595492 
v -0.0473907 -0.0525 0.00646044 
v -0.0474726 -0.0525 0.00697736 
v -0.0430226 -0.0574726 0.0325 
v -0.0425 -0.0575 0.0325 
v -0.0425 -0.0575 0.0075 
v -0.0435396 -0.0573907 0.0325 
v -0.0430226 -0.0574726 0.0075 
v -0.0440451 -0.0572553 0.0325 
v -0.0435396 -0.0573907 0.0075 
v -0.0445337 -0.0570677 0.0325 
v -0.0440451 -0.0572553 0.0075 
v -0.045 -0.0568301 0.0325 
v -0.0445337 -0.0570677 0.0075 
v -0.0454389 -0.0565451 0.0325 
v -0.045 -0.0568301 0.0075 
v -0.0458457 -0.0562157 0.0325 
v -0.0454389 -0.0565451 0.0075 
v -0.0462157 -0.0558457 0.0325 
v -0.0458457 -0.0562157 0.0075 
v -0.0465451 -0.0554389 0.0325 
v -0.0462157 -0.0558457 0.0075 
v -0.0468301 -0.055 0.0325 
v -0.0465451 -0.0554389 0.0075 
v -0.0470677 -0.0545337 0.0325 
v -0.0468301 -0.055 0.0075 
v -0.0472553 -0.0540451 0.0325 
v -0.0470677 -0.0545337 0.0075 
v -0.0473907 -0.0535396 0.0325 
v -0.0472553 -0.0540451 0.0075 
v -0.0474726 -0.0530226 0.0325 
v -0.0473907 -0.0535396 0.0075 
v -0.0474726 -0.0530226 0.0075 
v -0.0475 0.045 0.02 
v -0.0475 0.045 0.0075 
v -0.0475 0.06 0.02 
v -0.0475 0.0465131 0.01435 
v -0.0475 0.0465269 0.0140959 
v -0.0475 0.0465681 0.0138448 
v -0.0475 0.0466362 0.0135996 
v -0.0475 0.0467303 0.0133633 
v -0.0475 0.0468495 0.0131384 
v -0.0475 0.0469923 0.0129278 
v -0.0475 0.0471571 0.0127339 
v -0.0475 0.0473418 0.0125589 
v -0.0475 0.0475444 0.0124049 
v -0.0475 0.0477624 0.0122737 
v -0.0475 0.0479933 0.0121669 
v -0.0475 0.0482345 0.0120857 
v -0.0475 0.048483 0.012031 
v -0.0475 0.0487359 0.0120034 
v -0.0475 0.0488631 0.012 
v -0.0475 0.0489904 0.0120034 
v -0.0475 0.0492433 0.012031 
v -0.0475 0.0494918 0.0120857 
v -0.0475 0.049733 0.0121669 
v -0.0475 0.0501819 0.0124049 
v -0.0475 0.0499639 0.0122737 
v -0.0475 0.0503845 0.0125589 
v -0.0475 0.0505692 0.0127339 
v -0.0475 0.050734 0.0129278 
v -0.0475 0.0508768 0.0131384 
v -0.0475 0.0509959 0.0133633 
v -0.0475 0.0510901 0.0135996 
v -0.0475 0.0511582 0.0138448 
v -0.0475 0.0511994 0.0140959 
v -0.0475 0.0512131 0.01435 
v -0.0475 0.0511994 0.0146041 
v -0.0475 0.0511582 0.0148552 
v -0.0475 0.0510901 0.0151004 
v -0.0475 0.0509959 0.0153367 
v -0.0475 0.0508768 0.0155616 
v -0.0475 0.050734 0.0157722 
v -0.0475 0.0505692 0.0159661 
v -0.0475 0.0503845 0.0161411 
v -0.0475 0.0501819 0.0162951 
v -0.0475 0.0499639 0.0164263 
v -0.0475 0.049733 0.0165331 
v -0.0475 0.0494918 0.0166143 
v -0.0475 0.0492433 0.016669 
v -0.0475 0.0489904 0.0166966 
v -0.0475 0.0487359 0.0166966 
v -0.0475 0.048483 0.016669 
v -0.0475 0.0482345 0.0166143 
v -0.0475 0.0479933 0.0165331 
v -0.0475 0.0477624 0.0164263 
v -0.0475 0.0475444 0.0162951 
v -0.0475 0.0473418 0.0161411 
v -0.0475 0.0471571 0.0159661 
v -0.0475 0.0469923 0.0157722 
v -0.0475 0.0468495 0.0155616 
v -0.0475 0.0467303 0.0153367 
v -0.0475 0.0466362 0.0151004 
v -0.0475 0.0465681 0.0148552 
v -0.0475 0.0465269 0.0146041 
v -0.0475 0.0540131 0.01435 
v -0.0475 0.0540269 0.0140959 
v -0.0475 0.0540681 0.0138448 
v -0.0475 0.0541362 0.0135996 
v -0.0475 0.0542303 0.0133633 
v -0.0475 0.0543495 0.0131384 
v -0.0475 0.0544923 0.0129278 
v -0.0475 0.0546571 0.0127339 
v -0.0475 0.0548418 0.0125589 
v -0.0475 0.0550444 0.0124049 
v -0.0475 0.0552624 0.0122737 
v -0.0475 0.0554933 0.0121669 
v -0.0475 0.0557345 0.0120857 
v -0.0475 0.055983 0.012031 
v -0.0475 0.0562359 0.0120034 
v -0.0475 0.0563631 0.012 
v -0.0475 0.0564904 0.0120034 
v -0.0475 0.0567433 0.012031 
v -0.0475 0.0569918 0.0120857 
v -0.0475 0.057233 0.0121669 
v -0.0475 0.0576819 0.0124049 
v -0.0475 0.0574639 0.0122737 
v -0.0475 0.0578845 0.0125589 
v -0.0475 0.0580692 0.0127339 
v -0.0475 0.058234 0.0129278 
v -0.0475 0.0583768 0.0131384 
v -0.0475 0.0584959 0.0133633 
v -0.0475 0.0585901 0.0135996 
v -0.0475 0.0586582 0.0138448 
v -0.0475 0.0586994 0.0140959 
v -0.0475 0.0587131 0.01435 
v -0.0475 0.0586994 0.0146041 
v -0.0475 0.0586582 0.0148552 
v -0.0475 0.0585901 0.0151004 
v -0.0475 0.0584959 0.0153367 
v -0.0475 0.0583768 0.0155616 
v -0.0475 0.058234 0.0157722 
v -0.0475 0.0580692 0.0159661 
v -0.0475 0.0578845 0.0161411 
v -0.0475 0.0576819 0.0162951 
v -0.0475 0.0574639 0.0164263 
v -0.0475 0.057233 0.0165331 
v -0.0475 0.0569918 0.0166143 
v -0.0475 0.0567433 0.016669 
v -0.0475 0.0564904 0.0166966 
v -0.0475 0.0562359 0.0166966 
v -0.0475 0.055983 0.016669 
v -0.0475 0.0557345 0.0166143 
v -0.0475 0.0554933 0.0165331 
v -0.0475 0.0552624 0.0164263 
v -0.0475 0.0550444 0.0162951 
v -0.0475 0.0548418 0.0161411 
v -0.0475 0.0546571 0.0159661 
v -0.0475 0.0544923 0.0157722 
v -0.0475 0.0543495 0.0155616 
v -0.0475 0.0542303 0.0153367 
v -0.0475 0.0541362 0.0151004 
v -0.0475 0.0540681 0.0148552 
v -0.0475 0.0540269 0.0146041 
v -0.0475 0.06 0.0075 
v -0.045 0.04 0.0025 
v -0.0430226 0.0405226 0.00252739 
v -0.0435396 0.0410396 0.00260926 
v -0.0440451 0.0415451 0.00274472 
v -0.0445337 0.0420337 0.00293227 
v -0.045 0.0425 0.00316987 
v -0.0454389 0.0429389 0.00345492 
v -0.0458457 0.0433457 0.00378428 
v -0.0462157 0.0437157 0.00415435 
v -0.0465451 0.0440451 0.00456107 
v -0.0466934 0.0441934 0.0047768 
v -0.0468301 0.0443301 0.005 
v -0.046955 0.044455 0.00523005 
v -0.0470677 0.0445677 0.00546632 
v -0.0471679 0.0446679 0.00570816 
v -0.0472553 0.0447553 0.00595492 
v -0.0473296 0.0448296 0.0062059 
v -0.0473907 0.0448907 0.00646044 
v -0.0474384 0.0449384 0.00671783 
v -0.0474726 0.0449726 0.00697736 
v -0.0474931 0.0449931 0.00723832 
v -0.0425 0.04 0.0025 
v -0.0474726 0.06 0.00697736 
v -0.0473907 0.06 0.00646044 
v -0.0472553 0.06 0.00595492 
v -0.0470677 0.06 0.00546632 
v -0.0468301 0.06 0.005 
v -0.0465451 0.06 0.00456107 
v -0.0462157 0.06 0.00415435 
v -0.0458457 0.06 0.00378428 
v -0.0454389 0.06 0.00345492 
v -0.045 0.06 0.00316987 
v -0.0445337 0.06 0.00293227 
v -0.0440451 0.06 0.00274472 
v -0.0435396 0.06 0.00260926 
v -0.0430226 0.06 0.00252739 
v -0.0425 0.06 0.0025 
v -0.0425 -0.0574726 0.00697736 
v -0.0425 -0.0573907 0.00646044 
v -0.0425 -0.0572553 0.00595492 
v -0.0425 -0.0570677 0.00546632 
v -0.0425 -0.0568301 0.005 
v -0.0425 -0.0565451 0.00456107 
v -0.0425 -0.0562157 0.00415435 
v -0.0425 -0.0558457 0.00378428 
v -0.0425 -0.0554389 0.00345492 
v -0.0425 -0.055 0.00316987 
v -0.0425 -0.0545337 0.00293227 
v -0.0425 -0.0540451 0.00274472 
v -0.0425 -0.0535396 0.00260926 
v -0.0425 -0.0530226 0.00252739 
v -0.0430198 -0.0574726 0.00744537 
v -0.0435339 -0.0573907 0.00739134 
v -0.0430112 -0.0574726 0.00739134 
v -0.0435168 -0.0573907 0.00728386 
v -0.0429971 -0.0574726 0.00733849 
v -0.0434887 -0.0573907 0.00717876 
v -0.0429775 -0.0574726 0.00728742 
v -0.0434497 -0.0573907 0.00707717 
v -0.0429526 -0.0574726 0.00723868 
v -0.0434003 -0.0573907 0.00698022 
v -0.0429228 -0.0574726 0.0071928 
v -0.043341 -0.0573907 0.00688896 
v -0.0428884 -0.0574726 0.00715028 
v -0.0432725 -0.0573907 0.0068044 
v -0.0428497 -0.0574726 0.0071116 
v -0.0431956 -0.0573907 0.00672746 
v -0.0428072 -0.0574726 0.00707717 
v -0.043111 -0.0573907 0.00665898 
v -0.0427613 -0.0574726 0.00704738 
v -0.0430198 -0.0573907 0.00659972 
v -0.0427126 -0.0574726 0.00702254 
v -0.0429228 -0.0573907 0.00655032 
v -0.0426615 -0.0574726 0.00700294 
v -0.0428212 -0.0573907 0.00651132 
v -0.0426087 -0.0574726 0.00698878 
v -0.0427161 -0.0573907 0.00648316 
v -0.0425546 -0.0574726 0.00698022 
v -0.0426087 -0.0573907 0.00646614 
v -0.0440366 -0.0572553 0.00733849 
v -0.0440113 -0.0572553 0.00717876 
v -0.0439695 -0.0572553 0.00702254 
v -0.0439115 -0.0572553 0.00687156 
v -0.0438381 -0.0572553 0.00672746 
v -0.04375 -0.0572553 0.00659182 
v -0.0436482 -0.0572553 0.00646614 
v -0.0435339 -0.0572553 0.00635178 
v -0.0434082 -0.0572553 0.00625 
v -0.0432725 -0.0572553 0.00616192 
v -0.0431284 -0.0572553 0.00608849 
v -0.0429775 -0.0572553 0.00603054 
v -0.0428212 -0.0572553 0.00598868 
v -0.0426615 -0.0572553 0.00596338 
v -0.0445225 -0.0570677 0.00728742 
v -0.0444892 -0.0570677 0.00707717 
v -0.0444341 -0.0570677 0.00687156 
v -0.0443579 -0.0570677 0.00667283 
v -0.0442612 -0.0570677 0.00648316 
v -0.0441453 -0.0570677 0.00630463 
v -0.0440113 -0.0570677 0.0061392 
v -0.0438608 -0.0570677 0.00598868 
v -0.0436954 -0.0570677 0.00585472 
v -0.0435168 -0.0570677 0.00573878 
v -0.0433272 -0.0570677 0.00564214 
v -0.0431284 -0.0570677 0.00556585 
v -0.0429228 -0.0570677 0.00551076 
v -0.0427126 -0.0570677 0.00547746 
v -0.0449863 -0.0568301 0.00723868 
v -0.0449454 -0.0568301 0.00698022 
v -0.0448776 -0.0568301 0.00672746 
v -0.0447839 -0.0568301 0.00648316 
v -0.0446651 -0.0568301 0.00625 
v -0.0445225 -0.0568301 0.00603054 
v -0.0443579 -0.0568301 0.00582717 
v -0.0441728 -0.0568301 0.00564214 
v -0.0439695 -0.0568301 0.00547746 
v -0.04375 -0.0568301 0.00533494 
v -0.0435168 -0.0568301 0.00521614 
v -0.0432725 -0.0568301 0.00512236 
v -0.0430198 -0.0568301 0.00505463 
v -0.0427613 -0.0568301 0.0050137 
v -0.0454228 -0.0565451 0.0071928 
v -0.0453747 -0.0565451 0.00688896 
v -0.0452951 -0.0565451 0.00659182 
v -0.0451848 -0.0565451 0.00630463 
v -0.0450452 -0.0565451 0.00603054 
v -0.0448776 -0.0565451 0.00577254 
v -0.044684 -0.0565451 0.00553347 
v -0.0444665 -0.0565451 0.00531595 
v -0.0442275 -0.0565451 0.00512236 
v -0.0439695 -0.0565451 0.00495482 
v -0.0436954 -0.0565451 0.00481516 
v -0.0434082 -0.0565451 0.00470492 
v -0.043111 -0.0565451 0.0046253 
v -0.0428072 -0.0565451 0.00457717 
v -0.0458273 -0.0562157 0.00715028 
v -0.0457725 -0.0562157 0.0068044 
v -0.0456819 -0.0562157 0.00646614 
v -0.0455564 -0.0562157 0.0061392 
v -0.0453974 -0.0562157 0.00582717 
v -0.0452067 -0.0562157 0.00553347 
v -0.0449863 -0.0562157 0.00526132 
v -0.0447387 -0.0562157 0.0050137 
v -0.0444665 -0.0562157 0.00479331 
v -0.0441728 -0.0562157 0.00460258 
v -0.0438608 -0.0562157 0.00444359 
v -0.0435339 -0.0562157 0.00431809 
v -0.0431956 -0.0562157 0.00422746 
v -0.0428497 -0.0562157 0.00417267 
v -0.0461954 -0.0558457 0.0071116 
v -0.0461345 -0.0558457 0.00672746 
v -0.0460339 -0.0558457 0.00635178 
v -0.0458945 -0.0558457 0.00598868 
v -0.0457179 -0.0558457 0.00564214 
v -0.0455061 -0.0558457 0.00531595 
v -0.0452613 -0.0558457 0.0050137 
v -0.0449863 -0.0558457 0.00473868 
v -0.044684 -0.0558457 0.00449392 
v -0.0443579 -0.0558457 0.00428209 
v -0.0440113 -0.0558457 0.00410552 
v -0.0436482 -0.0558457 0.00396614 
v -0.0432725 -0.0558457 0.00386547 
v -0.0428884 -0.0558457 0.00380463 
v -0.0465229 -0.0554389 0.00707717 
v -0.0464567 -0.0554389 0.00665898 
v -0.0463471 -0.0554389 0.00625 
v -0.0461954 -0.0554389 0.00585472 
v -0.0460031 -0.0554389 0.00547746 
v -0.0457725 -0.0554389 0.00512236 
v -0.0455061 -0.0554389 0.00479331 
v -0.0452067 -0.0554389 0.00449392 
v -0.0448776 -0.0554389 0.00422746 
v -0.0445225 -0.0554389 0.00399685 
v -0.0441453 -0.0554389 0.00380463 
v -0.04375 -0.0554389 0.0036529 
v -0.043341 -0.0554389 0.00354331 
v -0.0429228 -0.0554389 0.00347707 
v -0.0468064 -0.055 0.00704738 
v -0.0467355 -0.055 0.00659972 
v -0.0466182 -0.055 0.00616192 
v -0.0464558 -0.055 0.00573878 
v -0.04625 -0.055 0.00533494 
v -0.0460031 -0.055 0.00495482 
v -0.0457179 -0.055 0.00460258 
v -0.0453974 -0.055 0.00428209 
v -0.0450452 -0.055 0.00399685 
v -0.0446651 -0.055 0.00375 
v -0.0442612 -0.055 0.00354423 
v -0.0438381 -0.055 0.0033818 
v -0.0434003 -0.055 0.0032645 
v -0.0429526 -0.055 0.00319359 
v -0.0470427 -0.0545337 0.00702254 
v -0.0469679 -0.0545337 0.00655032 
v -0.0468442 -0.0545337 0.00608849 
v -0.0466728 -0.0545337 0.00564214 
v -0.0464558 -0.0545337 0.00521614 
v -0.0461954 -0.0545337 0.00481516 
v -0.0458945 -0.0545337 0.00444359 
v -0.0455564 -0.0545337 0.00410552 
v -0.0451848 -0.0545337 0.00380463 
v -0.0447839 -0.0545337 0.00354423 
v -0.0443579 -0.0545337 0.00332717 
v -0.0439115 -0.0545337 0.00315583 
v -0.0434497 -0.0545337 0.00303209 
v -0.0429775 -0.0545337 0.0029573 
v -0.0472292 -0.0540451 0.00700294 
v -0.0471514 -0.0540451 0.00651132 
v -0.0470225 -0.0540451 0.00603054 
v -0.0468442 -0.0540451 0.00556585 
v -0.0466182 -0.0540451 0.00512236 
v -0.0463471 -0.0540451 0.00470492 
v -0.0460339 -0.0540451 0.00431809 
v -0.0456819 -0.0540451 0.00396614 
v -0.0452951 -0.0540451 0.0036529 
v -0.0448776 -0.0540451 0.0033818 
v -0.0444341 -0.0540451 0.00315583 
v -0.0439695 -0.0540451 0.00297746 
v -0.0434887 -0.0540451 0.00284863 
v -0.0429971 -0.0540451 0.00277077 
v -0.0473639 -0.0535396 0.00698878 
v -0.0472839 -0.0535396 0.00648316 
v -0.0471514 -0.0535396 0.00598868 
v -0.0469679 -0.0535396 0.00551076 
v -0.0467355 -0.0535396 0.00505463 
v -0.0464567 -0.0535396 0.0046253 
v -0.0461345 -0.0535396 0.00422746 
v -0.0457725 -0.0535396 0.00386547 
v -0.0453747 -0.0535396 0.00354331 
v -0.0449454 -0.0535396 0.0032645 
v -0.0444892 -0.0535396 0.00303209 
v -0.0440113 -0.0535396 0.00284863 
v -0.0435168 -0.0535396 0.00271614 
v -0.0430112 -0.0535396 0.00263605 
v -0.0474454 -0.0530226 0.00698022 
v -0.0473639 -0.0530226 0.00646614 
v -0.0472292 -0.0530226 0.00596338 
v -0.0470427 -0.0530226 0.00547746 
v -0.0468064 -0.0530226 0.0050137 
v -0.0465229 -0.0530226 0.00457717 
v -0.0461954 -0.0530226 0.00417267 
v -0.0458273 -0.0530226 0.00380463 
v -0.0454228 -0.0530226 0.00347707 
v -0.0449863 -0.0530226 0.00319359 
v -0.0445225 -0.0530226 0.0029573 
v -0.0440366 -0.0530226 0.00277077 
v -0.0435339 -0.0530226 0.00263605 
v -0.0430198 -0.0530226 0.00255463 
v 0.0425 -0.0575 0.0325 
v 0.0425 -0.0575 0.0075 
v 0.0425 -0.0574726 0.00697736 
v 0.0425 -0.0573907 0.00646044 
v 0.0425 -0.0572553 0.00595492 
v 0.0425 -0.0570677 0.00546632 
v 0.0425 -0.0568301 0.005 
v 0.0425 -0.0565451 0.00456107 
v 0.0425 -0.0562157 0.00415435 
v 0.0425 -0.0558457 0.00378428 
v 0.0425 -0.0554389 0.00345492 
v 0.0425 -0.055 0.00316987 
v 0.0425 -0.0545337 0.00293227 
v 0.0425 -0.0540451 0.00274472 
v 0.0425 -0.0535396 0.00260926 
v 0.0425 -0.0530226 0.00252739 
v 0.019 -0.0525 0.0025 
v -0.019 -0.0525 0.0025 
v 0.0425 -0.0525 0.0025 
v 0.0430226 -0.0574726 0.0075 
v 0.0435396 -0.0573907 0.0075 
v 0.0430226 -0.0574726 0.0325 
v 0.0440451 -0.0572553 0.0075 
v 0.0435396 -0.0573907 0.0325 
v 0.0445337 -0.0570677 0.0075 
v 0.0440451 -0.0572553 0.0325 
v 0.045 -0.0568301 0.0075 
v 0.0445337 -0.0570677 0.0325 
v 0.0454389 -0.0565451 0.0075 
v 0.045 -0.0568301 0.0325 
v 0.0458457 -0.0562157 0.0075 
v 0.0454389 -0.0565451 0.0325 
v 0.0462157 -0.0558457 0.0075 
v 0.0458457 -0.0562157 0.0325 
v 0.0465451 -0.0554389 0.0075 
v 0.0462157 -0.0558457 0.0325 
v 0.0468301 -0.055 0.0075 
v 0.0465451 -0.0554389 0.0325 
v 0.0470677 -0.0545337 0.0075 
v 0.0468301 -0.055 0.0325 
v 0.0472553 -0.0540451 0.0075 
v 0.0470677 -0.0545337 0.0325 
v 0.0473907 -0.0535396 0.0075 
v 0.0472553 -0.0540451 0.0325 
v 0.0474726 -0.0530226 0.0075 
v 0.0473907 -0.0535396 0.0325 
v 0.0475 -0.0525 0.0075 
v 0.0474726 -0.0530226 0.0325 
v 0.0475 -0.0525 0.0325 
v 0.05 -0.0559014 0.0325 
v 0.05 -0.045 0.0325 
v 0.0475 -0.045 0.0325 
v 0.0475 -0.045 0.0075 
v 0.05 -0.045 0.0169877 
v 0.05 -0.045 0.0122877 
v 0.05 -0.045 0.0205254 
v 0.05 -0.045 0.0075 
v 0.05 -0.04 0.0025 
v 0.0425 -0.04 0.0025 
v 0.0430226 -0.0405226 0.00252739 
v 0.05 -0.0405226 0.00252739 
v 0.0435396 -0.0410396 0.00260926 
v 0.05 -0.0410396 0.00260926 
v 0.0440451 -0.0415451 0.00274472 
v 0.05 -0.0415451 0.00274472 
v 0.0445337 -0.0420337 0.00293227 
v 0.05 -0.0420337 0.00293227 
v 0.045 -0.0425 0.00316987 
v 0.05 -0.0425 0.00316987 
v 0.0454389 -0.0429389 0.00345492 
v 0.05 -0.0429389 0.00345492 
v 0.0458457 -0.0433457 0.00378428 
v 0.05 -0.0433457 0.00378428 
v 0.0462157 -0.0437157 0.00415435 
v 0.05 -0.0437157 0.00415435 
v 0.0465451 -0.0440451 0.00456107 
v 0.05 -0.0440451 0.00456107 
v 0.0466934 -0.0441934 0.0047768 
v 0.0468301 -0.0443301 0.005 
v 0.05 -0.0443301 0.005 
v 0.046955 -0.044455 0.00523005 
v 0.0470677 -0.0445677 0.00546632 
v 0.05 -0.0445677 0.00546632 
v 0.0471679 -0.0446679 0.00570816 
v 0.0472553 -0.0447553 0.00595492 
v 0.05 -0.0447553 0.00595492 
v 0.0473296 -0.0448296 0.0062059 
v 0.0473907 -0.0448907 0.00646044 
v 0.05 -0.0448907 0.00646044 
v 0.0474384 -0.0449384 0.00671783 
v 0.0474726 -0.0449726 0.00697736 
v 0.05 -0.0449726 0.00697736 
v 0.0474931 -0.0449931 0.00723832 
v 0.0474726 -0.0525 0.00697736 
v 0.0473907 -0.0525 0.00646044 
v 0.0472553 -0.0525 0.00595492 
v 0.0470677 -0.0525 0.00546632 
v 0.0468301 -0.0525 0.005 
v 0.0465451 -0.0525 0.00456107 
v 0.0462157 -0.0525 0.00415435 
v 0.0458457 -0.0525 0.00378428 
v 0.0454389 -0.0525 0.00345492 
v 0.045 -0.0525 0.00316987 
v 0.0445337 -0.0525 0.00293227 
v 0.0440451 -0.0525 0.00274472 
v 0.0435396 -0.0525 0.00260926 
v 0.0430226 -0.0525 0.00252739 
v 0.0425 -0.05125 0.0025 
v 0.0474726 -0.0530198 0.00744537 
v 0.0473907 -0.0535339 0.00739134 
v 0.0474726 -0.0530112 0.00739134 
v 0.0473907 -0.0535168 0.00728386 
v 0.0474726 -0.0529971 0.00733849 
v 0.0473907 -0.0534887 0.00717876 
v 0.0474726 -0.0529775 0.00728742 
v 0.0473907 -0.0534497 0.00707717 
v 0.0474726 -0.0529526 0.00723868 
v 0.0473907 -0.0534003 0.00698022 
v 0.0474726 -0.0529228 0.0071928 
v 0.0473907 -0.053341 0.00688896 
v 0.0474726 -0.0528884 0.00715028 
v 0.0473907 -0.0532725 0.0068044 
v 0.0474726 -0.0528497 0.0071116 
v 0.0473907 -0.0531956 0.00672746 
v 0.0474726 -0.0528072 0.00707717 
v 0.0473907 -0.053111 0.00665898 
v 0.0474726 -0.0527613 0.00704738 
v 0.0473907 -0.0530198 0.00659972 
v 0.0474726 -0.0527126 0.00702254 
v 0.0473907 -0.0529228 0.00655032 
v 0.0474726 -0.0526615 0.00700294 
v 0.0473907 -0.0528212 0.00651132 
v 0.0474726 -0.0526087 0.00698878 
v 0.0473907 -0.0527161 0.00648316 
v 0.0474726 -0.0525546 0.00698022 
v 0.0473907 -0.0526087 0.00646614 
v 0.0472553 -0.0540366 0.00733849 
v 0.0472553 -0.0540113 0.00717876 
v 0.0472553 -0.0539695 0.00702254 
v 0.0472553 -0.0539115 0.00687156 
v 0.0472553 -0.0538381 0.00672746 
v 0.0472553 -0.05375 0.00659182 
v 0.0472553 -0.0536482 0.00646614 
v 0.0472553 -0.0535339 0.00635178 
v 0.0472553 -0.0534082 0.00625 
v 0.0472553 -0.0532725 0.00616192 
v 0.0472553 -0.0531284 0.00608849 
v 0.0472553 -0.0529775 0.00603054 
v 0.0472553 -0.0528212 0.00598868 
v 0.0472553 -0.0526615 0.00596338 
v 0.0470677 -0.0545225 0.00728742 
v 0.0470677 -0.0544892 0.00707717 
v 0.0470677 -0.0544341 0.00687156 
v 0.0470677 -0.0543579 0.00667283 
v 0.0470677 -0.0542612 0.00648316 
v 0.0470677 -0.0541453 0.00630463 
v 0.0470677 -0.0540113 0.0061392 
v 0.0470677 -0.0538608 0.00598868 
v 0.0470677 -0.0536954 0.00585472 
v 0.0470677 -0.0535168 0.00573878 
v 0.0470677 -0.0533272 0.00564214 
v 0.0470677 -0.0531284 0.00556585 
v 0.0470677 -0.0529228 0.00551076 
v 0.0470677 -0.0527126 0.00547746 
v 0.0468301 -0.0549863 0.00723868 
v 0.0468301 -0.0549454 0.00698022 
v 0.0468301 -0.0548776 0.00672746 
v 0.0468301 -0.0547839 0.00648316 
v 0.0468301 -0.0546651 0.00625 
v 0.0468301 -0.0545225 0.00603054 
v 0.0468301 -0.0543579 0.00582717 
v 0.0468301 -0.0541728 0.00564214 
v 0.0468301 -0.0539695 0.00547746 
v 0.0468301 -0.05375 0.00533494 
v 0.0468301 -0.0535168 0.00521614 
v 0.0468301 -0.0532725 0.00512236 
v 0.0468301 -0.0530198 0.00505463 
v 0.0468301 -0.0527613 0.0050137 
v 0.0465451 -0.0554228 0.0071928 
v 0.0465451 -0.0553747 0.00688896 
v 0.0465451 -0.0552951 0.00659182 
v 0.0465451 -0.0551848 0.00630463 
v 0.0465451 -0.0550452 0.00603054 
v 0.0465451 -0.0548776 0.00577254 
v 0.0465451 -0.054684 0.00553347 
v 0.0465451 -0.0544665 0.00531595 
v 0.0465451 -0.0542275 0.00512236 
v 0.0465451 -0.0539695 0.00495482 
v 0.0465451 -0.0536954 0.00481516 
v 0.0465451 -0.0534082 0.00470492 
v 0.0465451 -0.053111 0.0046253 
v 0.0465451 -0.0528072 0.00457717 
v 0.0462157 -0.0558273 0.00715028 
v 0.0462157 -0.0557725 0.0068044 
v 0.0462157 -0.0556819 0.00646614 
v 0.0462157 -0.0555564 0.0061392 
v 0.0462157 -0.0553974 0.00582717 
v 0.0462157 -0.0552067 0.00553347 
v 0.0462157 -0.0549863 0.00526132 
v 0.0462157 -0.0547387 0.0050137 
v 0.0462157 -0.0544665 0.00479331 
v 0.0462157 -0.0541728 0.00460258 
v 0.0462157 -0.0538608 0.00444359 
v 0.0462157 -0.0535339 0.00431809 
v 0.0462157 -0.0531956 0.00422746 
v 0.0462157 -0.0528497 0.00417267 
v 0.0458457 -0.0561954 0.0071116 
v 0.0458457 -0.0561345 0.00672746 
v 0.0458457 -0.0560339 0.00635178 
v 0.0458457 -0.0558945 0.00598868 
v 0.0458457 -0.0557179 0.00564214 
v 0.0458457 -0.0555061 0.00531595 
v 0.0458457 -0.0552613 0.0050137 
v 0.0458457 -0.0549863 0.00473868 
v 0.0458457 -0.054684 0.00449392 
v 0.0458457 -0.0543579 0.00428209 
v 0.0458457 -0.0540113 0.00410552 
v 0.0458457 -0.0536482 0.00396614 
v 0.0458457 -0.0532725 0.00386547 
v 0.0458457 -0.0528884 0.00380463 
v 0.0454389 -0.0565229 0.00707717 
v 0.0454389 -0.0564567 0.00665898 
v 0.0454389 -0.0563471 0.00625 
v 0.0454389 -0.0561954 0.00585472 
v 0.0454389 -0.0560031 0.00547746 
v 0.0454389 -0.0557725 0.00512236 
v 0.0454389 -0.0555061 0.00479331 
v 0.0454389 -0.0552067 0.00449392 
v 0.0454389 -0.0548776 0.00422746 
v 0.0454389 -0.0545225 0.00399685 
v 0.0454389 -0.0541453 0.00380463 
v 0.0454389 -0.05375 0.0036529 
v 0.0454389 -0.053341 0.00354331 
v 0.0454389 -0.0529228 0.00347707 
v 0.045 -0.0568064 0.00704738 
v 0.045 -0.0567355 0.00659972 
v 0.045 -0.0566182 0.00616192 
v 0.045 -0.0564558 0.00573878 
v 0.045 -0.05625 0.00533494 
v 0.045 -0.0560031 0.00495482 
v 0.045 -0.0557179 0.00460258 
v 0.045 -0.0553974 0.00428209 
v 0.045 -0.0550452 0.00399685 
v 0.045 -0.0546651 0.00375 
v 0.045 -0.0542612 0.00354423 
v 0.045 -0.0538381 0.0033818 
v 0.045 -0.0534003 0.0032645 
v 0.045 -0.0529526 0.00319359 
v 0.0445337 -0.0570427 0.00702254 
v 0.0445337 -0.0569679 0.00655032 
v 0.0445337 -0.0568442 0.00608849 
v 0.0445337 -0.0566728 0.00564214 
v 0.0445337 -0.0564558 0.00521614 
v 0.0445337 -0.0561954 0.00481516 
v 0.0445337 -0.0558945 0.00444359 
v 0.0445337 -0.0555564 0.00410552 
v 0.0445337 -0.0551848 0.00380463 
v 0.0445337 -0.0547839 0.00354423 
v 0.0445337 -0.0543579 0.00332717 
v 0.0445337 -0.0539115 0.00315583 
v 0.0445337 -0.0534497 0.00303209 
v 0.0445337 -0.0529775 0.0029573 
v 0.0440451 -0.0572292 0.00700294 
v 0.0440451 -0.0571514 0.00651132 
v 0.0440451 -0.0570225 0.00603054 
v 0.0440451 -0.0568442 0.00556585 
v 0.0440451 -0.0566182 0.00512236 
v 0.0440451 -0.0563471 0.00470492 
v 0.0440451 -0.0560339 0.00431809 
v 0.0440451 -0.0556819 0.00396614 
v 0.0440451 -0.0552951 0.0036529 
v 0.0440451 -0.0548776 0.0033818 
v 0.0440451 -0.0544341 0.00315583 
v 0.0440451 -0.0539695 0.00297746 
v 0.0440451 -0.0534887 0.00284863 
v 0.0440451 -0.0529971 0.00277077 
v 0.0435396 -0.0573639 0.00698878 
v 0.0435396 -0.0572839 0.00648316 
v 0.0435396 -0.0571514 0.00598868 
v 0.0435396 -0.0569679 0.00551076 
v 0.0435396 -0.0567355 0.00505463 
v 0.0435396 -0.0564567 0.0046253 
v 0.0435396 -0.0561345 0.00422746 
v 0.0435396 -0.0557725 0.00386547 
v 0.0435396 -0.0553747 0.00354331 
v 0.0435396 -0.0549454 0.0032645 
v 0.0435396 -0.0544892 0.00303209 
v 0.0435396 -0.0540113 0.00284863 
v 0.0435396 -0.0535168 0.00271614 
v 0.0435396 -0.0530112 0.00263605 
v 0.0430226 -0.0574454 0.00698022 
v 0.0430226 -0.0573639 0.00646614 
v 0.0430226 -0.0572292 0.00596338 
v 0.0430226 -0.0570427 0.00547746 
v 0.0430226 -0.0568064 0.0050137 
v 0.0430226 -0.0565229 0.00457717 
v 0.0430226 -0.0561954 0.00417267 
v 0.0430226 -0.0558273 0.00380463 
v 0.0430226 -0.0554228 0.00347707 
v 0.0430226 -0.0549863 0.00319359 
v 0.0430226 -0.0545225 0.0029573 
v 0.0430226 -0.0540366 0.00277077 
v 0.0430226 -0.0535339 0.00263605 
v 0.0430226 -0.0530198 0.00255463 
v 0.0475 -0.0493255 0.0237788 
v 0.0475 -0.0490726 0.0172444 
v 0.0475 -0.0493255 0.0172719 
v 0.0475 -0.04958 0.0237788 
v 0.0475 -0.0494528 0.0237754 
v 0.0475 -0.0505535 0.0170016 
v 0.0475 -0.051789 0.0258713 
v 0.0475 -0.0517478 0.0256202 
v 0.0475 -0.049833 0.0238063 
v 0.0475 -0.0509741 0.0167164 
v 0.0475 -0.0511589 0.0165414 
v 0.0475 -0.0507716 0.0168704 
v 0.0475 -0.0500815 0.0171897 
v 0.0475 -0.0503226 0.0171085 
v 0.0475 -0.04958 0.0172719 
v 0.0475 -0.049833 0.0172444 
v 0.0475 -0.0500815 0.023861 
v 0.0475 -0.0485829 0.0171085 
v 0.0475 -0.0485829 0.0239423 
v 0.0475 -0.048352 0.0240491 
v 0.0475 -0.0490726 0.0238063 
v 0.0475 -0.0488241 0.023861 
v 0.0475 -0.0488241 0.0171897 
v 0.0475 -0.0516797 0.025375 
v 0.0475 -0.0518028 0.0261254 
v 0.0475 -0.04958 0.0125788 
v 0.0475 -0.0494528 0.0125754 
v 0.0475 -0.0513236 0.0163475 
v 0.0475 -0.051789 0.0263794 
v 0.0475 -0.0515856 0.0271121 
v 0.0475 -0.0516797 0.0268757 
v 0.0475 -0.0507716 0.0280704 
v 0.0475 -0.0509741 0.0279164 
v 0.0475 -0.048134 0.0241803 
v 0.0475 -0.048134 0.0168704 
v 0.0475 -0.048352 0.0170016 
v 0.0475 -0.0511589 0.0245093 
v 0.0475 -0.0509741 0.0243343 
v 0.0475 -0.0493255 0.0125788 
v 0.0475 -0.049833 0.0126063 
v 0.0475 -0.0517478 0.0266305 
v 0.0475 -0.0513236 0.0275475 
v 0.0475 -0.0514664 0.0273369 
v 0.0475 -0.0511589 0.0277414 
v 0.0475 -0.0500815 0.0283897 
v 0.0475 -0.0503226 0.0283085 
v 0.0475 -0.0485829 0.0283085 
v 0.0475 -0.0488241 0.0283897 
v 0.0475 -0.048134 0.0280704 
v 0.0475 -0.048352 0.0282016 
v 0.0475 -0.0477467 0.0277414 
v 0.0475 -0.0479314 0.0279164 
v 0.0475 -0.0479314 0.0243343 
v 0.0475 -0.0477467 0.0245093 
v 0.0475 -0.0477467 0.0165414 
v 0.0475 -0.0479314 0.0167164 
v 0.0475 -0.0505535 0.0240491 
v 0.0475 -0.0503226 0.0239423 
v 0.0475 -0.0513236 0.0247032 
v 0.0475 -0.051789 0.0151794 
v 0.0475 -0.0518028 0.0149254 
v 0.0475 -0.0517478 0.0154305 
v 0.0475 -0.0514664 0.0161369 
v 0.0475 -0.0505535 0.0282016 
v 0.0475 -0.0475819 0.0275475 
v 0.0475 -0.0471577 0.0266305 
v 0.0475 -0.0472258 0.0268757 
v 0.0475 -0.0475819 0.0163475 
v 0.0475 -0.0475819 0.0247032 
v 0.0475 -0.0474391 0.0249138 
v 0.0475 -0.0507716 0.0241803 
v 0.0475 -0.0514664 0.0249138 
v 0.0475 -0.0490726 0.0126063 
v 0.0475 -0.0517478 0.0144202 
v 0.0475 -0.0516797 0.014175 
v 0.0475 -0.0515856 0.0159121 
v 0.0475 -0.0516797 0.0156757 
v 0.0475 -0.04732 0.0271121 
v 0.0475 -0.0474391 0.0273369 
v 0.0475 -0.0471165 0.0263794 
v 0.0475 -0.0471165 0.0258713 
v 0.0475 -0.0471028 0.0261254 
v 0.0475 -0.04732 0.0159121 
v 0.0475 -0.0471577 0.0256202 
v 0.0475 -0.04732 0.0251386 
v 0.0475 -0.0472258 0.025375 
v 0.0475 -0.0515856 0.0251386 
v 0.0475 -0.0471028 0.0149254 
v 0.0475 -0.0471165 0.0151794 
v 0.0475 -0.0488241 0.012661 
v 0.0475 -0.0485829 0.0127423 
v 0.0475 -0.0500815 0.012661 
v 0.0475 -0.0505535 0.0128491 
v 0.0475 -0.0503226 0.0127423 
v 0.0475 -0.0509741 0.0131343 
v 0.0475 -0.0507716 0.0129803 
v 0.0475 -0.0513236 0.0135032 
v 0.0475 -0.0511589 0.0133093 
v 0.0475 -0.051789 0.0146713 
v 0.0475 -0.04958 0.0284719 
v 0.0475 -0.049833 0.0284444 
v 0.0475 -0.0490726 0.0284444 
v 0.0475 -0.0493255 0.0284719 
v 0.0475 -0.0471165 0.0146713 
v 0.0475 -0.048352 0.0128491 
v 0.0475 -0.0474391 0.0161369 
v 0.0475 -0.0471577 0.0154305 
v 0.0475 -0.0472258 0.0156757 
v 0.0475 -0.04732 0.0139386 
v 0.0475 -0.0472258 0.014175 
v 0.0475 -0.0479314 0.0131343 
v 0.0475 -0.0477467 0.0133093 
v 0.0475 -0.048134 0.0129803 
v 0.0475 -0.0515856 0.0139386 
v 0.0475 -0.0514664 0.0137138 
v 0.0475 -0.0471577 0.0144202 
v 0.0475 -0.0475819 0.0135032 
v 0.0475 -0.0474391 0.0137138 
v 0.05 -0.0518028 0.0261254 
v 0.05 -0.051789 0.0258713 
v 0.05 -0.0517478 0.0256202 
v 0.05 -0.0516797 0.025375 
v 0.05 -0.0515856 0.0251386 
v 0.05 -0.0514664 0.0249138 
v 0.05 -0.0513236 0.0247032 
v 0.05 -0.0511589 0.0245093 
v 0.05 -0.0509741 0.0243343 
v 0.05 -0.0507716 0.0241803 
v 0.05 -0.0505535 0.0240491 
v 0.05 -0.0503226 0.0239423 
v 0.05 -0.0500815 0.023861 
v 0.05 -0.049833 0.0238063 
v 0.05 -0.04958 0.0237788 
v 0.05 -0.0493255 0.0237788 
v 0.05 -0.0490726 0.0238063 
v 0.05 -0.0488241 0.023861 
v 0.05 -0.0485829 0.0239423 
v 0.05 -0.048352 0.0240491 
v 0.05 -0.048134 0.0241803 
v 0.05 -0.0479314 0.0243343 
v 0.05 -0.0477467 0.0245093 
v 0.05 -0.0475819 0.0247032 
v 0.05 -0.0474391 0.0249138 
v 0.05 -0.04732 0.0251386 
v 0.05 -0.0472258 0.025375 
v 0.05 -0.0471577 0.0256202 
v 0.05 -0.0471165 0.0258713 
v 0.05 -0.0471028 0.0261254 
v 0.05 -0.0471165 0.0263794 
v 0.05 -0.0471577 0.0266305 
v 0.05 -0.0472258 0.0268757 
v 0.05 -0.04732 0.0271121 
v 0.05 -0.0474391 0.0273369 
v 0.05 -0.0475819 0.0275475 
v 0.05 -0.0477467 0.0277414 
v 0.05 -0.0479314 0.0279164 
v 0.05 -0.048134 0.0280704 
v 0.05 -0.048352 0.0282016 
v 0.05 -0.0485829 0.0283085 
v 0.05 -0.0488241 0.0283897 
v 0.05 -0.0490726 0.0284444 
v 0.05 -0.0493255 0.0284719 
v 0.05 -0.04958 0.0284719 
v 0.05 -0.049833 0.0284444 
v 0.05 -0.0500815 0.0283897 
v 0.05 -0.0503226 0.0283085 
v 0.05 -0.0505535 0.0282016 
v 0.05 -0.0507716 0.0280704 
v 0.05 -0.0509741 0.0279164 
v 0.05 -0.0511589 0.0277414 
v 0.05 -0.0513236 0.0275475 
v 0.05 -0.0514664 0.0273369 
v 0.05 -0.0515856 0.0271121 
v 0.05 -0.0516797 0.0268757 
v 0.05 -0.0517478 0.0266305 
v 0.05 -0.051789 0.0263794 
v 0.05 -0.0518028 0.0149254 
v 0.05 -0.051789 0.0146713 
v 0.05 -0.0517478 0.0144202 
v 0.05 -0.0516797 0.014175 
v 0.05 -0.0515856 0.0139386 
v 0.05 -0.0514664 0.0137138 
v 0.05 -0.0513236 0.0135032 
v 0.05 -0.0511589 0.0133093 
v 0.05 -0.0509741 0.0131343 
v 0.05 -0.0507716 0.0129803 
v 0.05 -0.0505535 0.0128491 
v 0.05 -0.0503226 0.0127423 
v 0.05 -0.0500815 0.012661 
v 0.05 -0.049833 0.0126063 
v 0.05 -0.04958 0.0125788 
v 0.05 -0.0493255 0.0125788 
v 0.05 -0.0490726 0.0126063 
v 0.05 -0.0488241 0.012661 
v 0.05 -0.0485829 0.0127423 
v 0.05 -0.048352 0.0128491 
v 0.05 -0.048134 0.0129803 
v 0.05 -0.0479314 0.0131343 
v 0.05 -0.0477467 0.0133093 
v 0.05 -0.0475819 0.0135032 
v 0.05 -0.0474391 0.0137138 
v 0.05 -0.04732 0.0139386 
v 0.05 -0.0472258 0.014175 
v 0.05 -0.0471577 0.0144202 
v 0.05 -0.0471165 0.0146713 
v 0.05 -0.0471028 0.0149254 
v 0.05 -0.0471165 0.0151794 
v 0.05 -0.0471577 0.0154305 
v 0.05 -0.0472258 0.0156757 
v 0.05 -0.04732 0.0159121 
v 0.05 -0.0474391 0.0161369 
v 0.05 -0.0475819 0.0163475 
v 0.05 -0.0477467 0.0165414 
v 0.05 -0.0479314 0.0167164 
v 0.05 -0.048134 0.0168704 
v 0.05 -0.0483288 0.0169877 
v 0.05 -0.048352 0.0170016 
v 0.05 -0.0485829 0.0171085 
v 0.05 -0.0488241 0.0171897 
v 0.05 -0.0490726 0.0172444 
v 0.05 -0.0493255 0.0172719 
v 0.05 -0.04958 0.0172719 
v 0.05 -0.049833 0.0172444 
v 0.05 -0.0500815 0.0171897 
v 0.05 -0.0503226 0.0171085 
v 0.05 -0.0505767 0.0169877 
v 0.05 -0.0505535 0.0170016 
v 0.05 -0.0507716 0.0168704 
v 0.05 -0.0509741 0.0167164 
v 0.05 -0.0511589 0.0165414 
v 0.05 -0.0513236 0.0163475 
v 0.05 -0.0514664 0.0161369 
v 0.05 -0.0515856 0.0159121 
v 0.05 -0.0516797 0.0156757 
v 0.05 -0.0517478 0.0154305 
v 0.05 -0.051789 0.0151794 
v 0.019 0.06 0 
v 0.019 0.06 0.0025 
v 0.0425 0.06 0.0025 
v -0.019 0.06 0.0025 
v -0.019 0.06 0 
v -0.045 0.06 0 
v 0.05 0.06 0 
v 0.0440451 0.06 0.00274472 
v 0.0445337 0.06 0.00293227 
v 0.0435396 0.06 0.00260926 
v 0.045 0.06 0.00316987 
v 0.0430226 0.06 0.00252739 
v 0.0468301 0.06 0.005 
v 0.0470677 0.06 0.00546632 
v 0.0462157 0.06 0.00415435 
v 0.0465451 0.06 0.00456107 
v 0.0454389 0.06 0.00345492 
v 0.0458457 0.06 0.00378428 
v 0.0475 0.06 0.02 
v 0.05 0.06 0.0169877 
v 0.05 0.06 0.0122877 
v 0.05 0.06 0.02 
v 0.0474726 0.06 0.00697736 
v 0.0475 0.06 0.0075 
v 0.0472553 0.06 0.00595492 
v 0.0473907 0.06 0.00646044 
v 0.0475 0.045 0.02 
v 0.05 0.045 0.02 
v 0.05 0.0526131 0.02 
v 0.0475 0.045 0.0075 
v 0.05 0.045 0.0122877 
v 0.05 0.045 0.0169877 
v 0.05 0.045 0.0075 
v 0.0474931 0.0449931 0.00723832 
v 0.05 0.0449726 0.00697736 
v 0.05 0.0448907 0.00646044 
v 0.0474726 0.0449726 0.00697736 
v 0.0474384 0.0449384 0.00671783 
v 0.05 0.0447553 0.00595492 
v 0.0473907 0.0448907 0.00646044 
v 0.0473296 0.0448296 0.0062059 
v 0.05 0.0445677 0.00546632 
v 0.0472553 0.0447553 0.00595492 
v 0.0471679 0.0446679 0.00570816 
v 0.05 0.0443301 0.005 
v 0.0470677 0.0445677 0.00546632 
v 0.046955 0.044455 0.00523005 
v 0.05 0.0440451 0.00456107 
v 0.0468301 0.0443301 0.005 
v 0.0466934 0.0441934 0.0047768 
v 0.05 0.0437157 0.00415435 
v 0.0465451 0.0440451 0.00456107 
v 0.05 0.0433457 0.00378428 
v 0.0462157 0.0437157 0.00415435 
v 0.05 0.0429389 0.00345492 
v 0.0458457 0.0433457 0.00378428 
v 0.05 0.0425 0.00316987 
v 0.0454389 0.0429389 0.00345492 
v 0.05 0.0420337 0.00293227 
v 0.045 0.0425 0.00316987 
v 0.05 0.0415451 0.00274472 
v 0.0445337 0.0420337 0.00293227 
v 0.05 0.0410396 0.00260926 
v 0.0440451 0.0415451 0.00274472 
v 0.05 0.0405226 0.00252739 
v 0.0435396 0.0410396 0.00260926 
v 0.05 0.04 0.0025 
v 0.0430226 0.0405226 0.00252739 
v 0.0425 0.04 0.0025 
v 0.0475 0.0562359 0.0120034 
v 0.0475 0.0563631 0.012 
v 0.0475 0.0564904 0.0120034 
v 0.0475 0.0487359 0.0120034 
v 0.0475 0.0488631 0.012 
v 0.0475 0.055983 0.012031 
v 0.0475 0.0489904 0.0120034 
v 0.0475 0.0557345 0.0120857 
v 0.0475 0.0552624 0.0122737 
v 0.0475 0.0554933 0.0121669 
v 0.0475 0.0509959 0.0133633 
v 0.0475 0.0550444 0.0124049 
v 0.0475 0.0542303 0.0133633 
v 0.0475 0.0543495 0.0131384 
v 0.0475 0.0511582 0.0148552 
v 0.0475 0.0541362 0.0151004 
v 0.0475 0.0540681 0.0148552 
v 0.0475 0.0540269 0.0146041 
v 0.0475 0.0540131 0.01435 
v 0.0475 0.0512131 0.01435 
v 0.0475 0.0540269 0.0140959 
v 0.0475 0.0511994 0.0140959 
v 0.0475 0.048483 0.012031 
v 0.0475 0.0578845 0.0125589 
v 0.0475 0.0580692 0.0127339 
v 0.0475 0.0569918 0.0120857 
v 0.0475 0.057233 0.0121669 
v 0.0475 0.0567433 0.012031 
v 0.0475 0.0546571 0.0127339 
v 0.0475 0.0548418 0.0125589 
v 0.0475 0.0544923 0.0129278 
v 0.0475 0.0542303 0.0153367 
v 0.0475 0.0510901 0.0151004 
v 0.0475 0.0554933 0.0165331 
v 0.0475 0.0552624 0.0164263 
v 0.0475 0.0492433 0.012031 
v 0.0475 0.0482345 0.0120857 
v 0.0475 0.0477624 0.0122737 
v 0.0475 0.0479933 0.0121669 
v 0.0475 0.0467303 0.0133633 
v 0.0475 0.0468495 0.0131384 
v 0.0475 0.0494918 0.0166143 
v 0.0475 0.0492433 0.016669 
v 0.0475 0.0576819 0.0124049 
v 0.0475 0.0574639 0.0122737 
v 0.0475 0.0540681 0.0138448 
v 0.0475 0.0510901 0.0135996 
v 0.0475 0.0511582 0.0138448 
v 0.0475 0.0511994 0.0146041 
v 0.0475 0.0557345 0.0166143 
v 0.0475 0.0562359 0.0166966 
v 0.0475 0.055983 0.016669 
v 0.0475 0.0503845 0.0125589 
v 0.0475 0.0505692 0.0127339 
v 0.0475 0.0494918 0.0120857 
v 0.0475 0.049733 0.0121669 
v 0.0475 0.0475444 0.0124049 
v 0.0475 0.0471571 0.0127339 
v 0.0475 0.0473418 0.0125589 
v 0.0475 0.0469923 0.0129278 
v 0.0475 0.0541362 0.0135996 
v 0.0475 0.0509959 0.0153367 
v 0.0475 0.0548418 0.0161411 
v 0.0475 0.0546571 0.0159661 
v 0.0475 0.0550444 0.0162951 
v 0.0475 0.0501819 0.0124049 
v 0.0475 0.0499639 0.0122737 
v 0.0475 0.0465131 0.01435 
v 0.0475 0.0467303 0.0153367 
v 0.0475 0.0466362 0.0151004 
v 0.0475 0.0482345 0.0166143 
v 0.0475 0.0479933 0.0165331 
v 0.0475 0.0487359 0.0166966 
v 0.0475 0.048483 0.016669 
v 0.0475 0.0569918 0.0166143 
v 0.0475 0.0567433 0.016669 
v 0.0475 0.049733 0.0165331 
v 0.0475 0.0501819 0.0162951 
v 0.0475 0.0499639 0.0164263 
v 0.0475 0.0505692 0.0159661 
v 0.0475 0.0503845 0.0161411 
v 0.0475 0.058234 0.0129278 
v 0.0475 0.0583768 0.0131384 
v 0.0475 0.0564904 0.0166966 
v 0.0475 0.0465681 0.0138448 
v 0.0475 0.0466362 0.0135996 
v 0.0475 0.0465269 0.0146041 
v 0.0475 0.0465681 0.0148552 
v 0.0475 0.0473418 0.0161411 
v 0.0475 0.0471571 0.0159661 
v 0.0475 0.0477624 0.0164263 
v 0.0475 0.0475444 0.0162951 
v 0.0475 0.057233 0.0165331 
v 0.0475 0.0576819 0.0162951 
v 0.0475 0.0574639 0.0164263 
v 0.0475 0.0580692 0.0159661 
v 0.0475 0.0578845 0.0161411 
v 0.0475 0.0586582 0.0148552 
v 0.0475 0.0585901 0.0151004 
v 0.0475 0.0586994 0.0140959 
v 0.0475 0.0587131 0.01435 
v 0.0475 0.050734 0.0157722 
v 0.0475 0.0544923 0.0157722 
v 0.0475 0.0543495 0.0155616 
v 0.0475 0.050734 0.0129278 
v 0.0475 0.0508768 0.0131384 
v 0.0475 0.0465269 0.0140959 
v 0.0475 0.0489904 0.0166966 
v 0.0475 0.058234 0.0157722 
v 0.0475 0.0586994 0.0146041 
v 0.0475 0.0584959 0.0133633 
v 0.0475 0.0585901 0.0135996 
v 0.0475 0.0508768 0.0155616 
v 0.0475 0.0469923 0.0157722 
v 0.0475 0.0468495 0.0155616 
v 0.0475 0.0584959 0.0153367 
v 0.0475 0.0583768 0.0155616 
v 0.0475 0.0586582 0.0138448 
v 0.05 0.0465131 0.01435 
v 0.05 0.0465269 0.0140959 
v 0.05 0.0465681 0.0138448 
v 0.05 0.0466362 0.0135996 
v 0.05 0.0467303 0.0133633 
v 0.05 0.0468495 0.0131384 
v 0.05 0.0469923 0.0129278 
v 0.05 0.0471571 0.0127339 
v 0.05 0.0473418 0.0125589 
v 0.05 0.0475444 0.0124049 
v 0.05 0.0477392 0.0122877 
v 0.05 0.0477624 0.0122737 
v 0.05 0.0479933 0.0121669 
v 0.05 0.0482345 0.0120857 
v 0.05 0.048483 0.012031 
v 0.05 0.0487359 0.0120034 
v 0.05 0.0489904 0.0120034 
v 0.05 0.0492433 0.012031 
v 0.05 0.0494918 0.0120857 
v 0.05 0.049733 0.0121669 
v 0.05 0.0499871 0.0122877 
v 0.05 0.0499639 0.0122737 
v 0.05 0.0501819 0.0124049 
v 0.05 0.0503845 0.0125589 
v 0.05 0.0505692 0.0127339 
v 0.05 0.050734 0.0129278 
v 0.05 0.0508768 0.0131384 
v 0.05 0.0509959 0.0133633 
v 0.05 0.0510901 0.0135996 
v 0.05 0.0511582 0.0138448 
v 0.05 0.0511994 0.0140959 
v 0.05 0.0512131 0.01435 
v 0.05 0.0511994 0.0146041 
v 0.05 0.0511582 0.0148552 
v 0.05 0.0510901 0.0151004 
v 0.05 0.0509959 0.0153367 
v 0.05 0.0508768 0.0155616 
v 0.05 0.050734 0.0157722 
v 0.05 0.0505692 0.0159661 
v 0.05 0.0503845 0.0161411 
v 0.05 0.0501819 0.0162951 
v 0.05 0.0499639 0.0164263 
v 0.05 0.049733 0.0165331 
v 0.05 0.0494918 0.0166143 
v 0.05 0.0492433 0.016669 
v 0.05 0.0489904 0.0166966 
v 0.05 0.0487359 0.0166966 
v 0.05 0.048483 0.016669 
v 0.05 0.0482345 0.0166143 
v 0.05 0.0479933 0.0165331 
v 0.05 0.0477624 0.0164263 
v 0.05 0.0475444 0.0162951 
v 0.05 0.0473418 0.0161411 
v 0.05 0.0471571 0.0159661 
v 0.05 0.0469923 0.0157722 
v 0.05 0.0468495 0.0155616 
v 0.05 0.0467303 0.0153367 
v 0.05 0.0466362 0.0151004 
v 0.05 0.0465681 0.0148552 
v 0.05 0.0465269 0.0146041 
v 0.05 0.0540131 0.01435 
v 0.05 0.0540269 0.0140959 
v 0.05 0.0540681 0.0138448 
v 0.05 0.0541362 0.0135996 
v 0.05 0.0542303 0.0133633 
v 0.05 0.0543495 0.0131384 
v 0.05 0.0544923 0.0129278 
v 0.05 0.0546571 0.0127339 
v 0.05 0.0548418 0.0125589 
v 0.05 0.0550444 0.0124049 
v 0.05 0.0552392 0.0122877 
v 0.05 0.0552624 0.0122737 
v 0.05 0.0554933 0.0121669 
v 0.05 0.0557345 0.0120857 
v 0.05 0.055983 0.012031 
v 0.05 0.0562359 0.0120034 
v 0.05 0.0564904 0.0120034 
v 0.05 0.0567433 0.012031 
v 0.05 0.0569918 0.0120857 
v 0.05 0.057233 0.0121669 
v 0.05 0.0574871 0.0122877 
v 0.05 0.0574639 0.0122737 
v 0.05 0.0576819 0.0124049 
v 0.05 0.0578845 0.0125589 
v 0.05 0.0580692 0.0127339 
v 0.05 0.058234 0.0129278 
v 0.05 0.0583768 0.0131384 
v 0.05 0.0584959 0.0133633 
v 0.05 0.0585901 0.0135996 
v 0.05 0.0586582 0.0138448 
v 0.05 0.0586994 0.0140959 
v 0.05 0.0587131 0.01435 
v 0.05 0.0586994 0.0146041 
v 0.05 0.0586582 0.0148552 
v 0.05 0.0585901 0.0151004 
v 0.05 0.0584959 0.0153367 
v 0.05 0.0583768 0.0155616 
v 0.05 0.058234 0.0157722 
v 0.05 0.0580692 0.0159661 
v 0.05 0.0578845 0.0161411 
v 0.05 0.0576819 0.0162951 
v 0.05 0.0574639 0.0164263 
v 0.05 0.057233 0.0165331 
v 0.05 0.0569918 0.0166143 
v 0.05 0.0567433 0.016669 
v 0.05 0.0564904 0.0166966 
v 0.05 0.0562359 0.0166966 
v 0.05 0.055983 0.016669 
v 0.05 0.0557345 0.0166143 
v 0.05 0.0554933 0.0165331 
v 0.05 0.0552624 0.0164263 
v 0.05 0.0550444 0.0162951 
v 0.05 0.0548418 0.0161411 
v 0.05 0.0546571 0.0159661 
v 0.05 0.0544923 0.0157722 
v 0.05 0.0543495 0.0155616 
v 0.05 0.0542303 0.0153367 
v 0.05 0.0541362 0.0151004 
v 0.05 0.0540681 0.0148552 
v 0.05 0.0540269 0.0146041 
v 0.00142148 0.0465736 0 
v 0.00136136 0.0467245 0 
v 0.00149121 0.0462569 0 
v 0.00146493 0.0464171 0 
v 0.0015 0.0460947 0 
v -0.00142148 0.0465736 0 
v -0.00146493 0.0464171 0 
v 0.00149121 0.0459325 0 
v 0.00142148 0.0456157 0 
v 0.00146493 0.0457722 0 
v -0.00142148 0.0456157 0 
v -0.00136136 0.0454648 0 
v -0.00149121 0.0462569 0 
v -0.00136136 0.0467245 0 
v 0.00119414 0.0470024 0 
v 0.00108899 0.0471262 0 
v 0.00136136 0.0454648 0 
v -0.00146493 0.0457722 0 
v -0.0015 0.0460947 0 
v -0.00149121 0.0459325 0 
v -0.00119414 0.0470024 0 
v -0.00128529 0.046868 0 
v -0.000841781 0.0473362 0 
v -0.000971079 0.0472379 0 
v -0.000555207 0.0474881 0 
v -0.000702613 0.0474199 0 
v 0.00128529 0.046868 0 
v 0.000841781 0.0448531 0 
v 0.000971079 0.0449514 0 
v -0.000971079 0.0449514 0 
v -0.000841781 0.0448531 0 
v -0.00119414 0.0451869 0 
v -0.00108899 0.0450631 0 
v -0.00108899 0.0471262 0 
v -0.000401293 0.04754 0 
v -8.12084e-05 0.0475925 0 
v -0.000242673 0.0475749 0 
v 0.000971079 0.0472379 0 
v 0.000841781 0.0473362 0 
v 0.00119414 0.0451869 0 
v 0.00128529 0.0453213 0 
v 0.00108899 0.0450631 0 
v -0.000401293 0.0446494 0 
v -0.000242673 0.0446144 0 
v -0.000702613 0.0447694 0 
v -0.000555207 0.0447012 0 
v -0.00128529 0.0453213 0 
v 0.000401293 0.04754 0 
v 0.000242673 0.0475749 0 
v 0.000702613 0.0474199 0 
v 0.000555207 0.0474881 0 
v 8.12084e-05 0.0445969 0 
v 0.000242673 0.0446144 0 
v 8.12084e-05 0.0475925 0 
v 0.000555207 0.0447012 0 
v 0.000702613 0.0447694 0 
v 0.000401293 0.0446494 0 
v -8.12084e-05 0.0445969 0 
v 0.05 0.0526131 0 
v 0.00149121 0.0272569 0 
v 0.00146493 0.0274171 0 
v 0.00136136 0.0277245 0 
v 0.00128529 0.027868 0 
v 0.00142148 0.0275736 0 
v 0.00149121 0.0269325 0 
v 0.00108899 0.0281262 0 
v 0.000971079 0.0282379 0 
v 0.0015 0.0270947 0 
v 0.00142148 0.0266157 0 
v 0.00146493 0.0267722 0 
v -0.00142148 0.0275736 0 
v -0.00146493 0.0274171 0 
v 0.000841781 0.0283362 0 
v 0.00136136 0.0264648 0 
v -0.00136136 0.0277245 0 
v -0.00119414 0.0280024 0 
v -0.00128529 0.027868 0 
v -0.000841781 0.0283362 0 
v -0.000971079 0.0282379 0 
v 0.00119414 0.0280024 0 
v -0.00142148 0.0266157 0 
v -0.00136136 0.0264648 0 
v -0.0015 0.0270947 0 
v -0.00149121 0.0269325 0 
v -0.000702613 0.0284199 0 
v 0.00119414 0.0261869 0 
v 0.00128529 0.0263213 0 
v -0.00108899 0.0260631 0 
v -0.000971079 0.0259514 0 
v -0.00146493 0.0267722 0 
v -0.00149121 0.0272569 0 
v -0.00108899 0.0281262 0 
v -0.000242673 0.0285749 0 
v -0.000401293 0.02854 0 
v 0.000555207 0.0284881 0 
v 0.000401293 0.02854 0 
v 0.000971079 0.0259514 0 
v 0.00108899 0.0260631 0 
v 0.000242673 0.0256144 0 
v 0.000401293 0.0256494 0 
v -0.00119414 0.0261869 0 
v -0.000555207 0.0284881 0 
v 8.12084e-05 0.0285925 0 
v -8.12084e-05 0.0285925 0 
v 0.000242673 0.0285749 0 
v 0.000702613 0.0284199 0 
v 0.000702613 0.0257694 0 
v 0.000841781 0.0258531 0 
v 0.000555207 0.0257012 0 
v -0.000555207 0.0257012 0 
v -0.000401293 0.0256494 0 
v -0.000841781 0.0258531 0 
v -0.00128529 0.0263213 0 
v -8.12084e-05 0.0255969 0 
v 8.12084e-05 0.0255969 0 
v -0.000242673 0.0256144 0 
v -0.000702613 0.0257694 0 
v 0.05 0.0365947 0 
v 0.05 0.0245552 0 
v -0.0390697 -0.000203854 0 
v -0.0392321 -0.000301544 0 
v -0.0383447 -2.56653e-06 0 
v -0.0385331 -2.30536e-05 0 
v -0.0377818 -6.37875e-05 0 
v -0.0388977 -0.000124291 0 
v -0.0381553 -2.56653e-06 0 
v -0.0379669 -2.30536e-05 0 
v -0.0379669 -0.00347695 0 
v -0.0383447 -0.00349743 0 
v -0.0381553 -0.00349743 0 
v -0.0387182 -6.37875e-05 0 
v -0.0374303 -0.000203854 0 
v -0.0376023 -0.000124291 0 
v -0.0371171 -0.000416216 0 
v -0.0372679 -0.000301544 0 
v -0.0371171 -0.00308378 0 
v -0.0369795 -0.00295347 0 
v -0.0374303 -0.00329615 0 
v -0.0372679 -0.00319846 0 
v -0.0377818 -0.00343621 0 
v -0.0385331 -0.00347695 0 
v -0.0393829 -0.00308378 0 
v -0.0392321 -0.00319846 0 
v -0.0376023 -0.00337571 0 
v -0.0387182 -0.00343621 0 
v -0.0390697 -0.00329615 0 
v -0.0393829 -0.000416216 0 
v -0.0395205 -0.000546526 0 
v -0.0388977 -0.00337571 0 
v -0.0395205 -0.00295347 0 
v -0.0396432 -0.000690945 0 
v -0.0397495 -0.000847781 0 
v -0.0368568 -0.000690945 0 
v -0.0369795 -0.000546526 0 
v -0.0366617 -0.00101519 0 
v -0.0367505 -0.000847781 0 
v -0.0365409 -0.0021262 0 
v -0.0365103 -0.00193921 0 
v -0.0396432 -0.00280905 0 
v -0.0365916 -0.00230878 0 
v -0.0368568 -0.00280905 0 
v -0.0367505 -0.00265222 0 
v -0.0398383 -0.00101519 0 
v -0.0399084 -0.00119122 0 
v -0.0398383 -0.00248481 0 
v -0.0397495 -0.00265222 0 
v -0.0365409 -0.0013738 0 
v -0.0365916 -0.00119122 0 
v -0.0366617 -0.00248481 0 
v -0.0399591 -0.0013738 0 
v -0.0399897 -0.00156079 0 
v -0.0399591 -0.0021262 0 
v -0.0399084 -0.00230878 0 
v -0.04 -0.00175 0 
v -0.0399897 -0.00193921 0 
v -0.0365 -0.00175 0 
v -0.0365103 -0.00156079 0 
v 0.05 0.0127973 0 
v 0.0381553 -2.56653e-06 0 
v 0.0379669 -2.30536e-05 0 
v 0.0374303 -0.000203854 0 
v 0.0372679 -0.000301544 0 
v 0.0376023 -0.000124291 0 
v 0.0383447 -2.56653e-06 0 
v 0.0387182 -6.37875e-05 0 
v 0.0385331 -2.30536e-05 0 
v 0.05 -0.025 0 
v 0.0381553 -0.00349743 0 
v 0.0383447 -0.00349743 0 
v 0.0379669 -0.00347695 0 
v 0.0377818 -6.37875e-05 0 
v 0.0390697 -0.000203854 0 
v 0.0388977 -0.000124291 0 
v 0.0393829 -0.000416216 0 
v 0.0392321 -0.000301544 0 
v 0.05 -0.0246028 0 
v 0.0393829 -0.00308378 0 
v 0.0395205 -0.00295347 0 
v 0.0390697 -0.00329615 0 
v 0.0392321 -0.00319846 0 
v 0.0388977 -0.00337571 0 
v 0.0385331 -0.00347695 0 
v 0.0387182 -0.00343621 0 
v 0.0371171 -0.00308378 0 
v 0.0372679 -0.00319846 0 
v 0.0377818 -0.00343621 0 
v 0.0374303 -0.00329615 0 
v 0.0371171 -0.000416216 0 
v 0.0369795 -0.000546526 0 
v 0.0376023 -0.00337571 0 
v 0.0369795 -0.00295347 0 
v 0.0368568 -0.000690945 0 
v 0.0367505 -0.000847781 0 
v 0.0396432 -0.000690945 0 
v 0.0395205 -0.000546526 0 
v 0.0398383 -0.00101519 0 
v 0.0397495 -0.000847781 0 
v 0.0368568 -0.00280905 0 
v 0.0399897 -0.00193921 0 
v 0.0399084 -0.00230878 0 
v 0.0399591 -0.0021262 0 
v 0.0396432 -0.00280905 0 
v 0.0397495 -0.00265222 0 
v 0.0366617 -0.00101519 0 
v 0.0365916 -0.00119122 0 
v 0.0366617 -0.00248481 0 
v 0.0367505 -0.00265222 0 
v 0.0399591 -0.0013738 0 
v 0.0399084 -0.00119122 0 
v 0.0398383 -0.00248481 0 
v 0.0365409 -0.0013738 0 
v 0.0365103 -0.00156079 0 
v 0.0365409 -0.0021262 0 
v 0.0365916 -0.00230878 0 
v 0.0365103 -0.00193921 0 
v 0.04 -0.00175 0 
v 0.0399897 -0.00156079 0 
v 0.0365 -0.00175 0 
v -0.0379669 -0.0499769 0 
v -0.0383447 -0.0499974 0 
v -0.0381553 -0.0499974 0 
v -0.0393829 -0.0469162 0 
v -0.0395205 -0.0470465 0 
v -0.0381553 -0.0465026 0 
v -0.0383447 -0.0465026 0 
v -0.0377818 -0.0499362 0 
v -0.0385331 -0.0499769 0 
v -0.0396432 -0.0493091 0 
v -0.0395205 -0.0494535 0 
v -0.0398383 -0.0475152 0 
v -0.0399084 -0.0476912 0 
v -0.0396432 -0.0471909 0 
v -0.0397495 -0.0473478 0 
v -0.0392321 -0.0468015 0 
v -0.0388977 -0.0466243 0 
v -0.0390697 -0.0467039 0 
v -0.0385331 -0.0465231 0 
v -0.0387182 -0.0465638 0 
v -0.0379669 -0.0465231 0 
v -0.0377818 -0.0465638 0 
v -0.0368568 -0.0471909 0 
v -0.0369795 -0.0470465 0 
v -0.0365409 -0.0478738 0 
v -0.0372679 -0.0496985 0 
v -0.0371171 -0.0495838 0 
v -0.0376023 -0.0498757 0 
v -0.0374303 -0.0497961 0 
v -0.0388977 -0.0498757 0 
v -0.0387182 -0.0499362 0 
v -0.0392321 -0.0496985 0 
v -0.0390697 -0.0497961 0 
v -0.0393829 -0.0495838 0 
v -0.0398383 -0.0489848 0 
v -0.0397495 -0.0491522 0 
v -0.0399591 -0.0486262 0 
v -0.0399084 -0.0488088 0 
v -0.0376023 -0.0466243 0 
v -0.0372679 -0.0468015 0 
v -0.0374303 -0.0467039 0 
v -0.0371171 -0.0469162 0 
v -0.0366617 -0.0475152 0 
v -0.0367505 -0.0473478 0 
v -0.0365916 -0.0476912 0 
v -0.0368568 -0.0493091 0 
v -0.0367505 -0.0491522 0 
v -0.0366617 -0.0489848 0 
v -0.0365916 -0.0488088 0 
v -0.0369795 -0.0494535 0 
v -0.0399591 -0.0478738 0 
v -0.0399897 -0.0480608 0 
v -0.0365409 -0.0486262 0 
v -0.0365103 -0.0484392 0 
v -0.0365 -0.04825 0 
v -0.0365103 -0.0480608 0 
v -0.04 -0.04825 0 
v -0.0399897 -0.0484392 0 
v 0.0381553 -0.0465026 0 
v 0.0379669 -0.0465231 0 
v 0.05 -0.055 0 
v 0.0381553 -0.0499974 0 
v 0.0383447 -0.0499974 0 
v 0.0379669 -0.0499769 0 
v 0.0365916 -0.0476912 0 
v 0.0365409 -0.0478738 0 
v 0.0371171 -0.0469162 0 
v 0.0369795 -0.0470465 0 
v 0.0383447 -0.0465026 0 
v 0.0385331 -0.0499769 0 
v 0.0387182 -0.0499362 0 
v 0.0368568 -0.0493091 0 
v 0.0369795 -0.0494535 0 
v 0.0366617 -0.0475152 0 
v 0.0368568 -0.0471909 0 
v 0.0367505 -0.0473478 0 
v 0.0372679 -0.0468015 0 
v 0.0376023 -0.0466243 0 
v 0.0374303 -0.0467039 0 
v 0.0377818 -0.0465638 0 
v 0.0385331 -0.0465231 0 
v 0.0396432 -0.0471909 0 
v 0.0395205 -0.0470465 0 
v 0.0399591 -0.0478738 0 
v 0.0392321 -0.0496985 0 
v 0.0393829 -0.0495838 0 
v 0.0388977 -0.0498757 0 
v 0.0390697 -0.0497961 0 
v 0.0376023 -0.0498757 0 
v 0.0377818 -0.0499362 0 
v 0.0372679 -0.0496985 0 
v 0.0374303 -0.0497961 0 
v 0.0371171 -0.0495838 0 
v 0.0366617 -0.0489848 0 
v 0.0367505 -0.0491522 0 
v 0.0365409 -0.0486262 0 
v 0.0365916 -0.0488088 0 
v 0.0388977 -0.0466243 0 
v 0.0387182 -0.0465638 0 
v 0.0392321 -0.0468015 0 
v 0.0390697 -0.0467039 0 
v 0.0393829 -0.0469162 0 
v 0.0398383 -0.0475152 0 
v 0.0397495 -0.0473478 0 
v 0.0399084 -0.0476912 0 
v 0.0396432 -0.0493091 0 
v 0.0397495 -0.0491522 0 
v 0.0398383 -0.0489848 0 
v 0.0399084 -0.0488088 0 
v 0.0395205 -0.0494535 0 
v 0.0365103 -0.0480608 0 
v 0.0399591 -0.0486262 0 
v 0.0399897 -0.0484392 0 
v 0.04 -0.04825 0 
v 0.0399897 -0.0480608 0 
v 0.0365 -0.04825 0 
v 0.0365103 -0.0484392 0 
v 0.05 -0.0559014 0 
v -0.045 0.0365947 0 
v -0.019 0.0365947 0 
v 0.019 0.0365947 0 
v -0.045 0.0127973 0 
v -0.019 0.0127973 0 
v 0.019 0.0127973 0 
v -0.045 -0.025 0 
v -0.019 -0.025 0 
v 0.019 -0.025 0 
v -0.045 -0.055 0 
v -0.019 -0.055 0 
v 0.019 -0.055 0 
v -0.04 -0.04825 0.0025 
v -0.0399897 -0.0484392 0.0025 
v -0.0399591 -0.0486262 0.0025 
v -0.0399084 -0.0488088 0.0025 
v -0.0398383 -0.0489848 0.0025 
v -0.0397495 -0.0491522 0.0025 
v -0.0396432 -0.0493091 0.0025 
v -0.0395205 -0.0494535 0.0025 
v -0.0393829 -0.0495838 0.0025 
v -0.0392321 -0.0496985 0.0025 
v -0.0390697 -0.0497961 0.0025 
v -0.0388977 -0.0498757 0.0025 
v -0.0387182 -0.0499362 0.0025 
v -0.0385331 -0.0499769 0.0025 
v -0.0383447 -0.0499974 0.0025 
v -0.0381553 -0.0499974 0.0025 
v -0.0379669 -0.0499769 0.0025 
v -0.0377818 -0.0499362 0.0025 
v -0.0376023 -0.0498757 0.0025 
v -0.0374303 -0.0497961 0.0025 
v -0.0372679 -0.0496985 0.0025 
v -0.0371171 -0.0495838 0.0025 
v -0.0369795 -0.0494535 0.0025 
v -0.0368568 -0.0493091 0.0025 
v -0.0367505 -0.0491522 0.0025 
v -0.0366617 -0.0489848 0.0025 
v -0.0365916 -0.0488088 0.0025 
v -0.0365409 -0.0486262 0.0025 
v -0.0365103 -0.0484392 0.0025 
v -0.0365 -0.04825 0.0025 
v -0.0365103 -0.0480608 0.0025 
v -0.0365409 -0.0478738 0.0025 
v -0.0365916 -0.0476912 0.0025 
v -0.0366617 -0.0475152 0.0025 
v -0.0367505 -0.0473478 0.0025 
v -0.0368568 -0.0471909 0.0025 
v -0.0369795 -0.0470465 0.0025 
v -0.0371171 -0.0469162 0.0025 
v -0.0372679 -0.0468015 0.0025 
v -0.0374303 -0.0467039 0.0025 
v -0.0376023 -0.0466243 0.0025 
v -0.0377818 -0.0465638 0.0025 
v -0.0379669 -0.0465231 0.0025 
v -0.0381553 -0.0465026 0.0025 
v -0.0383447 -0.0465026 0.0025 
v -0.0385331 -0.0465231 0.0025 
v -0.0387182 -0.0465638 0.0025 
v -0.0388977 -0.0466243 0.0025 
v -0.0390697 -0.0467039 0.0025 
v -0.0392321 -0.0468015 0.0025 
v -0.0393829 -0.0469162 0.0025 
v -0.0395205 -0.0470465 0.0025 
v -0.0396432 -0.0471909 0.0025 
v -0.0397495 -0.0473478 0.0025 
v -0.0398383 -0.0475152 0.0025 
v -0.0399084 -0.0476912 0.0025 
v -0.0399591 -0.0478738 0.0025 
v -0.0399897 -0.0480608 0.0025 
v -0.04 -0.00175 0.0025 
v -0.0399897 -0.00193921 0.0025 
v -0.0399591 -0.0021262 0.0025 
v -0.0399084 -0.00230878 0.0025 
v -0.0398383 -0.00248481 0.0025 
v -0.0397495 -0.00265222 0.0025 
v -0.0396432 -0.00280905 0.0025 
v -0.0395205 -0.00295347 0.0025 
v -0.0393829 -0.00308378 0.0025 
v -0.0392321 -0.00319846 0.0025 
v -0.0390697 -0.00329615 0.0025 
v -0.0388977 -0.00337571 0.0025 
v -0.0387182 -0.00343621 0.0025 
v -0.0385331 -0.00347695 0.0025 
v -0.0383447 -0.00349743 0.0025 
v -0.0381553 -0.00349743 0.0025 
v -0.0379669 -0.00347695 0.0025 
v -0.0377818 -0.00343621 0.0025 
v -0.0376023 -0.00337571 0.0025 
v -0.0374303 -0.00329615 0.0025 
v -0.0372679 -0.00319846 0.0025 
v -0.0371171 -0.00308378 0.0025 
v -0.0369795 -0.00295347 0.0025 
v -0.0368568 -0.00280905 0.0025 
v -0.0367505 -0.00265222 0.0025 
v -0.0366617 -0.00248481 0.0025 
v -0.0365916 -0.00230878 0.0025 
v -0.0365409 -0.0021262 0.0025 
v -0.0365103 -0.00193921 0.0025 
v -0.0365 -0.00175 0.0025 
v -0.0365103 -0.00156079 0.0025 
v -0.0365409 -0.0013738 0.0025 
v -0.0365916 -0.00119122 0.0025 
v -0.0366617 -0.00101519 0.0025 
v -0.0367505 -0.000847781 0.0025 
v -0.0368568 -0.000690945 0.0025 
v -0.0369795 -0.000546526 0.0025 
v -0.0371171 -0.000416216 0.0025 
v -0.0372679 -0.000301544 0.0025 
v -0.0374303 -0.000203854 0.0025 
v -0.0376023 -0.000124291 0.0025 
v -0.0377818 -6.37875e-05 0.0025 
v -0.0379669 -2.30536e-05 0.0025 
v -0.0381553 -2.56653e-06 0.0025 
v -0.0383447 -2.56653e-06 0.0025 
v -0.0385331 -2.30536e-05 0.0025 
v -0.0387182 -6.37875e-05 0.0025 
v -0.0388977 -0.000124291 0.0025 
v -0.0390697 -0.000203854 0.0025 
v -0.0392321 -0.000301544 0.0025 
v -0.0393829 -0.000416216 0.0025 
v -0.0395205 -0.000546526 0.0025 
v -0.0396432 -0.000690945 0.0025 
v -0.0397495 -0.000847781 0.0025 
v -0.0398383 -0.00101519 0.0025 
v -0.0399084 -0.00119122 0.0025 
v -0.0399591 -0.0013738 0.0025 
v -0.0399897 -0.00156079 0.0025 
v 0.0365 -0.00175 0.0025 
v 0.0365103 -0.00193921 0.0025 
v 0.0365409 -0.0021262 0.0025 
v 0.0365916 -0.00230878 0.0025 
v 0.0366617 -0.00248481 0.0025 
v 0.0367505 -0.00265222 0.0025 
v 0.0368568 -0.00280905 0.0025 
v 0.0369795 -0.00295347 0.0025 
v 0.0371171 -0.00308378 0.0025 
v 0.0372679 -0.00319846 0.0025 
v 0.0374303 -0.00329615 0.0025 
v 0.0376023 -0.00337571 0.0025 
v 0.0377818 -0.00343621 0.0025 
v 0.0379669 -0.00347695 0.0025 
v 0.0381553 -0.00349743 0.0025 
v 0.0383447 -0.00349743 0.0025 
v 0.0385331 -0.00347695 0.0025 
v 0.0387182 -0.00343621 0.0025 
v 0.0388977 -0.00337571 0.0025 
v 0.0390697 -0.00329615 0.0025 
v 0.0392321 -0.00319846 0.0025 
v 0.0393829 -0.00308378 0.0025 
v 0.0395205 -0.00295347 0.0025 
v 0.0396432 -0.00280905 0.0025 
v 0.0397495 -0.00265222 0.0025 
v 0.0398383 -0.00248481 0.0025 
v 0.0399084 -0.00230878 0.0025 
v 0.0399591 -0.0021262 0.0025 
v 0.0399897 -0.00193921 0.0025 
v 0.04 -0.00175 0.0025 
v 0.0399897 -0.00156079 0.0025 
v 0.0399591 -0.0013738 0.0025 
v 0.0399084 -0.00119122 0.0025 
v 0.0398383 -0.00101519 0.0025 
v 0.0397495 -0.000847781 0.0025 
v 0.0396432 -0.000690945 0.0025 
v 0.0395205 -0.000546526 0.0025 
v 0.0393829 -0.000416216 0.0025 
v 0.0392321 -0.000301544 0.0025 
v 0.0390697 -0.000203854 0.0025 
v 0.0388977 -0.000124291 0.0025 
v 0.0387182 -6.37875e-05 0.0025 
v 0.0385331 -2.30536e-05 0.0025 
v 0.0383447 -2.56653e-06 0.0025 
v 0.0381553 -2.56653e-06 0.0025 
v 0.0379669 -2.30536e-05 0.0025 
v 0.0377818 -6.37875e-05 0.0025 
v 0.0376023 -0.000124291 0.0025 
v 0.0374303 -0.000203854 0.0025 
v 0.0372679 -0.000301544 0.0025 
v 0.0371171 -0.000416216 0.0025 
v 0.0369795 -0.000546526 0.0025 
v 0.0368568 -0.000690945 0.0025 
v 0.0367505 -0.000847781 0.0025 
v 0.0366617 -0.00101519 0.0025 
v 0.0365916 -0.00119122 0.0025 
v 0.0365409 -0.0013738 0.0025 
v 0.0365103 -0.00156079 0.0025 
v 0.0365 -0.04825 0.0025 
v 0.0365103 -0.0484392 0.0025 
v 0.0365409 -0.0486262 0.0025 
v 0.0365916 -0.0488088 0.0025 
v 0.0366617 -0.0489848 0.0025 
v 0.0367505 -0.0491522 0.0025 
v 0.0368568 -0.0493091 0.0025 
v 0.0369795 -0.0494535 0.0025 
v 0.0371171 -0.0495838 0.0025 
v 0.0372679 -0.0496985 0.0025 
v 0.0374303 -0.0497961 0.0025 
v 0.0376023 -0.0498757 0.0025 
v 0.0377818 -0.0499362 0.0025 
v 0.0379669 -0.0499769 0.0025 
v 0.0381553 -0.0499974 0.0025 
v 0.0383447 -0.0499974 0.0025 
v 0.0385331 -0.0499769 0.0025 
v 0.0387182 -0.0499362 0.0025 
v 0.0388977 -0.0498757 0.0025 
v 0.0390697 -0.0497961 0.0025 
v 0.0392321 -0.0496985 0.0025 
v 0.0393829 -0.0495838 0.0025 
v 0.0395205 -0.0494535 0.0025 
v 0.0396432 -0.0493091 0.0025 
v 0.0397495 -0.0491522 0.0025 
v 0.0398383 -0.0489848 0.0025 
v 0.0399084 -0.0488088 0.0025 
v 0.0399591 -0.0486262 0.0025 
v 0.0399897 -0.0484392 0.0025 
v 0.04 -0.04825 0.0025 
v 0.0399897 -0.0480608 0.0025 
v 0.0399591 -0.0478738 0.0025 
v 0.0399084 -0.0476912 0.0025 
v 0.0398383 -0.0475152 0.0025 
v 0.0397495 -0.0473478 0.0025 
v 0.0396432 -0.0471909 0.0025 
v 0.0395205 -0.0470465 0.0025 
v 0.0393829 -0.0469162 0.0025 
v 0.0392321 -0.0468015 0.0025 
v 0.0390697 -0.0467039 0.0025 
v 0.0388977 -0.0466243 0.0025 
v 0.0387182 -0.0465638 0.0025 
v 0.0385331 -0.0465231 0.0025 
v 0.0383447 -0.0465026 0.0025 
v 0.0381553 -0.0465026 0.0025 
v 0.0379669 -0.0465231 0.0025 
v 0.0377818 -0.0465638 0.0025 
v 0.0376023 -0.0466243 0.0025 
v 0.0374303 -0.0467039 0.0025 
v 0.0372679 -0.0468015 0.0025 
v 0.0371171 -0.0469162 0.0025 
v 0.0369795 -0.0470465 0.0025 
v 0.0368568 -0.0471909 0.0025 
v 0.0367505 -0.0473478 0.0025 
v 0.0366617 -0.0475152 0.0025 
v 0.0365916 -0.0476912 0.0025 
v 0.0365409 -0.0478738 0.0025 
v 0.0365103 -0.0480608 0.0025 
v -0.0015 0.0460947 0.0025 
v -0.00149121 0.0459325 0.0025 
v -0.00146493 0.0457722 0.0025 
v -0.00142148 0.0456157 0.0025 
v -0.00136136 0.0454648 0.0025 
v -0.00128529 0.0453213 0.0025 
v -0.00119414 0.0451869 0.0025 
v -0.00108899 0.0450631 0.0025 
v -0.000971079 0.0449514 0.0025 
v -0.000841781 0.0448531 0.0025 
v -0.000702613 0.0447694 0.0025 
v -0.000555207 0.0447012 0.0025 
v -0.000401293 0.0446494 0.0025 
v -0.000242673 0.0446144 0.0025 
v -8.12084e-05 0.0445969 0.0025 
v 8.12084e-05 0.0445969 0.0025 
v 0.000242673 0.0446144 0.0025 
v 0.000401293 0.0446494 0.0025 
v 0.000555207 0.0447012 0.0025 
v 0.000702613 0.0447694 0.0025 
v 0.000841781 0.0448531 0.0025 
v 0.000971079 0.0449514 0.0025 
v 0.00108899 0.0450631 0.0025 
v 0.00119414 0.0451869 0.0025 
v 0.00128529 0.0453213 0.0025 
v 0.00136136 0.0454648 0.0025 
v 0.00142148 0.0456157 0.0025 
v 0.00146493 0.0457722 0.0025 
v 0.00149121 0.0459325 0.0025 
v 0.0015 0.0460947 0.0025 
v 0.00149121 0.0462569 0.0025 
v 0.00146493 0.0464171 0.0025 
v 0.00142148 0.0465736 0.0025 
v 0.00136136 0.0467245 0.0025 
v 0.00128529 0.046868 0.0025 
v 0.00119414 0.0470024 0.0025 
v 0.00108899 0.0471262 0.0025 
v 0.000971079 0.0472379 0.0025 
v 0.000841781 0.0473362 0.0025 
v 0.000702613 0.0474199 0.0025 
v 0.000555207 0.0474881 0.0025 
v 0.000401293 0.04754 0.0025 
v 0.000242673 0.0475749 0.0025 
v 8.12084e-05 0.0475925 0.0025 
v -8.12084e-05 0.0475925 0.0025 
v -0.000242673 0.0475749 0.0025 
v -0.000401293 0.04754 0.0025 
v -0.000555207 0.0474881 0.0025 
v -0.000702613 0.0474199 0.0025 
v -0.000841781 0.0473362 0.0025 
v -0.000971079 0.0472379 0.0025 
v -0.00108899 0.0471262 0.0025 
v -0.00119414 0.0470024 0.0025 
v -0.00128529 0.046868 0.0025 
v -0.00136136 0.0467245 0.0025 
v -0.00142148 0.0465736 0.0025 
v -0.00146493 0.0464171 0.0025 
v -0.00149121 0.0462569 0.0025 
v -0.0015 0.0270947 0.0025 
v -0.00149121 0.0269325 0.0025 
v -0.00146493 0.0267722 0.0025 
v -0.00142148 0.0266157 0.0025 
v -0.00136136 0.0264648 0.0025 
v -0.00128529 0.0263213 0.0025 
v -0.00119414 0.0261869 0.0025 
v -0.00108899 0.0260631 0.0025 
v -0.000971079 0.0259514 0.0025 
v -0.000841781 0.0258531 0.0025 
v -0.000702613 0.0257694 0.0025 
v -0.000555207 0.0257012 0.0025 
v -0.000401293 0.0256494 0.0025 
v -0.000242673 0.0256144 0.0025 
v -8.12084e-05 0.0255969 0.0025 
v 8.12084e-05 0.0255969 0.0025 
v 0.000242673 0.0256144 0.0025 
v 0.000401293 0.0256494 0.0025 
v 0.000555207 0.0257012 0.0025 
v 0.000702613 0.0257694 0.0025 
v 0.000841781 0.0258531 0.0025 
v 0.000971079 0.0259514 0.0025 
v 0.00108899 0.0260631 0.0025 
v 0.00119414 0.0261869 0.0025 
v 0.00128529 0.0263213 0.0025 
v 0.00136136 0.0264648 0.0025 
v 0.00142148 0.0266157 0.0025 
v 0.00146493 0.0267722 0.0025 
v 0.00149121 0.0269325 0.0025 
v 0.0015 0.0270947 0.0025 
v 0.00149121 0.0272569 0.0025 
v 0.00146493 0.0274171 0.0025 
v 0.00142148 0.0275736 0.0025 
v 0.00136136 0.0277245 0.0025 
v 0.00128529 0.027868 0.0025 
v 0.00119414 0.0280024 0.0025 
v 0.00108899 0.0281262 0.0025 
v 0.000971079 0.0282379 0.0025 
v 0.000841781 0.0283362 0.0025 
v 0.000702613 0.0284199 0.0025 
v 0.000555207 0.0284881 0.0025 
v 0.000401293 0.02854 0.0025 
v 0.000242673 0.0285749 0.0025 
v 8.12084e-05 0.0285925 0.0025 
v -8.12084e-05 0.0285925 0.0025 
v -0.000242673 0.0285749 0.0025 
v -0.000401293 0.02854 0.0025 
v -0.000555207 0.0284881 0.0025 
v -0.000702613 0.0284199 0.0025 
v -0.000841781 0.0283362 0.0025 
v -0.000971079 0.0282379 0.0025 
v -0.00108899 0.0281262 0.0025 
v -0.00119414 0.0280024 0.0025 
v -0.00128529 0.027868 0.0025 
v -0.00136136 0.0277245 0.0025 
v -0.00142148 0.0275736 0.0025 
v -0.00146493 0.0274171 0.0025 
v -0.00149121 0.0272569 0.0025 
v 0.05 0.0245552 0.0025 
v 0.05 0.0127973 0.0025 
v 0.05 0.0365947 0.0025 
v 0.05 -0.025 0.0025 
v 0.0425 0.011 0.0025 
v 0.0425 -0.009 0.0025 
v 0.05 -0.0246028 0.0025 
v 0.05 -0.009 0.0025 
v 0.05 0.011 0.0025 
v -0.019 -0.05125 0.0025 
v -0.019 -0.025 0.0025 
v 0.019 -0.05125 0.0025 
v -0.019 0.0127973 0.0025 
v 0.019 -0.025 0.0025 
v -0.045 0.0365947 0.0025 
v -0.045 0.0127973 0.0025 
v -0.019 0.0365947 0.0025 
v 0.019 0.0365947 0.0025 
v 0.019 0.0127973 0.0025 
v -0.045 -0.025 0.0025 
v 0.05 -0.004 0.0075 
v 0.0475 -0.004 0.0075 
v 0.0474931 -0.00400685 0.00723832 
v 0.05 -0.00402739 0.00697736 
v 0.05 -0.00410926 0.00646044 
v 0.0474726 -0.00402739 0.00697736 
v 0.0474384 -0.00406156 0.00671783 
v 0.05 -0.00424472 0.00595492 
v 0.0473907 -0.00410926 0.00646044 
v 0.0473296 -0.00417037 0.0062059 
v 0.05 -0.00443227 0.00546632 
v 0.0472553 -0.00424472 0.00595492 
v 0.0471679 -0.0043321 0.00570816 
v 0.05 -0.00466987 0.005 
v 0.0470677 -0.00443227 0.00546632 
v 0.046955 -0.00454497 0.00523005 
v 0.05 -0.00495492 0.00456107 
v 0.0468301 -0.00466987 0.005 
v 0.0466934 -0.00480665 0.0047768 
v 0.05 -0.00528428 0.00415435 
v 0.0465451 -0.00495492 0.00456107 
v 0.05 -0.00565435 0.00378428 
v 0.0462157 -0.00528428 0.00415435 
v 0.05 -0.00606107 0.00345492 
v 0.0458457 -0.00565435 0.00378428 
v 0.05 -0.0065 0.00316987 
v 0.0454389 -0.00606107 0.00345492 
v 0.05 -0.00696632 0.00293227 
v 0.045 -0.0065 0.00316987 
v 0.05 -0.00745492 0.00274472 
v 0.0445337 -0.00696632 0.00293227 
v 0.05 -0.00796044 0.00260926 
v 0.0440451 -0.00745492 0.00274472 
v 0.05 -0.00847736 0.00252739 
v 0.0435396 -0.00796044 0.00260926 
v 0.0430226 -0.00847736 0.00252739 
v 0.0474931 0.00600685 0.00723832 
v 0.0475 0.006 0.0075 
v 0.0474726 0.00602739 0.00697736 
v 0.0474384 0.00606156 0.00671783 
v 0.0473907 0.00610926 0.00646044 
v 0.0473296 0.00617037 0.0062059 
v 0.0472553 0.00624472 0.00595492 
v 0.0471679 0.0063321 0.00570816 
v 0.0470677 0.00643227 0.00546632 
v 0.046955 0.00654497 0.00523005 
v 0.0468301 0.00666987 0.005 
v 0.0466934 0.00680665 0.0047768 
v 0.0465451 0.00695492 0.00456107 
v 0.0462157 0.00728428 0.00415435 
v 0.0458457 0.00765435 0.00378428 
v 0.045 0.0085 0.00316987 
v 0.0445337 0.00896632 0.00293227 
v 0.0435396 0.00996044 0.00260926 
v 0.0430226 0.0104774 0.00252739 
v 0.0440451 0.00945492 0.00274472 
v 0.0454389 0.00806107 0.00345492 
v 0.05 -0.004 0.0169877 
v 0.05 -0.004 0.0205254 
v 0.0475 -0.004 0.0325 
v 0.05 -0.004 0.0122877 
v 0.05 -0.004 0.0325 
v 0.0475 0.006 0.0325 
v 0.05 0.006 0.0325 
v 0.05 0.006 0.0169877 
v 0.05 0.006 0.0122877 
v 0.05 0.006 0.0205254 
v 0.05 0.006 0.0075 
v 0.05 0.0104774 0.00252739 
v 0.05 0.00996044 0.00260926 
v 0.05 0.00945492 0.00274472 
v 0.05 0.00896632 0.00293227 
v 0.05 0.0085 0.00316987 
v 0.05 0.00806107 0.00345492 
v 0.05 0.00765435 0.00378428 
v 0.05 0.00728428 0.00415435 
v 0.05 0.00695492 0.00456107 
v 0.05 0.00666987 0.005 
v 0.05 0.00643227 0.00546632 
v 0.05 0.00624472 0.00595492 
v 0.05 0.00610926 0.00646044 
v 0.05 0.00602739 0.00697736 
v 0.05 -0.00176638 0.0249138 
v 0.05 -0.00188557 0.0251386 
v 0.05 0.00226085 0.0273369 
v 0.05 0.00238004 0.0271121 
v 0.05 -0.00210276 0.0261254 
v 0.05 -0.00162358 0.0247032 
v 0.05 0.00247422 0.0268757 
v 0.05 0.0025423 0.0266305 
v 0.05 0.00211806 0.0275475 
v 0.05 -0.00162358 0.0275475 
v 0.05 -0.00145885 0.0277414 
v 0.05 -0.00208899 0.0258713 
v 0.05 -0.00145885 0.0245093 
v 0.05 0.00176859 0.0279164 
v 0.05 0.00195333 0.0277414 
v 0.05 0.000374463 0.0284719 
v 0.05 -0.00176638 0.0273369 
v 0.05 -0.00208899 0.0263794 
v 0.05 -0.00204782 0.0266305 
v 0.05 -0.00204782 0.0256202 
v 0.05 -0.00127412 0.0243343 
v 0.05 -0.000853523 0.0240491 
v 0.05 -0.00107155 0.0241803 
v 0.05 0.00238004 0.0251386 
v 0.05 0.00226085 0.0249138 
v 0.05 0.00258346 0.0258713 
v 0.05 0.0025423 0.0256202 
v 0.05 0.001348 0.0282016 
v 0.05 0.00156603 0.0280704 
v 0.05 0.000120011 0.0284719 
v 0.05 -0.00188557 0.0271121 
v 0.05 -0.00197975 0.0268757 
v 0.05 -0.00197975 0.025375 
v 0.05 0.00211806 0.0247032 
v 0.05 0.00247422 0.025375 
v 0.05 0.00258346 0.0263794 
v 0.05 0.00259724 0.0261254 
v 0.05 -0.000132951 0.0284444 
v 0.05 -0.000853523 0.0282016 
v 0.05 -0.000622588 0.0283085 
v 0.05 -0.00127412 0.0279164 
v 0.05 -0.00107155 0.0280704 
v 0.05 0.000374463 0.0237788 
v 0.05 0.000120011 0.0237788 
v 0.05 0.000627425 0.0238063 
v 0.05 0.00176859 0.0243343 
v 0.05 0.00156603 0.0241803 
v 0.05 0.000875929 0.0283897 
v 0.05 0.00111706 0.0283085 
v 0.05 0.000627425 0.0284444 
v 0.05 0.00195333 0.0245093 
v 0.05 -0.000381455 0.0283897 
v 0.05 -0.000381455 0.023861 
v 0.05 -0.000622588 0.0239423 
v 0.05 -0.000132951 0.0238063 
v 0.05 0.001348 0.0240491 
v 0.05 0.00111706 0.0239423 
v 0.05 0.000875929 0.023861 
v 0.05 0.000627425 0.0172444 
v 0.05 0.000875929 0.0171897 
v 0.05 0.000374463 0.0172719 
v 0.05 0.001348 0.0170016 
v 0.05 0.00137115 0.0169877 
v 0.05 0.00111706 0.0171085 
v 0.05 0.000120011 0.0172719 
v 0.05 -0.000622588 0.0171085 
v 0.05 -0.000381455 0.0171897 
v 0.05 -0.000132951 0.0172444 
v 0.05 -0.000853523 0.0170016 
v 0.05 -0.000876677 0.0169877 
v 0.05 -0.00208899 0.0151794 
v 0.05 -0.00204782 0.0154305 
v 0.05 -0.00208899 0.0146713 
v 0.05 -0.00210276 0.0149254 
v 0.05 -0.000132951 0.0126063 
v 0.05 -0.000381455 0.012661 
v 0.05 -0.00197975 0.0156757 
v 0.05 -0.00197975 0.014175 
v 0.05 -0.00204782 0.0144202 
v 0.05 0.000120011 0.0125788 
v 0.05 0.000374463 0.0125788 
v 0.05 0.0025423 0.0144202 
v 0.05 0.00247422 0.014175 
v 0.05 -0.00188557 0.0139386 
v 0.05 0.00156603 0.0129803 
v 0.05 0.001348 0.0128491 
v 0.05 0.00238004 0.0139386 
v 0.05 0.00259724 0.0149254 
v 0.05 -0.00162358 0.0163475 
v 0.05 -0.00145885 0.0165414 
v 0.05 -0.00188557 0.0159121 
v 0.05 -0.00176638 0.0161369 
v 0.05 0.000627425 0.0126063 
v 0.05 0.00111706 0.0127423 
v 0.05 0.00258346 0.0146713 
v 0.05 0.00258346 0.0151794 
v 0.05 -0.00176638 0.0137138 
v 0.05 -0.00107155 0.0129803 
v 0.05 -0.00127412 0.0131343 
v 0.05 -0.000622588 0.0127423 
v 0.05 0.000875929 0.012661 
v 0.05 0.00247422 0.0156757 
v 0.05 0.0025423 0.0154305 
v 0.05 0.00226085 0.0161369 
v 0.05 0.00238004 0.0159121 
v 0.05 -0.00145885 0.0133093 
v 0.05 -0.00162358 0.0135032 
v 0.05 -0.000853523 0.0128491 
v 0.05 0.00211806 0.0163475 
v 0.05 0.00195333 0.0133093 
v 0.05 0.00176859 0.0131343 
v 0.05 0.00226085 0.0137138 
v 0.05 0.00211806 0.0135032 
v 0.05 0.00176859 0.0167164 
v 0.05 0.00195333 0.0165414 
v 0.05 0.00156603 0.0168704 
v 0.05 -0.00127412 0.0167164 
v 0.05 -0.00107155 0.0168704 
v 0.05 -0.0559014 0.0122877 
v 0.05 -0.0559014 0.0169877 
v 0.05 -0.0559014 0.0205254 
v 0.05 0.0526131 0.0169877 
v 0.05 0.0526131 0.0122877 
v 0.0475 0.00247422 0.0268757 
v 0.0475 0.00238004 0.0271121 
v 0.0475 0.0025423 0.0256202 
v 0.0475 0.00258346 0.0258713 
v 0.0475 0.000875929 0.023861 
v 0.0475 0.0025423 0.0154305 
v 0.0475 0.000627425 0.0238063 
v 0.0475 0.00247422 0.0156757 
v 0.0475 -0.00208899 0.0258713 
v 0.0475 -0.00204782 0.0256202 
v 0.0475 0.00226085 0.0273369 
v 0.0475 0.00258346 0.0263794 
v 0.0475 0.0025423 0.0266305 
v 0.0475 0.00247422 0.025375 
v 0.0475 0.00211806 0.0247032 
v 0.0475 0.00226085 0.0249138 
v 0.0475 0.00258346 0.0151794 
v 0.0475 0.000120011 0.0237788 
v 0.0475 0.000374463 0.0237788 
v 0.0475 -0.00204782 0.0154305 
v 0.0475 -0.00208899 0.0151794 
v 0.0475 -0.000381455 0.0171897 
v 0.0475 0.00211806 0.0275475 
v 0.0475 0.00195333 0.0277414 
v 0.0475 0.00238004 0.0251386 
v 0.0475 0.00195333 0.0245093 
v 0.0475 0.00259724 0.0149254 
v 0.0475 0.0025423 0.0144202 
v 0.0475 0.00258346 0.0146713 
v 0.0475 -0.000132951 0.0238063 
v 0.0475 -0.00210276 0.0149254 
v 0.0475 -0.00208899 0.0146713 
v 0.0475 -0.000132951 0.0172444 
v 0.0475 0.00176859 0.0279164 
v 0.0475 0.00156603 0.0280704 
v 0.0475 0.00259724 0.0261254 
v 0.0475 -0.000381455 0.023861 
v 0.0475 0.00211806 0.0135032 
v 0.0475 0.00226085 0.0137138 
v 0.0475 0.00176859 0.0131343 
v 0.0475 0.00195333 0.0133093 
v 0.0475 -0.00204782 0.0144202 
v 0.0475 -0.00197975 0.014175 
v 0.0475 -0.00210276 0.0261254 
v 0.0475 0.00156603 0.0241803 
v 0.0475 0.00176859 0.0243343 
v 0.0475 0.00238004 0.0139386 
v 0.0475 0.00247422 0.014175 
v 0.0475 -0.00188557 0.0159121 
v 0.0475 -0.00197975 0.0156757 
v 0.0475 -0.00162358 0.0163475 
v 0.0475 -0.00176638 0.0161369 
v 0.0475 -0.00127412 0.0167164 
v 0.0475 -0.00145885 0.0165414 
v 0.0475 -0.00208899 0.0263794 
v 0.0475 -0.00197975 0.0268757 
v 0.0475 -0.00204782 0.0266305 
v 0.0475 -0.00176638 0.0273369 
v 0.0475 -0.00188557 0.0271121 
v 0.0475 -0.00127412 0.0279164 
v 0.0475 -0.00145885 0.0277414 
v 0.0475 0.001348 0.0240491 
v 0.0475 0.00156603 0.0129803 
v 0.0475 -0.00162358 0.0135032 
v 0.0475 -0.00145885 0.0133093 
v 0.0475 -0.00188557 0.0139386 
v 0.0475 -0.00176638 0.0137138 
v 0.0475 -0.000853523 0.0170016 
v 0.0475 -0.00107155 0.0168704 
v 0.0475 -0.000622588 0.0171085 
v 0.0475 -0.00162358 0.0275475 
v 0.0475 0.001348 0.0282016 
v 0.0475 0.00111706 0.0283085 
v 0.0475 0.00111706 0.0127423 
v 0.0475 0.001348 0.0128491 
v 0.0475 0.00238004 0.0159121 
v 0.0475 0.000374463 0.0284719 
v 0.0475 0.00111706 0.0239423 
v 0.0475 0.000627425 0.0126063 
v 0.0475 0.000875929 0.012661 
v 0.0475 0.000374463 0.0125788 
v 0.0475 0.000247237 0.0172754 
v 0.0475 -0.000622588 0.0239423 
v 0.0475 -0.00127412 0.0243343 
v 0.0475 -0.00107155 0.0241803 
v 0.0475 -0.00176638 0.0249138 
v 0.0475 -0.00162358 0.0247032 
v 0.0475 -0.00197975 0.025375 
v 0.0475 -0.00188557 0.0251386 
v 0.0475 0.00211806 0.0163475 
v 0.0475 0.00195333 0.0165414 
v 0.0475 0.00226085 0.0161369 
v 0.0475 -0.000853523 0.0282016 
v 0.0475 -0.00107155 0.0280704 
v 0.0475 -0.000381455 0.0283897 
v 0.0475 -0.000622588 0.0283085 
v 0.0475 0.000627425 0.0284444 
v 0.0475 0.000120011 0.0125788 
v 0.0475 0.000627425 0.0172444 
v 0.0475 0.000374463 0.0172719 
v 0.0475 -0.00145885 0.0245093 
v 0.0475 0.00111706 0.0171085 
v 0.0475 0.000875929 0.0171897 
v 0.0475 0.00176859 0.0167164 
v 0.0475 0.00156603 0.0168704 
v 0.0475 -0.00127412 0.0131343 
v 0.0475 -0.00107155 0.0129803 
v 0.0475 0.000875929 0.0283897 
v 0.0475 -0.000132951 0.0126063 
v 0.0475 -0.000622588 0.0127423 
v 0.0475 -0.000381455 0.012661 
v 0.0475 -0.000853523 0.0240491 
v 0.0475 0.001348 0.0170016 
v 0.0475 -0.000853523 0.0128491 
v 0.0475 0.000247237 0.0284754 
v 0.0475 0.000120011 0.0284719 
v 0.0475 -0.000132951 0.0284444 
v 0.0475 0.000120011 0.0172719 
vn -5.74851e-17 0.994138 0.108119 
vn -5.78241e-17 1 2.44929e-16 
vn -5.64722e-17 0.976621 0.21497 
vn -5.74851e-17 0.994138 0.108119 
vn -5.47972e-17 0.947653 0.319302 
vn -5.64722e-17 0.976621 0.21497 
vn -5.24797e-17 0.907575 0.419889 
vn -5.47972e-17 0.947653 0.319302 
vn -4.9547e-17 0.856857 0.515554 
vn -5.24797e-17 0.907575 0.419889 
vn -4.60334e-17 0.796093 0.605174 
vn -4.9547e-17 0.856857 0.515554 
vn -4.198e-17 0.725995 0.687699 
vn -4.60334e-17 0.796093 0.605174 
vn -3.74345e-17 0.647386 0.762162 
vn -4.198e-17 0.725995 0.687699 
vn -3.24501e-17 0.561187 0.827689 
vn -3.74345e-17 0.647386 0.762162 
vn -2.70853e-17 0.468408 0.883512 
vn -3.24501e-17 0.561187 0.827689 
vn -2.14029e-17 0.370138 0.928977 
vn -2.70853e-17 0.468408 0.883512 
vn -1.54696e-17 0.267528 0.96355 
vn -2.14029e-17 0.370138 0.928977 
vn -9.3549e-18 0.161782 0.986827 
vn -1.54696e-17 0.267528 0.96355 
vn -3.13053e-18 0.0541389 0.998533 
vn -9.3549e-18 0.161782 0.986827 
vn 3.13053e-18 -0.0541389 0.998533 
vn -3.13053e-18 0.0541389 0.998533 
vn 9.3549e-18 -0.161782 0.986827 
vn 3.13053e-18 -0.0541389 0.998533 
vn 1.54696e-17 -0.267528 0.96355 
vn 9.3549e-18 -0.161782 0.986827 
vn 2.14029e-17 -0.370138 0.928977 
vn 1.54696e-17 -0.267528 0.96355 
vn 2.70853e-17 -0.468408 0.883512 
vn 2.14029e-17 -0.370138 0.928977 
vn 3.24501e-17 -0.561187 0.827689 
vn 2.70853e-17 -0.468408 0.883512 
vn 3.74345e-17 -0.647386 0.762162 
vn 3.24501e-17 -0.561187 0.827689 
vn 4.198e-17 -0.725995 0.687699 
vn 3.74345e-17 -0.647386 0.762162 
vn 4.60334e-17 -0.796093 0.605174 
vn 4.198e-17 -0.725995 0.687699 
vn 4.9547e-17 -0.856857 0.515554 
vn 4.60334e-17 -0.796093 0.605174 
vn 5.24797e-17 -0.907575 0.419889 
vn 4.9547e-17 -0.856857 0.515554 
vn 5.47972e-17 -0.947653 0.319302 
vn 5.24797e-17 -0.907575 0.419889 
vn 5.64722e-17 -0.976621 0.21497 
vn 5.47972e-17 -0.947653 0.319302 
vn 5.74851e-17 -0.994138 0.108119 
vn 5.64722e-17 -0.976621 0.21497 
vn 5.78241e-17 -1 -1.22465e-16 
vn 5.74851e-17 -0.994138 0.108119 
vn 5.74851e-17 -0.994138 -0.108119 
vn 5.78241e-17 -1 -1.22465e-16 
vn 5.64722e-17 -0.976621 -0.21497 
vn 5.74851e-17 -0.994138 -0.108119 
vn 5.47972e-17 -0.947653 -0.319302 
vn 5.64722e-17 -0.976621 -0.21497 
vn 5.24797e-17 -0.907575 -0.419889 
vn 5.47972e-17 -0.947653 -0.319302 
vn 4.9547e-17 -0.856857 -0.515554 
vn 5.24797e-17 -0.907575 -0.419889 
vn 4.60334e-17 -0.796093 -0.605174 
vn 4.9547e-17 -0.856857 -0.515554 
vn 4.198e-17 -0.725995 -0.687699 
vn 4.60334e-17 -0.796093 -0.605174 
vn 3.74345e-17 -0.647386 -0.762162 
vn 4.198e-17 -0.725995 -0.687699 
vn 3.24501e-17 -0.561187 -0.827689 
vn 3.74345e-17 -0.647386 -0.762162 
vn 2.70853e-17 -0.468408 -0.883512 
vn 0 -0.478527 -0.878073 
vn 2.14029e-17 -0.370138 -0.928977 
vn 1.54696e-17 -0.267528 -0.96355 
vn 9.3549e-18 -0.161782 -0.986827 
vn 3.13053e-18 -0.0541389 -0.998533 
vn -3.13053e-18 0.0541389 -0.998533 
vn -3.54071e-33 6.12323e-17 -1 
vn 3.13053e-18 -0.0541389 -0.998533 
vn -9.3549e-18 0.161782 -0.986827 
vn -3.13053e-18 0.0541389 -0.998533 
vn -1.54696e-17 0.267528 -0.96355 
vn -9.3549e-18 0.161782 -0.986827 
vn -2.14029e-17 0.370138 -0.928977 
vn -1.54696e-17 0.267528 -0.96355 
vn -2.70853e-17 0.468408 -0.883512 
vn -2.14029e-17 0.370138 -0.928977 
vn -3.24501e-17 0.561187 -0.827689 
vn 0 0.478527 -0.878073 
vn -2.70853e-17 0.468408 -0.883512 
vn -3.74345e-17 0.647386 -0.762162 
vn -4.198e-17 0.725995 -0.687699 
vn -4.60334e-17 0.796093 -0.605174 
vn -4.9547e-17 0.856857 -0.515554 
vn -5.24797e-17 0.907575 -0.419889 
vn -5.47972e-17 0.947653 -0.319302 
vn -5.64722e-17 0.976621 -0.21497 
vn -5.74851e-17 0.994138 -0.108119 
vn 1 0 0 
vn 0 0 1 
vn -5.74851e-17 0.994138 0.108119 
vn -5.78241e-17 1 2.44929e-16 
vn -5.64722e-17 0.976621 0.21497 
vn -5.74851e-17 0.994138 0.108119 
vn -5.47972e-17 0.947653 0.319302 
vn -5.64722e-17 0.976621 0.21497 
vn -5.24797e-17 0.907575 0.419889 
vn -5.47972e-17 0.947653 0.319302 
vn -4.9547e-17 0.856857 0.515554 
vn -5.24797e-17 0.907575 0.419889 
vn -4.60334e-17 0.796093 0.605174 
vn -4.9547e-17 0.856857 0.515554 
vn -4.198e-17 0.725995 0.687699 
vn -4.60334e-17 0.796093 0.605174 
vn -3.74345e-17 0.647386 0.762162 
vn -4.198e-17 0.725995 0.687699 
vn -3.24501e-17 0.561187 0.827689 
vn -3.74345e-17 0.647386 0.762162 
vn -2.70853e-17 0.468408 0.883512 
vn -3.24501e-17 0.561187 0.827689 
vn -2.14029e-17 0.370138 0.928977 
vn -2.70853e-17 0.468408 0.883512 
vn -1.54696e-17 0.267528 0.96355 
vn -2.14029e-17 0.370138 0.928977 
vn -9.3549e-18 0.161782 0.986827 
vn -1.54696e-17 0.267528 0.96355 
vn -3.13053e-18 0.0541389 0.998533 
vn -9.3549e-18 0.161782 0.986827 
vn 3.13053e-18 -0.0541389 0.998533 
vn -3.13053e-18 0.0541389 0.998533 
vn 9.3549e-18 -0.161782 0.986827 
vn 3.13053e-18 -0.0541389 0.998533 
vn 1.54696e-17 -0.267528 0.96355 
vn 9.3549e-18 -0.161782 0.986827 
vn 2.14029e-17 -0.370138 0.928977 
vn 1.54696e-17 -0.267528 0.96355 
vn 2.70853e-17 -0.468408 0.883512 
vn 2.14029e-17 -0.370138 0.928977 
vn 3.24501e-17 -0.561187 0.827689 
vn 2.70853e-17 -0.468408 0.883512 
vn 3.74345e-17 -0.647386 0.762162 
vn 3.24501e-17 -0.561187 0.827689 
vn 4.198e-17 -0.725995 0.687699 
vn 3.74345e-17 -0.647386 0.762162 
vn 4.60334e-17 -0.796093 0.605174 
vn 4.198e-17 -0.725995 0.687699 
vn 4.9547e-17 -0.856857 0.515554 
vn 4.60334e-17 -0.796093 0.605174 
vn 5.24797e-17 -0.907575 0.419889 
vn 4.9547e-17 -0.856857 0.515554 
vn 5.47972e-17 -0.947653 0.319302 
vn 5.24797e-17 -0.907575 0.419889 
vn 5.64722e-17 -0.976621 0.21497 
vn 5.47972e-17 -0.947653 0.319302 
vn 5.74851e-17 -0.994138 0.108119 
vn 5.64722e-17 -0.976621 0.21497 
vn 5.78241e-17 -1 -1.22465e-16 
vn 5.74851e-17 -0.994138 0.108119 
vn 5.74851e-17 -0.994138 -0.108119 
vn 5.78241e-17 -1 -1.22465e-16 
vn 5.64722e-17 -0.976621 -0.21497 
vn 5.74851e-17 -0.994138 -0.108119 
vn 5.47972e-17 -0.947653 -0.319302 
vn 5.64722e-17 -0.976621 -0.21497 
vn 5.24797e-17 -0.907575 -0.419889 
vn 5.47972e-17 -0.947653 -0.319302 
vn 4.9547e-17 -0.856857 -0.515554 
vn 5.24797e-17 -0.907575 -0.419889 
vn 4.60334e-17 -0.796093 -0.605174 
vn 4.9547e-17 -0.856857 -0.515554 
vn 4.198e-17 -0.725995 -0.687699 
vn 4.60334e-17 -0.796093 -0.605174 
vn 3.74345e-17 -0.647386 -0.762162 
vn 4.198e-17 -0.725995 -0.687699 
vn 3.24501e-17 -0.561187 -0.827689 
vn 3.74345e-17 -0.647386 -0.762162 
vn 2.70853e-17 -0.468408 -0.883512 
vn 3.24501e-17 -0.561187 -0.827689 
vn 2.14029e-17 -0.370138 -0.928977 
vn 2.70853e-17 -0.468408 -0.883512 
vn 1.54696e-17 -0.267528 -0.96355 
vn 2.14029e-17 -0.370138 -0.928977 
vn 9.3549e-18 -0.161782 -0.986827 
vn 1.54696e-17 -0.267528 -0.96355 
vn 3.13053e-18 -0.0541389 -0.998533 
vn 9.3549e-18 -0.161782 -0.986827 
vn -3.13053e-18 0.0541389 -0.998533 
vn -3.54071e-33 6.12323e-17 -1 
vn 3.13053e-18 -0.0541389 -0.998533 
vn -9.3549e-18 0.161782 -0.986827 
vn -3.13053e-18 0.0541389 -0.998533 
vn -1.54696e-17 0.267528 -0.96355 
vn -9.3549e-18 0.161782 -0.986827 
vn -2.14029e-17 0.370138 -0.928977 
vn -1.54696e-17 0.267528 -0.96355 
vn -2.70853e-17 0.468408 -0.883512 
vn -2.14029e-17 0.370138 -0.928977 
vn -3.24501e-17 0.561187 -0.827689 
vn -2.70853e-17 0.468408 -0.883512 
vn -3.74345e-17 0.647386 -0.762162 
vn -3.24501e-17 0.561187 -0.827689 
vn -4.198e-17 0.725995 -0.687699 
vn -3.74345e-17 0.647386 -0.762162 
vn -4.60334e-17 0.796093 -0.605174 
vn -4.198e-17 0.725995 -0.687699 
vn -4.9547e-17 0.856857 -0.515554 
vn -4.60334e-17 0.796093 -0.605174 
vn -5.24797e-17 0.907575 -0.419889 
vn -4.9547e-17 0.856857 -0.515554 
vn -5.47972e-17 0.947653 -0.319302 
vn -5.24797e-17 0.907575 -0.419889 
vn -5.64722e-17 0.976621 -0.21497 
vn -5.47972e-17 0.947653 -0.319302 
vn -5.74851e-17 0.994138 -0.108119 
vn -5.64722e-17 0.976621 -0.21497 
vn 3.46945e-16 -1 0 
vn 0 1 0 
vn 3.62656e-17 -0.104528 0.994522 
vn 8.60714e-31 -2.48084e-15 1 
vn 0 -0.207912 0.978148 
vn 0 -0.309017 0.951057 
vn 0 -0.406737 0.913545 
vn 0 -0.5 0.866025 
vn 0 -0.587785 0.809017 
vn 0 -0.669131 0.743145 
vn 0 -0.743145 0.669131 
vn 0 -0.809017 0.587785 
vn 0 -0.838671 0.544639 
vn 0 -0.866025 0.5 
vn 0 -0.891007 0.45399 
vn 0 -0.913545 0.406737 
vn 0 -0.93358 0.358368 
vn 0 -0.951057 0.309017 
vn 0 -0.965926 0.258819 
vn 0 -0.978148 0.207912 
vn 0 -0.987688 0.156434 
vn 0 -0.994522 0.104528 
vn 3.46945e-16 -1 2.44929e-16 
vn 0 -0.99863 0.052336 
vn 0 -2.60209e-15 1 
vn 0.104528 0 0.994522 
vn 0.207912 0 0.978148 
vn 0.309017 0 0.951057 
vn 0.406737 0 0.913545 
vn 0.5 0 0.866025 
vn 0.587785 0 0.809017 
vn 0.669131 0 0.743145 
vn 0.743145 0 0.669131 
vn 0.809017 0 0.587785 
vn 0.838671 0 0.544639 
vn 0.866025 0 0.5 
vn 0.891007 0 0.45399 
vn 0.913545 0 0.406737 
vn 0.93358 0 0.358368 
vn 0.951057 0 0.309017 
vn 0.965926 0 0.258819 
vn 0.978148 0 0.207912 
vn 0.987688 0 0.156434 
vn 0.994522 0 0.104528 
vn 0.99863 0 0.052336 
vn 1 0 1.83697e-16 
vn 0.809017 0 0.587785 
vn 0.406737 0 0.913545 
vn 0.207912 0 0.978148 
vn 0 1 1.83697e-16 
vn 0 0.99863 0.052336 
vn 0 0.994522 0.104528 
vn 0 0.978148 0.207912 
vn 0 0.987688 0.156434 
vn 0 0.951057 0.309017 
vn 0 0.978148 0.207912 
vn 0 0.965926 0.258819 
vn 0 0.913545 0.406737 
vn 0 0.951057 0.309017 
vn 0 0.93358 0.358368 
vn 0 0.866025 0.5 
vn 0 0.913545 0.406737 
vn 0 0.891007 0.45399 
vn 0 0.809017 0.587785 
vn 0 0.866025 0.5 
vn 0 0.838671 0.544639 
vn 0 0.743145 0.669131 
vn 0 0.809017 0.587785 
vn 0 0.669131 0.743145 
vn 0 0.743145 0.669131 
vn 0 0.587785 0.809017 
vn 0 0.669131 0.743145 
vn 0 0.5 0.866025 
vn 0 0.587785 0.809017 
vn 0 0.406737 0.913545 
vn 0 0.5 0.866025 
vn 0 0.309017 0.951057 
vn 0 0.406737 0.913545 
vn 0 0.207912 0.978148 
vn 0 0.309017 0.951057 
vn 0 0.104528 0.994522 
vn 0 0.207912 0.978148 
vn 0 0 1 
vn -1 -5.78241e-17 0 
vn 0 -1 0 
vn 0 1 0 
vn -5.74851e-17 0.994138 0.108119 
vn -5.64722e-17 0.976621 0.21497 
vn -5.47972e-17 0.947653 0.319302 
vn -5.24797e-17 0.907575 0.419889 
vn -4.9547e-17 0.856857 0.515554 
vn -4.60334e-17 0.796093 0.605174 
vn -4.198e-17 0.725995 0.687699 
vn -3.74345e-17 0.647386 0.762162 
vn -3.24501e-17 0.561187 0.827689 
vn -2.70853e-17 0.468408 0.883512 
vn -2.14029e-17 0.370138 0.928977 
vn -1.54696e-17 0.267528 0.96355 
vn -9.3549e-18 0.161782 0.986827 
vn -3.13053e-18 0.0541389 0.998533 
vn 1.64697e-31 -2.84823e-15 1 
vn 3.13053e-18 -0.0541389 0.998533 
vn 9.3549e-18 -0.161782 0.986827 
vn 1.54696e-17 -0.267528 0.96355 
vn 2.14029e-17 -0.370138 0.928977 
vn 2.70853e-17 -0.468408 0.883512 
vn 3.24501e-17 -0.561187 0.827689 
vn 3.74345e-17 -0.647386 0.762162 
vn 4.198e-17 -0.725995 0.687699 
vn 4.60334e-17 -0.796093 0.605174 
vn 4.9547e-17 -0.856857 0.515554 
vn 5.24797e-17 -0.907575 0.419889 
vn 5.47972e-17 -0.947653 0.319302 
vn 5.64722e-17 -0.976621 0.21497 
vn 5.74851e-17 -0.994138 0.108119 
vn 5.78241e-17 -1 -1.22465e-16 
vn 5.74851e-17 -0.994138 -0.108119 
vn 5.64722e-17 -0.976621 -0.21497 
vn 5.47972e-17 -0.947653 -0.319302 
vn 5.24797e-17 -0.907575 -0.419889 
vn 4.9547e-17 -0.856857 -0.515554 
vn 4.60334e-17 -0.796093 -0.605174 
vn 4.198e-17 -0.725995 -0.687699 
vn 3.74345e-17 -0.647386 -0.762162 
vn 3.24501e-17 -0.561187 -0.827689 
vn 2.70853e-17 -0.468408 -0.883512 
vn 2.14029e-17 -0.370138 -0.928977 
vn 1.54696e-17 -0.267528 -0.96355 
vn 9.3549e-18 -0.161782 -0.986827 
vn 3.13053e-18 -0.0541389 -0.998533 
vn -3.13053e-18 0.0541389 -0.998533 
vn -9.3549e-18 0.161782 -0.986827 
vn -1.54696e-17 0.267528 -0.96355 
vn -2.14029e-17 0.370138 -0.928977 
vn -2.70853e-17 0.468408 -0.883512 
vn -3.24501e-17 0.561187 -0.827689 
vn -3.74345e-17 0.647386 -0.762162 
vn -4.198e-17 0.725995 -0.687699 
vn -4.60334e-17 0.796093 -0.605174 
vn -4.9547e-17 0.856857 -0.515554 
vn -5.24797e-17 0.907575 -0.419889 
vn -5.47972e-17 0.947653 -0.319302 
vn -5.64722e-17 0.976621 -0.21497 
vn -5.74851e-17 0.994138 -0.108119 
vn -5.74851e-17 0.994138 0.108119 
vn -5.78241e-17 1 2.44929e-16 
vn -5.64722e-17 0.976621 0.21497 
vn -5.74851e-17 0.994138 0.108119 
vn -5.47972e-17 0.947653 0.319302 
vn -5.64722e-17 0.976621 0.21497 
vn -5.24797e-17 0.907575 0.419889 
vn -5.47972e-17 0.947653 0.319302 
vn -4.9547e-17 0.856857 0.515554 
vn -5.24797e-17 0.907575 0.419889 
vn -4.60334e-17 0.796093 0.605174 
vn -4.9547e-17 0.856857 0.515554 
vn -4.198e-17 0.725995 0.687699 
vn -4.60334e-17 0.796093 0.605174 
vn -3.74345e-17 0.647386 0.762162 
vn -4.198e-17 0.725995 0.687699 
vn -3.24501e-17 0.561187 0.827689 
vn -3.74345e-17 0.647386 0.762162 
vn -2.70853e-17 0.468408 0.883512 
vn -3.24501e-17 0.561187 0.827689 
vn -2.14029e-17 0.370138 0.928977 
vn -2.70853e-17 0.468408 0.883512 
vn -1.54696e-17 0.267528 0.96355 
vn -2.14029e-17 0.370138 0.928977 
vn -9.3549e-18 0.161782 0.986827 
vn -1.54696e-17 0.267528 0.96355 
vn -3.13053e-18 0.0541389 0.998533 
vn -9.3549e-18 0.161782 0.986827 
vn 1.64697e-31 -2.84823e-15 1 
vn 3.13053e-18 -0.0541389 0.998533 
vn 9.3549e-18 -0.161782 0.986827 
vn 1.54696e-17 -0.267528 0.96355 
vn 2.14029e-17 -0.370138 0.928977 
vn 2.70853e-17 -0.468408 0.883512 
vn 3.24501e-17 -0.561187 0.827689 
vn 3.74345e-17 -0.647386 0.762162 
vn 4.198e-17 -0.725995 0.687699 
vn 4.60334e-17 -0.796093 0.605174 
vn 4.9547e-17 -0.856857 0.515554 
vn 5.24797e-17 -0.907575 0.419889 
vn 5.47972e-17 -0.947653 0.319302 
vn 5.64722e-17 -0.976621 0.21497 
vn 5.74851e-17 -0.994138 0.108119 
vn 5.78241e-17 -1 -1.22465e-16 
vn 5.74851e-17 -0.994138 -0.108119 
vn 5.64722e-17 -0.976621 -0.21497 
vn 5.47972e-17 -0.947653 -0.319302 
vn 5.24797e-17 -0.907575 -0.419889 
vn 4.9547e-17 -0.856857 -0.515554 
vn 4.60334e-17 -0.796093 -0.605174 
vn 4.198e-17 -0.725995 -0.687699 
vn 3.74345e-17 -0.647386 -0.762162 
vn 3.24501e-17 -0.561187 -0.827689 
vn 2.70853e-17 -0.468408 -0.883512 
vn 0 -0.478527 -0.878073 
vn 2.14029e-17 -0.370138 -0.928977 
vn 1.54696e-17 -0.267528 -0.96355 
vn 9.3549e-18 -0.161782 -0.986827 
vn 3.13053e-18 -0.0541389 -0.998533 
vn -3.13053e-18 0.0541389 -0.998533 
vn -9.3549e-18 0.161782 -0.986827 
vn -1.54696e-17 0.267528 -0.96355 
vn -2.14029e-17 0.370138 -0.928977 
vn -2.70853e-17 0.468408 -0.883512 
vn -3.24501e-17 0.561187 -0.827689 
vn 0 0.478527 -0.878073 
vn -2.70853e-17 0.468408 -0.883512 
vn -3.74345e-17 0.647386 -0.762162 
vn -4.198e-17 0.725995 -0.687699 
vn -4.60334e-17 0.796093 -0.605174 
vn -4.9547e-17 0.856857 -0.515554 
vn -5.24797e-17 0.907575 -0.419889 
vn -5.47972e-17 0.947653 -0.319302 
vn -5.64722e-17 0.976621 -0.21497 
vn -5.74851e-17 0.994138 -0.108119 
vn 0 1 1.83697e-16 
vn 0 0.99863 0.052336 
vn 0 0.994522 0.104528 
vn 0 0.978148 0.207912 
vn 0 0.987688 0.156434 
vn 0 0.951057 0.309017 
vn 0 0.978148 0.207912 
vn 0 0.965926 0.258819 
vn 0 0.913545 0.406737 
vn 0 0.951057 0.309017 
vn 0 0.93358 0.358368 
vn 0 0.866025 0.5 
vn 0 0.913545 0.406737 
vn 0 0.891007 0.45399 
vn 0 0.809017 0.587785 
vn 0 0.866025 0.5 
vn 0 0.838671 0.544639 
vn 0 0.743145 0.669131 
vn 0 0.809017 0.587785 
vn 0 0.669131 0.743145 
vn 0 0.743145 0.669131 
vn 0 0.587785 0.809017 
vn 0 0.669131 0.743145 
vn 0 0.5 0.866025 
vn 0 0.587785 0.809017 
vn 0 0.406737 0.913545 
vn 0 0.5 0.866025 
vn 0 0.309017 0.951057 
vn 0 0.406737 0.913545 
vn 0 0.207912 0.978148 
vn 0 0.309017 0.951057 
vn 0 0.104528 0.994522 
vn 0 0.207912 0.978148 
vn 0 0 1 
vn 1 0 0 
vn 0.104528 0 0.994522 
vn 0 0 1 
vn 0.207912 0 0.978148 
vn 0.309017 0 0.951057 
vn 0.406737 0 0.913545 
vn 0.5 0 0.866025 
vn 0.587785 0 0.809017 
vn 0.669131 0 0.743145 
vn 0.743145 0 0.669131 
vn 0.809017 0 0.587785 
vn 0.838671 0 0.544639 
vn 0.866025 0 0.5 
vn 0.891007 0 0.45399 
vn 0.913545 0 0.406737 
vn 0.93358 0 0.358368 
vn 0.951057 0 0.309017 
vn 0.965926 0 0.258819 
vn 0.978148 0 0.207912 
vn 0.987688 0 0.156434 
vn 0.994522 0 0.104528 
vn 0.99863 0 0.052336 
vn 1 0 1.83697e-16 
vn 0 0 1 
vn 0.104528 0.994522 0 
vn 1.83697e-16 1 0 
vn 0.207912 0.978148 0 
vn 0.104528 0.994522 0 
vn 0.309017 0.951057 0 
vn 0.207912 0.978148 0 
vn 0.406737 0.913545 0 
vn 0.309017 0.951057 0 
vn 0.5 0.866025 0 
vn 0.406737 0.913545 0 
vn 0.587785 0.809017 0 
vn 0.5 0.866025 0 
vn 0.669131 0.743145 0 
vn 0.587785 0.809017 0 
vn 0.743145 0.669131 0 
vn 0.669131 0.743145 0 
vn 0.809017 0.587785 0 
vn 0.743145 0.669131 0 
vn 0.866025 0.5 0 
vn 0.809017 0.587785 0 
vn 0.913545 0.406737 0 
vn 0.866025 0.5 0 
vn 0.951057 0.309017 0 
vn 0.913545 0.406737 0 
vn 0.978148 0.207912 0 
vn 0.951057 0.309017 0 
vn 0.994522 0.104528 0 
vn 0.978148 0.207912 0 
vn 1 -1.22465e-16 0 
vn 0.994522 0.104528 0 
vn 0 -1 0 
vn 0 0 1 
vn -5.74851e-17 0.994138 0.108119 
vn -5.78241e-17 1 2.44929e-16 
vn -5.64722e-17 0.976621 0.21497 
vn -5.74851e-17 0.994138 0.108119 
vn -5.47972e-17 0.947653 0.319302 
vn -5.64722e-17 0.976621 0.21497 
vn -5.24797e-17 0.907575 0.419889 
vn -5.47972e-17 0.947653 0.319302 
vn -4.9547e-17 0.856857 0.515554 
vn -5.24797e-17 0.907575 0.419889 
vn -4.60334e-17 0.796093 0.605174 
vn -4.9547e-17 0.856857 0.515554 
vn -4.198e-17 0.725995 0.687699 
vn -4.60334e-17 0.796093 0.605174 
vn -3.74345e-17 0.647386 0.762162 
vn -4.198e-17 0.725995 0.687699 
vn -3.24501e-17 0.561187 0.827689 
vn -3.74345e-17 0.647386 0.762162 
vn -2.70853e-17 0.468408 0.883512 
vn 0 0.478527 0.878073 
vn -2.14029e-17 0.370138 0.928977 
vn -1.54696e-17 0.267528 0.96355 
vn -9.3549e-18 0.161782 0.986827 
vn -3.13053e-18 0.0541389 0.998533 
vn 1.64697e-31 -2.84823e-15 1 
vn 3.13053e-18 -0.0541389 0.998533 
vn 9.3549e-18 -0.161782 0.986827 
vn 1.54696e-17 -0.267528 0.96355 
vn 2.14029e-17 -0.370138 0.928977 
vn 2.70853e-17 -0.468408 0.883512 
vn 3.24501e-17 -0.561187 0.827689 
vn 0 -0.478527 0.878073 
vn 2.70853e-17 -0.468408 0.883512 
vn 3.74345e-17 -0.647386 0.762162 
vn 4.198e-17 -0.725995 0.687699 
vn 4.60334e-17 -0.796093 0.605174 
vn 4.9547e-17 -0.856857 0.515554 
vn 5.24797e-17 -0.907575 0.419889 
vn 5.47972e-17 -0.947653 0.319302 
vn 5.64722e-17 -0.976621 0.21497 
vn 5.74851e-17 -0.994138 0.108119 
vn 5.78241e-17 -1 -1.22465e-16 
vn 5.74851e-17 -0.994138 -0.108119 
vn 5.64722e-17 -0.976621 -0.21497 
vn 5.47972e-17 -0.947653 -0.319302 
vn 5.24797e-17 -0.907575 -0.419889 
vn 4.9547e-17 -0.856857 -0.515554 
vn 4.60334e-17 -0.796093 -0.605174 
vn 4.198e-17 -0.725995 -0.687699 
vn 3.74345e-17 -0.647386 -0.762162 
vn 3.24501e-17 -0.561187 -0.827689 
vn 2.70853e-17 -0.468408 -0.883512 
vn 2.14029e-17 -0.370138 -0.928977 
vn 1.54696e-17 -0.267528 -0.96355 
vn 9.3549e-18 -0.161782 -0.986827 
vn 3.13053e-18 -0.0541389 -0.998533 
vn -3.13053e-18 0.0541389 -0.998533 
vn -9.3549e-18 0.161782 -0.986827 
vn -1.54696e-17 0.267528 -0.96355 
vn -2.14029e-17 0.370138 -0.928977 
vn -2.70853e-17 0.468408 -0.883512 
vn -3.24501e-17 0.561187 -0.827689 
vn -3.74345e-17 0.647386 -0.762162 
vn -4.198e-17 0.725995 -0.687699 
vn -4.60334e-17 0.796093 -0.605174 
vn -4.9547e-17 0.856857 -0.515554 
vn -5.24797e-17 0.907575 -0.419889 
vn -5.47972e-17 0.947653 -0.319302 
vn -5.64722e-17 0.976621 -0.21497 
vn -5.74851e-17 0.994138 -0.108119 
vn -5.74851e-17 0.994138 0.108119 
vn -5.78241e-17 1 2.44929e-16 
vn -5.64722e-17 0.976621 0.21497 
vn -5.74851e-17 0.994138 0.108119 
vn -5.47972e-17 0.947653 0.319302 
vn -5.64722e-17 0.976621 0.21497 
vn -5.24797e-17 0.907575 0.419889 
vn -5.47972e-17 0.947653 0.319302 
vn -4.9547e-17 0.856857 0.515554 
vn -5.24797e-17 0.907575 0.419889 
vn -4.60334e-17 0.796093 0.605174 
vn -4.9547e-17 0.856857 0.515554 
vn -4.198e-17 0.725995 0.687699 
vn -4.60334e-17 0.796093 0.605174 
vn -3.74345e-17 0.647386 0.762162 
vn -4.198e-17 0.725995 0.687699 
vn -3.24501e-17 0.561187 0.827689 
vn -3.74345e-17 0.647386 0.762162 
vn -2.70853e-17 0.468408 0.883512 
vn 0 0.478527 0.878073 
vn -2.14029e-17 0.370138 0.928977 
vn -1.54696e-17 0.267528 0.96355 
vn -9.3549e-18 0.161782 0.986827 
vn -3.13053e-18 0.0541389 0.998533 
vn 1.64697e-31 -2.84823e-15 1 
vn 3.13053e-18 -0.0541389 0.998533 
vn 9.3549e-18 -0.161782 0.986827 
vn 1.54696e-17 -0.267528 0.96355 
vn 2.14029e-17 -0.370138 0.928977 
vn 2.70853e-17 -0.468408 0.883512 
vn 3.24501e-17 -0.561187 0.827689 
vn 0 -0.478527 0.878073 
vn 2.70853e-17 -0.468408 0.883512 
vn 3.74345e-17 -0.647386 0.762162 
vn 4.198e-17 -0.725995 0.687699 
vn 4.60334e-17 -0.796093 0.605174 
vn 4.9547e-17 -0.856857 0.515554 
vn 5.24797e-17 -0.907575 0.419889 
vn 5.47972e-17 -0.947653 0.319302 
vn 5.64722e-17 -0.976621 0.21497 
vn 5.74851e-17 -0.994138 0.108119 
vn 5.78241e-17 -1 -1.22465e-16 
vn 5.74851e-17 -0.994138 -0.108119 
vn 5.64722e-17 -0.976621 -0.21497 
vn 5.47972e-17 -0.947653 -0.319302 
vn 5.24797e-17 -0.907575 -0.419889 
vn 4.9547e-17 -0.856857 -0.515554 
vn 4.60334e-17 -0.796093 -0.605174 
vn 4.198e-17 -0.725995 -0.687699 
vn 3.74345e-17 -0.647386 -0.762162 
vn 3.24501e-17 -0.561187 -0.827689 
vn 2.70853e-17 -0.468408 -0.883512 
vn 2.14029e-17 -0.370138 -0.928977 
vn 1.54696e-17 -0.267528 -0.96355 
vn 9.3549e-18 -0.161782 -0.986827 
vn 3.13053e-18 -0.0541389 -0.998533 
vn -3.13053e-18 0.0541389 -0.998533 
vn -9.3549e-18 0.161782 -0.986827 
vn -1.54696e-17 0.267528 -0.96355 
vn -2.14029e-17 0.370138 -0.928977 
vn -2.70853e-17 0.468408 -0.883512 
vn -3.24501e-17 0.561187 -0.827689 
vn -3.74345e-17 0.647386 -0.762162 
vn -4.198e-17 0.725995 -0.687699 
vn -4.60334e-17 0.796093 -0.605174 
vn -4.9547e-17 0.856857 -0.515554 
vn -5.24797e-17 0.907575 -0.419889 
vn -5.47972e-17 0.947653 -0.319302 
vn -5.64722e-17 0.976621 -0.21497 
vn -5.74851e-17 0.994138 -0.108119 
vn 1 0 0 
vn 0 -0.104528 0.994522 
vn 0 0 1 
vn 0 -0.207912 0.978148 
vn 0 -0.309017 0.951057 
vn 0 -0.406737 0.913545 
vn 0 -0.5 0.866025 
vn 0 -0.587785 0.809017 
vn 0 -0.669131 0.743145 
vn 0 -0.743145 0.669131 
vn 0 -0.809017 0.587785 
vn 0 -0.838671 0.544639 
vn 0 -0.866025 0.5 
vn 0 -0.891007 0.45399 
vn 0 -0.913545 0.406737 
vn 0 -0.93358 0.358368 
vn 0 -0.951057 0.309017 
vn 0 -0.965926 0.258819 
vn 0 -0.978148 0.207912 
vn 0 -0.987688 0.156434 
vn 0 -0.994522 0.104528 
vn 0 -1 6.12323e-17 
vn 0 -0.99863 0.052336 
vn 0 0 1 
vn 0.994522 0 0.104528 
vn 1 0 1.83697e-16 
vn 0.99863 0 0.052336 
vn 0.978148 0 0.207912 
vn 0.994522 0 0.104528 
vn 0.987688 0 0.156434 
vn 0.951057 0 0.309017 
vn 0.978148 0 0.207912 
vn 0.965926 0 0.258819 
vn 0.913545 0 0.406737 
vn 0.951057 0 0.309017 
vn 0.93358 0 0.358368 
vn 0.866025 0 0.5 
vn 0.913545 0 0.406737 
vn 0.891007 0 0.45399 
vn 0.809017 0 0.587785 
vn 0.866025 0 0.5 
vn 0.838671 0 0.544639 
vn 0.743145 0 0.669131 
vn 0.809017 0 0.587785 
vn 0.669131 0 0.743145 
vn 0.743145 0 0.669131 
vn 0.587785 0 0.809017 
vn 0.669131 0 0.743145 
vn 0.5 0 0.866025 
vn 0.587785 0 0.809017 
vn 0.406737 0 0.913545 
vn 0.5 0 0.866025 
vn 0.309017 0 0.951057 
vn 0.406737 0 0.913545 
vn 0.207912 0 0.978148 
vn 0.309017 0 0.951057 
vn 0.104528 0 0.994522 
vn 0.207912 0 0.978148 
vn -1.22465e-16 0 1 
vn 0.104528 0 0.994522 
vn 0.104528 0.994522 -1.92016e-17 
vn 0.103956 0.994522 0.0109262 
vn 0.206773 0.978148 0.0217327 
vn 0.102244 0.994522 0.0217327 
vn 0.203368 0.978148 0.0432273 
vn 0.0994125 0.994522 0.0323011 
vn 0.197736 0.978148 0.0642482 
vn 0.0954915 0.994522 0.0425156 
vn 0.189937 0.978148 0.0845653 
vn 0.0905243 0.994522 0.0522642 
vn 0.180057 0.978148 0.103956 
vn 0.0845653 0.994522 0.0614403 
vn 0.168204 0.978148 0.122207 
vn 0.0776798 0.994522 0.0699432 
vn 0.154508 0.978148 0.13912 
vn 0.0699432 0.994522 0.0776798 
vn 0.13912 0.978148 0.154508 
vn 0.0614403 0.994522 0.0845653 
vn 0.122207 0.978148 0.168204 
vn 0.0522642 0.994522 0.0905243 
vn 0.103956 0.978148 0.180057 
vn 0.0425156 0.994522 0.0954915 
vn 0.0845653 0.978148 0.189937 
vn 0.0323011 0.994522 0.0994125 
vn 0.0642482 0.978148 0.197736 
vn 0.0217327 0.994522 0.102244 
vn 0.0432273 0.978148 0.203368 
vn 0.0109262 0.994522 0.103956 
vn 0.0217327 0.978148 0.206773 
vn 1.45062e-17 0.994522 0.104528 
vn 2.88535e-17 0.978148 0.207912 
vn 0.207912 0.978148 -3.81928e-17 
vn 0.307324 0.951057 0.0323011 
vn 0.302264 0.951057 0.0642482 
vn 0.293893 0.951057 0.0954915 
vn 0.282301 0.951057 0.125689 
vn 0.267617 0.951057 0.154508 
vn 0.25 0.951057 0.181636 
vn 0.229644 0.951057 0.206773 
vn 0.206773 0.951057 0.229644 
vn 0.181636 0.951057 0.25 
vn 0.154508 0.951057 0.267617 
vn 0.125689 0.951057 0.282301 
vn 0.0954915 0.951057 0.293893 
vn 0.0642482 0.951057 0.302264 
vn 0.0323011 0.951057 0.307324 
vn 4.28847e-17 0.951057 0.309017 
vn 0.309017 0.951057 -5.67655e-17 
vn 0.404508 0.913545 0.0425156 
vn 0.397848 0.913545 0.0845653 
vn 0.38683 0.913545 0.125689 
vn 0.371572 0.913545 0.165435 
vn 0.352244 0.913545 0.203368 
vn 0.329057 0.913545 0.239074 
vn 0.302264 0.913545 0.27216 
vn 0.27216 0.913545 0.302264 
vn 0.239074 0.913545 0.329057 
vn 0.203368 0.913545 0.352244 
vn 0.165435 0.913545 0.371572 
vn 0.125689 0.913545 0.38683 
vn 0.0845653 0.913545 0.397848 
vn 0.0425156 0.913545 0.404508 
vn 5.6446e-17 0.913545 0.406737 
vn 0.406737 0.913545 -7.47163e-17 
vn 0.497261 0.866025 0.0522642 
vn 0.489074 0.866025 0.103956 
vn 0.475528 0.866025 0.154508 
vn 0.456773 0.866025 0.203368 
vn 0.433013 0.866025 0.25 
vn 0.404508 0.866025 0.293893 
vn 0.371572 0.866025 0.334565 
vn 0.334565 0.866025 0.371572 
vn 0.293893 0.866025 0.404508 
vn 0.25 0.866025 0.433013 
vn 0.203368 0.866025 0.456773 
vn 0.154508 0.866025 0.475528 
vn 0.103956 0.866025 0.489074 
vn 0.0522642 0.866025 0.497261 
vn 2.42861e-16 0.866025 0.5 
vn 0.5 0.866025 -9.18485e-17 
vn 0.584565 0.809017 0.0614403 
vn 0.574941 0.809017 0.122207 
vn 0.559017 0.809017 0.181636 
vn 0.536969 0.809017 0.239074 
vn 0.509037 0.809017 0.293893 
vn 0.475528 0.809017 0.345492 
vn 0.43681 0.809017 0.393305 
vn 0.393305 0.809017 0.43681 
vn 0.345492 0.809017 0.475528 
vn 0.293893 0.809017 0.509037 
vn 0.239074 0.809017 0.536969 
vn 0.181636 0.809017 0.559017 
vn 0.122207 0.809017 0.574941 
vn 0.0614403 0.809017 0.584565 
vn 2.55044e-16 0.809017 0.587785 
vn 0.587785 0.809017 -1.07974e-16 
vn 0.665465 0.743145 0.0699432 
vn 0.654508 0.743145 0.13912 
vn 0.636381 0.743145 0.206773 
vn 0.611281 0.743145 0.27216 
vn 0.579484 0.743145 0.334565 
vn 0.541338 0.743145 0.393305 
vn 0.497261 0.743145 0.447736 
vn 0.447736 0.743145 0.497261 
vn 0.393305 0.743145 0.541338 
vn 0.334565 0.743145 0.579484 
vn 0.27216 0.743145 0.611281 
vn 0.206773 0.743145 0.636381 
vn 0.13912 0.743145 0.654508 
vn 0.0699432 0.743145 0.665465 
vn 2.66333e-16 0.743145 0.669131 
vn 0.669131 0.743145 -1.22917e-16 
vn 0.739074 0.669131 0.0776798 
vn 0.726905 0.669131 0.154508 
vn 0.706773 0.669131 0.229644 
vn 0.678897 0.669131 0.302264 
vn 0.643582 0.669131 0.371572 
vn 0.601217 0.669131 0.43681 
vn 0.552264 0.669131 0.497261 
vn 0.497261 0.669131 0.552264 
vn 0.43681 0.669131 0.601217 
vn 0.371572 0.669131 0.643582 
vn 0.302264 0.669131 0.678897 
vn 0.229644 0.669131 0.706773 
vn 0.154508 0.669131 0.726905 
vn 0.0776798 0.669131 0.739074 
vn 2.76604e-16 0.669131 0.743145 
vn 0.743145 0.669131 -1.36513e-16 
vn 0.804585 0.587785 0.0845653 
vn 0.791338 0.587785 0.168204 
vn 0.769421 0.587785 0.25 
vn 0.739074 0.587785 0.329057 
vn 0.700629 0.587785 0.404508 
vn 0.654508 0.587785 0.475528 
vn 0.601217 0.587785 0.541338 
vn 0.541338 0.587785 0.601217 
vn 0.475528 0.587785 0.654508 
vn 0.404508 0.587785 0.700629 
vn 0.329057 0.587785 0.739074 
vn 0.25 0.587785 0.769421 
vn 0.168204 0.587785 0.791338 
vn 0.0845653 0.587785 0.804585 
vn 2.85746e-16 0.587785 0.809017 
vn 0.809017 0.587785 -1.48614e-16 
vn 0.861281 0.5 0.0905243 
vn 0.847101 0.5 0.180057 
vn 0.823639 0.5 0.267617 
vn 0.791154 0.5 0.352244 
vn 0.75 0.5 0.433013 
vn 0.700629 0.5 0.509037 
vn 0.643582 0.5 0.579484 
vn 0.579484 0.5 0.643582 
vn 0.509037 0.5 0.700629 
vn 0.433013 0.5 0.75 
vn 0.352244 0.5 0.791154 
vn 0.267617 0.5 0.823639 
vn 0.180057 0.5 0.847101 
vn 0.0905243 0.5 0.861281 
vn 2.93658e-16 0.5 0.866025 
vn 0.866025 0.5 -1.59086e-16 
vn 0.908541 0.406737 0.0954915 
vn 0.893582 0.406737 0.189937 
vn 0.868833 0.406737 0.282301 
vn 0.834565 0.406737 0.371572 
vn 0.791154 0.406737 0.456773 
vn 0.739074 0.406737 0.536969 
vn 0.678897 0.406737 0.611281 
vn 0.611281 0.406737 0.678897 
vn 0.536969 0.406737 0.739074 
vn 0.456773 0.406737 0.791154 
vn 0.371572 0.406737 0.834565 
vn 0.282301 0.406737 0.868833 
vn 0.189937 0.406737 0.893582 
vn 0.0954915 0.406737 0.908541 
vn 3.00252e-16 0.406737 0.913545 
vn 0.913545 0.406737 -1.67816e-16 
vn 0.945847 0.309017 0.0994125 
vn 0.930274 0.309017 0.197736 
vn 0.904508 0.309017 0.293893 
vn 0.868833 0.309017 0.38683 
vn 0.823639 0.309017 0.475528 
vn 0.769421 0.309017 0.559017 
vn 0.706773 0.309017 0.636381 
vn 0.636381 0.309017 0.706773 
vn 0.559017 0.309017 0.769421 
vn 0.475528 0.309017 0.823639 
vn 0.38683 0.309017 0.868833 
vn 0.293893 0.309017 0.904508 
vn 0.197736 0.309017 0.930274 
vn 0.0994125 0.309017 0.945847 
vn 3.05458e-16 0.309017 0.951057 
vn 0.951057 0.309017 -1.74706e-16 
vn 0.972789 0.207912 0.102244 
vn 0.956773 0.207912 0.203368 
vn 0.930274 0.207912 0.302264 
vn 0.893582 0.207912 0.397848 
vn 0.847101 0.207912 0.489074 
vn 0.791338 0.207912 0.574941 
vn 0.726905 0.207912 0.654508 
vn 0.654508 0.207912 0.726905 
vn 0.574941 0.207912 0.791338 
vn 0.489074 0.207912 0.847101 
vn 0.397848 0.207912 0.893582 
vn 0.302264 0.207912 0.930274 
vn 0.203368 0.207912 0.956773 
vn 0.102244 0.207912 0.972789 
vn 3.09218e-16 0.207912 0.978148 
vn 0.978148 0.207912 -1.79683e-16 
vn 0.989074 0.104528 0.103956 
vn 0.972789 0.104528 0.206773 
vn 0.945847 0.104528 0.307324 
vn 0.908541 0.104528 0.404508 
vn 0.861281 0.104528 0.497261 
vn 0.804585 0.104528 0.584565 
vn 0.739074 0.104528 0.665465 
vn 0.665465 0.104528 0.739074 
vn 0.584565 0.104528 0.804585 
vn 0.497261 0.104528 0.861281 
vn 0.404508 0.104528 0.908541 
vn 0.307324 0.104528 0.945847 
vn 0.206773 0.104528 0.972789 
vn 0.103956 0.104528 0.989074 
vn 3.1149e-16 0.104528 0.994522 
vn 0.994522 0.104528 -1.82691e-16 
vn 0.994522 0 0.104528 
vn 0.978148 0 0.207912 
vn 0.951057 0 0.309017 
vn 0.913545 0 0.406737 
vn 0.866025 0 0.5 
vn 0.809017 0 0.587785 
vn 0.743145 0 0.669131 
vn 0.669131 0 0.743145 
vn 0.587785 0 0.809017 
vn 0.5 0 0.866025 
vn 0.406737 0 0.913545 
vn 0.309017 0 0.951057 
vn 0.207912 0 0.978148 
vn 0.104528 0 0.994522 
vn 3.1225e-16 0 1 
vn 1 0 -1.83697e-16 
vn 0 1 0 
vn 0 0.994522 0.104528 
vn 0 0.978148 0.207912 
vn 0 0.951057 0.309017 
vn 0 0.913545 0.406737 
vn 0 0.866025 0.5 
vn 0 0.809017 0.587785 
vn 0 0.743145 0.669131 
vn 0 0.669131 0.743145 
vn 0 0.587785 0.809017 
vn 0 0.5 0.866025 
vn 0 0.406737 0.913545 
vn 0 0.309017 0.951057 
vn 0 0.207912 0.978148 
vn 0 0.104528 0.994522 
vn 0 0 1 
vn -0.104528 0.994522 0 
vn -1.83697e-16 1 0 
vn -0.207912 0.978148 0 
vn -0.104528 0.994522 0 
vn -0.309017 0.951057 0 
vn -0.207912 0.978148 0 
vn -0.406737 0.913545 0 
vn -0.309017 0.951057 0 
vn -0.5 0.866025 0 
vn -0.406737 0.913545 0 
vn -0.587785 0.809017 0 
vn -0.5 0.866025 0 
vn -0.669131 0.743145 0 
vn -0.587785 0.809017 0 
vn -0.743145 0.669131 0 
vn -0.669131 0.743145 0 
vn -0.809017 0.587785 0 
vn -0.743145 0.669131 0 
vn -0.866025 0.5 0 
vn -0.809017 0.587785 0 
vn -0.913545 0.406737 0 
vn -0.866025 0.5 0 
vn -0.951057 0.309017 0 
vn -0.913545 0.406737 0 
vn -0.978148 0.207912 0 
vn -0.951057 0.309017 0 
vn -0.994522 0.104528 0 
vn -0.978148 0.207912 0 
vn -1 -1.22465e-16 0 
vn -0.994522 0.104528 0 
vn 0 0 1 
vn 0 1 0 
vn 0 0.104528 0.994522 
vn 0 0.207912 0.978148 
vn 0 0.309017 0.951057 
vn 0 0.406737 0.913545 
vn 0 0.5 0.866025 
vn 0 0.587785 0.809017 
vn 0 0.669131 0.743145 
vn 0 0.743145 0.669131 
vn 0 0.809017 0.587785 
vn 0 0.838671 0.544639 
vn 0 0.866025 0.5 
vn 0 0.891007 0.45399 
vn 0 0.913545 0.406737 
vn 0 0.93358 0.358368 
vn 0 0.951057 0.309017 
vn 0 0.965926 0.258819 
vn 0 0.978148 0.207912 
vn 0 0.987688 0.156434 
vn 0 0.994522 0.104528 
vn 0 1 1.83697e-16 
vn 0 0.99863 0.052336 
vn -0.994522 0 0.104528 
vn -1 0 6.12323e-17 
vn -0.99863 0 0.052336 
vn -0.978148 0 0.207912 
vn -0.994522 0 0.104528 
vn -0.987688 0 0.156434 
vn -0.951057 0 0.309017 
vn -0.978148 0 0.207912 
vn -0.965926 0 0.258819 
vn -0.913545 0 0.406737 
vn -0.951057 0 0.309017 
vn -0.93358 0 0.358368 
vn -0.866025 0 0.5 
vn -0.913545 0 0.406737 
vn -0.891007 0 0.45399 
vn -0.809017 0 0.587785 
vn -0.866025 0 0.5 
vn -0.838671 0 0.544639 
vn -0.743145 0 0.669131 
vn -0.809017 0 0.587785 
vn -0.669131 0 0.743145 
vn -0.743145 0 0.669131 
vn -0.587785 0 0.809017 
vn -0.669131 0 0.743145 
vn -0.5 0 0.866025 
vn -0.587785 0 0.809017 
vn -0.406737 0 0.913545 
vn -0.5 0 0.866025 
vn -0.309017 0 0.951057 
vn -0.406737 0 0.913545 
vn -0.207912 0 0.978148 
vn -0.309017 0 0.951057 
vn -0.104528 0 0.994522 
vn -0.207912 0 0.978148 
vn 0 0 1 
vn -0.994522 0.104528 -1.92016e-17 
vn -0.994522 0.103956 0.0109262 
vn -0.978148 0.206773 0.0217327 
vn -0.994522 0.102244 0.0217327 
vn -0.978148 0.203368 0.0432273 
vn -0.994522 0.0994125 0.0323011 
vn -0.978148 0.197736 0.0642482 
vn -0.994522 0.0954915 0.0425156 
vn -0.978148 0.189937 0.0845653 
vn -0.994522 0.0905243 0.0522642 
vn -0.978148 0.180057 0.103956 
vn -0.994522 0.0845653 0.0614403 
vn -0.978148 0.168204 0.122207 
vn -0.994522 0.0776798 0.0699432 
vn -0.978148 0.154508 0.13912 
vn -0.994522 0.0699432 0.0776798 
vn -0.978148 0.13912 0.154508 
vn -0.994522 0.0614403 0.0845653 
vn -0.978148 0.122207 0.168204 
vn -0.994522 0.0522642 0.0905243 
vn -0.978148 0.103956 0.180057 
vn -0.994522 0.0425156 0.0954915 
vn -0.978148 0.0845653 0.189937 
vn -0.994522 0.0323011 0.0994125 
vn -0.978148 0.0642482 0.197736 
vn -0.994522 0.0217327 0.102244 
vn -0.978148 0.0432273 0.203368 
vn -0.994522 0.0109262 0.103956 
vn -0.978148 0.0217327 0.206773 
vn -0.994522 1.45062e-17 0.104528 
vn -0.978148 2.88535e-17 0.207912 
vn -0.978148 0.207912 -3.81928e-17 
vn -0.951057 0.307324 0.0323011 
vn -0.951057 0.302264 0.0642482 
vn -0.951057 0.293893 0.0954915 
vn -0.951057 0.282301 0.125689 
vn -0.951057 0.267617 0.154508 
vn -0.951057 0.25 0.181636 
vn -0.951057 0.229644 0.206773 
vn -0.951057 0.206773 0.229644 
vn -0.951057 0.181636 0.25 
vn -0.951057 0.154508 0.267617 
vn -0.951057 0.125689 0.282301 
vn -0.951057 0.0954915 0.293893 
vn -0.951057 0.0642482 0.302264 
vn -0.951057 0.0323011 0.307324 
vn -0.951057 4.28847e-17 0.309017 
vn -0.951057 0.309017 -5.67655e-17 
vn -0.913545 0.404508 0.0425156 
vn -0.913545 0.397848 0.0845653 
vn -0.913545 0.38683 0.125689 
vn -0.913545 0.371572 0.165435 
vn -0.913545 0.352244 0.203368 
vn -0.913545 0.329057 0.239074 
vn -0.913545 0.302264 0.27216 
vn -0.913545 0.27216 0.302264 
vn -0.913545 0.239074 0.329057 
vn -0.913545 0.203368 0.352244 
vn -0.913545 0.165435 0.371572 
vn -0.913545 0.125689 0.38683 
vn -0.913545 0.0845653 0.397848 
vn -0.913545 0.0425156 0.404508 
vn -0.913545 5.6446e-17 0.406737 
vn -0.913545 0.406737 -7.47163e-17 
vn -0.866025 0.497261 0.0522642 
vn -0.866025 0.489074 0.103956 
vn -0.866025 0.475528 0.154508 
vn -0.866025 0.456773 0.203368 
vn -0.866025 0.433013 0.25 
vn -0.866025 0.404508 0.293893 
vn -0.866025 0.371572 0.334565 
vn -0.866025 0.334565 0.371572 
vn -0.866025 0.293893 0.404508 
vn -0.866025 0.25 0.433013 
vn -0.866025 0.203368 0.456773 
vn -0.866025 0.154508 0.475528 
vn -0.866025 0.103956 0.489074 
vn -0.866025 0.0522642 0.497261 
vn -0.866025 2.42861e-16 0.5 
vn -0.866025 0.5 -9.18485e-17 
vn -0.809017 0.584565 0.0614403 
vn -0.809017 0.574941 0.122207 
vn -0.809017 0.559017 0.181636 
vn -0.809017 0.536969 0.239074 
vn -0.809017 0.509037 0.293893 
vn -0.809017 0.475528 0.345492 
vn -0.809017 0.43681 0.393305 
vn -0.809017 0.393305 0.43681 
vn -0.809017 0.345492 0.475528 
vn -0.809017 0.293893 0.509037 
vn -0.809017 0.239074 0.536969 
vn -0.809017 0.181636 0.559017 
vn -0.809017 0.122207 0.574941 
vn -0.809017 0.0614403 0.584565 
vn -0.809017 2.55044e-16 0.587785 
vn -0.809017 0.587785 -1.07974e-16 
vn -0.743145 0.665465 0.0699432 
vn -0.743145 0.654508 0.13912 
vn -0.743145 0.636381 0.206773 
vn -0.743145 0.611281 0.27216 
vn -0.743145 0.579484 0.334565 
vn -0.743145 0.541338 0.393305 
vn -0.743145 0.497261 0.447736 
vn -0.743145 0.447736 0.497261 
vn -0.743145 0.393305 0.541338 
vn -0.743145 0.334565 0.579484 
vn -0.743145 0.27216 0.611281 
vn -0.743145 0.206773 0.636381 
vn -0.743145 0.13912 0.654508 
vn -0.743145 0.0699432 0.665465 
vn -0.743145 2.66333e-16 0.669131 
vn -0.743145 0.669131 -1.22917e-16 
vn -0.669131 0.739074 0.0776798 
vn -0.669131 0.726905 0.154508 
vn -0.669131 0.706773 0.229644 
vn -0.669131 0.678897 0.302264 
vn -0.669131 0.643582 0.371572 
vn -0.669131 0.601217 0.43681 
vn -0.669131 0.552264 0.497261 
vn -0.669131 0.497261 0.552264 
vn -0.669131 0.43681 0.601217 
vn -0.669131 0.371572 0.643582 
vn -0.669131 0.302264 0.678897 
vn -0.669131 0.229644 0.706773 
vn -0.669131 0.154508 0.726905 
vn -0.669131 0.0776798 0.739074 
vn -0.669131 2.76604e-16 0.743145 
vn -0.669131 0.743145 -1.36513e-16 
vn -0.587785 0.804585 0.0845653 
vn -0.587785 0.791338 0.168204 
vn -0.587785 0.769421 0.25 
vn -0.587785 0.739074 0.329057 
vn -0.587785 0.700629 0.404508 
vn -0.587785 0.654508 0.475528 
vn -0.587785 0.601217 0.541338 
vn -0.587785 0.541338 0.601217 
vn -0.587785 0.475528 0.654508 
vn -0.587785 0.404508 0.700629 
vn -0.587785 0.329057 0.739074 
vn -0.587785 0.25 0.769421 
vn -0.587785 0.168204 0.791338 
vn -0.587785 0.0845653 0.804585 
vn -0.587785 2.85746e-16 0.809017 
vn -0.587785 0.809017 -1.48614e-16 
vn -0.5 0.861281 0.0905243 
vn -0.5 0.847101 0.180057 
vn -0.5 0.823639 0.267617 
vn -0.5 0.791154 0.352244 
vn -0.5 0.75 0.433013 
vn -0.5 0.700629 0.509037 
vn -0.5 0.643582 0.579484 
vn -0.5 0.579484 0.643582 
vn -0.5 0.509037 0.700629 
vn -0.5 0.433013 0.75 
vn -0.5 0.352244 0.791154 
vn -0.5 0.267617 0.823639 
vn -0.5 0.180057 0.847101 
vn -0.5 0.0905243 0.861281 
vn -0.5 2.93658e-16 0.866025 
vn -0.5 0.866025 -1.59086e-16 
vn -0.406737 0.908541 0.0954915 
vn -0.406737 0.893582 0.189937 
vn -0.406737 0.868833 0.282301 
vn -0.406737 0.834565 0.371572 
vn -0.406737 0.791154 0.456773 
vn -0.406737 0.739074 0.536969 
vn -0.406737 0.678897 0.611281 
vn -0.406737 0.611281 0.678897 
vn -0.406737 0.536969 0.739074 
vn -0.406737 0.456773 0.791154 
vn -0.406737 0.371572 0.834565 
vn -0.406737 0.282301 0.868833 
vn -0.406737 0.189937 0.893582 
vn -0.406737 0.0954915 0.908541 
vn -0.406737 3.00252e-16 0.913545 
vn -0.406737 0.913545 -1.67816e-16 
vn -0.309017 0.945847 0.0994125 
vn -0.309017 0.930274 0.197736 
vn -0.309017 0.904508 0.293893 
vn -0.309017 0.868833 0.38683 
vn -0.309017 0.823639 0.475528 
vn -0.309017 0.769421 0.559017 
vn -0.309017 0.706773 0.636381 
vn -0.309017 0.636381 0.706773 
vn -0.309017 0.559017 0.769421 
vn -0.309017 0.475528 0.823639 
vn -0.309017 0.38683 0.868833 
vn -0.309017 0.293893 0.904508 
vn -0.309017 0.197736 0.930274 
vn -0.309017 0.0994125 0.945847 
vn -0.309017 3.05458e-16 0.951057 
vn -0.309017 0.951057 -1.74706e-16 
vn -0.207912 0.972789 0.102244 
vn -0.207912 0.956773 0.203368 
vn -0.207912 0.930274 0.302264 
vn -0.207912 0.893582 0.397848 
vn -0.207912 0.847101 0.489074 
vn -0.207912 0.791338 0.574941 
vn -0.207912 0.726905 0.654508 
vn -0.207912 0.654508 0.726905 
vn -0.207912 0.574941 0.791338 
vn -0.207912 0.489074 0.847101 
vn -0.207912 0.397848 0.893582 
vn -0.207912 0.302264 0.930274 
vn -0.207912 0.203368 0.956773 
vn -0.207912 0.102244 0.972789 
vn -0.207912 3.09218e-16 0.978148 
vn -0.207912 0.978148 -1.79683e-16 
vn -0.104528 0.989074 0.103956 
vn -0.104528 0.972789 0.206773 
vn -0.104528 0.945847 0.307324 
vn -0.104528 0.908541 0.404508 
vn -0.104528 0.861281 0.497261 
vn -0.104528 0.804585 0.584565 
vn -0.104528 0.739074 0.665465 
vn -0.104528 0.665465 0.739074 
vn -0.104528 0.584565 0.804585 
vn -0.104528 0.497261 0.861281 
vn -0.104528 0.404508 0.908541 
vn -0.104528 0.307324 0.945847 
vn -0.104528 0.206773 0.972789 
vn -0.104528 0.103956 0.989074 
vn -0.104528 3.1149e-16 0.994522 
vn -0.104528 0.994522 -1.82691e-16 
vn 0 0.994522 0.104528 
vn 0 0.978148 0.207912 
vn 0 0.951057 0.309017 
vn 0 0.913545 0.406737 
vn 0 0.866025 0.5 
vn 0 0.809017 0.587785 
vn 0 0.743145 0.669131 
vn 0 0.669131 0.743145 
vn 0 0.587785 0.809017 
vn 0 0.5 0.866025 
vn 0 0.406737 0.913545 
vn 0 0.309017 0.951057 
vn 0 0.207912 0.978148 
vn 0 0.104528 0.994522 
vn 0 3.1225e-16 1 
vn 0 1 -1.83697e-16 
vn -1 0 0 
vn -5.74851e-17 0.994138 0.108119 
vn -5.78241e-17 1 2.44929e-16 
vn -5.64722e-17 0.976621 0.21497 
vn -5.74851e-17 0.994138 0.108119 
vn -5.47972e-17 0.947653 0.319302 
vn -5.64722e-17 0.976621 0.21497 
vn -5.24797e-17 0.907575 0.419889 
vn -5.47972e-17 0.947653 0.319302 
vn -4.9547e-17 0.856857 0.515554 
vn -5.24797e-17 0.907575 0.419889 
vn -4.60334e-17 0.796093 0.605174 
vn -4.9547e-17 0.856857 0.515554 
vn -4.198e-17 0.725995 0.687699 
vn -4.60334e-17 0.796093 0.605174 
vn -3.74345e-17 0.647386 0.762162 
vn -4.198e-17 0.725995 0.687699 
vn -3.24501e-17 0.561187 0.827689 
vn -3.74345e-17 0.647386 0.762162 
vn -2.70853e-17 0.468408 0.883512 
vn -3.24501e-17 0.561187 0.827689 
vn -2.14029e-17 0.370138 0.928977 
vn -2.70853e-17 0.468408 0.883512 
vn -1.54696e-17 0.267528 0.96355 
vn -2.14029e-17 0.370138 0.928977 
vn -9.3549e-18 0.161782 0.986827 
vn -1.54696e-17 0.267528 0.96355 
vn -3.13053e-18 0.0541389 0.998533 
vn -9.3549e-18 0.161782 0.986827 
vn 3.13053e-18 -0.0541389 0.998533 
vn 1.27501e-31 -2.20498e-15 1 
vn 9.3549e-18 -0.161782 0.986827 
vn 1.54696e-17 -0.267528 0.96355 
vn 2.14029e-17 -0.370138 0.928977 
vn 2.70853e-17 -0.468408 0.883512 
vn 3.24501e-17 -0.561187 0.827689 
vn 3.74345e-17 -0.647386 0.762162 
vn 4.198e-17 -0.725995 0.687699 
vn 4.60334e-17 -0.796093 0.605174 
vn 4.9547e-17 -0.856857 0.515554 
vn 5.24797e-17 -0.907575 0.419889 
vn 5.47972e-17 -0.947653 0.319302 
vn 5.64722e-17 -0.976621 0.21497 
vn 5.74851e-17 -0.994138 0.108119 
vn 5.78241e-17 -1 -1.22465e-16 
vn 5.74851e-17 -0.994138 -0.108119 
vn 5.64722e-17 -0.976621 -0.21497 
vn 5.47972e-17 -0.947653 -0.319302 
vn 5.24797e-17 -0.907575 -0.419889 
vn 4.9547e-17 -0.856857 -0.515554 
vn 4.60334e-17 -0.796093 -0.605174 
vn 4.198e-17 -0.725995 -0.687699 
vn 3.74345e-17 -0.647386 -0.762162 
vn 3.24501e-17 -0.561187 -0.827689 
vn 2.70853e-17 -0.468408 -0.883512 
vn 2.14029e-17 -0.370138 -0.928977 
vn 1.54696e-17 -0.267528 -0.96355 
vn 9.3549e-18 -0.161782 -0.986827 
vn 3.13053e-18 -0.0541389 -0.998533 
vn -3.13053e-18 0.0541389 -0.998533 
vn -9.3549e-18 0.161782 -0.986827 
vn -1.54696e-17 0.267528 -0.96355 
vn -2.14029e-17 0.370138 -0.928977 
vn -2.70853e-17 0.468408 -0.883512 
vn -3.24501e-17 0.561187 -0.827689 
vn -3.74345e-17 0.647386 -0.762162 
vn -4.198e-17 0.725995 -0.687699 
vn -4.60334e-17 0.796093 -0.605174 
vn -4.9547e-17 0.856857 -0.515554 
vn -5.24797e-17 0.907575 -0.419889 
vn -5.47972e-17 0.947653 -0.319302 
vn -5.64722e-17 0.976621 -0.21497 
vn -5.74851e-17 0.994138 -0.108119 
vn -5.74851e-17 0.994138 0.108119 
vn -5.78241e-17 1 2.44929e-16 
vn -5.64722e-17 0.976621 0.21497 
vn -5.74851e-17 0.994138 0.108119 
vn -5.47972e-17 0.947653 0.319302 
vn -5.64722e-17 0.976621 0.21497 
vn -5.24797e-17 0.907575 0.419889 
vn -5.47972e-17 0.947653 0.319302 
vn -4.9547e-17 0.856857 0.515554 
vn -5.24797e-17 0.907575 0.419889 
vn -4.60334e-17 0.796093 0.605174 
vn -4.9547e-17 0.856857 0.515554 
vn -4.198e-17 0.725995 0.687699 
vn -4.60334e-17 0.796093 0.605174 
vn -3.74345e-17 0.647386 0.762162 
vn -4.198e-17 0.725995 0.687699 
vn -3.24501e-17 0.561187 0.827689 
vn -3.74345e-17 0.647386 0.762162 
vn -2.70853e-17 0.468408 0.883512 
vn -3.24501e-17 0.561187 0.827689 
vn -2.14029e-17 0.370138 0.928977 
vn -2.70853e-17 0.468408 0.883512 
vn -1.54696e-17 0.267528 0.96355 
vn -2.14029e-17 0.370138 0.928977 
vn -9.3549e-18 0.161782 0.986827 
vn -1.54696e-17 0.267528 0.96355 
vn -3.13053e-18 0.0541389 0.998533 
vn -9.3549e-18 0.161782 0.986827 
vn 3.13053e-18 -0.0541389 0.998533 
vn 1.27501e-31 -2.20498e-15 1 
vn 9.3549e-18 -0.161782 0.986827 
vn 1.54696e-17 -0.267528 0.96355 
vn 2.14029e-17 -0.370138 0.928977 
vn 2.70853e-17 -0.468408 0.883512 
vn 3.24501e-17 -0.561187 0.827689 
vn 3.74345e-17 -0.647386 0.762162 
vn 4.198e-17 -0.725995 0.687699 
vn 4.60334e-17 -0.796093 0.605174 
vn 4.9547e-17 -0.856857 0.515554 
vn 5.24797e-17 -0.907575 0.419889 
vn 5.47972e-17 -0.947653 0.319302 
vn 5.64722e-17 -0.976621 0.21497 
vn 5.74851e-17 -0.994138 0.108119 
vn 5.78241e-17 -1 -1.22465e-16 
vn 5.74851e-17 -0.994138 -0.108119 
vn 5.64722e-17 -0.976621 -0.21497 
vn 5.47972e-17 -0.947653 -0.319302 
vn 5.24797e-17 -0.907575 -0.419889 
vn 4.9547e-17 -0.856857 -0.515554 
vn 4.60334e-17 -0.796093 -0.605174 
vn 4.198e-17 -0.725995 -0.687699 
vn 3.74345e-17 -0.647386 -0.762162 
vn 3.24501e-17 -0.561187 -0.827689 
vn 0 -0.478527 -0.878073 
vn 2.70853e-17 -0.468408 -0.883512 
vn 2.14029e-17 -0.370138 -0.928977 
vn 1.54696e-17 -0.267528 -0.96355 
vn 9.3549e-18 -0.161782 -0.986827 
vn 3.13053e-18 -0.0541389 -0.998533 
vn -3.13053e-18 0.0541389 -0.998533 
vn -9.3549e-18 0.161782 -0.986827 
vn -1.54696e-17 0.267528 -0.96355 
vn -2.14029e-17 0.370138 -0.928977 
vn -2.70853e-17 0.468408 -0.883512 
vn -3.24501e-17 0.561187 -0.827689 
vn 0 0.478527 -0.878073 
vn -2.70853e-17 0.468408 -0.883512 
vn -3.74345e-17 0.647386 -0.762162 
vn -3.24501e-17 0.561187 -0.827689 
vn -4.198e-17 0.725995 -0.687699 
vn -3.74345e-17 0.647386 -0.762162 
vn -4.60334e-17 0.796093 -0.605174 
vn -4.198e-17 0.725995 -0.687699 
vn -4.9547e-17 0.856857 -0.515554 
vn -4.60334e-17 0.796093 -0.605174 
vn -5.24797e-17 0.907575 -0.419889 
vn -4.9547e-17 0.856857 -0.515554 
vn -5.47972e-17 0.947653 -0.319302 
vn -5.24797e-17 0.907575 -0.419889 
vn -5.64722e-17 0.976621 -0.21497 
vn -5.47972e-17 0.947653 -0.319302 
vn -5.74851e-17 0.994138 -0.108119 
vn -5.64722e-17 0.976621 -0.21497 
vn 0 1 0 
vn 0 0 1 
vn 0 -1 0 
vn 0 -0.99863 0.052336 
vn 0 -0.994522 0.104528 
vn 0 -0.978148 0.207912 
vn 0 -0.987688 0.156434 
vn 0 -0.951057 0.309017 
vn 0 -0.978148 0.207912 
vn 0 -0.965926 0.258819 
vn 0 -0.913545 0.406737 
vn 0 -0.951057 0.309017 
vn 0 -0.93358 0.358368 
vn 0 -0.866025 0.5 
vn 0 -0.913545 0.406737 
vn 0 -0.891007 0.45399 
vn 0 -0.809017 0.587785 
vn 0 -0.866025 0.5 
vn 0 -0.838671 0.544639 
vn 0 -0.743145 0.669131 
vn 0 -0.809017 0.587785 
vn 0 -0.669131 0.743145 
vn 0 -0.743145 0.669131 
vn 0 -0.587785 0.809017 
vn 0 -0.669131 0.743145 
vn 0 -0.5 0.866025 
vn 0 -0.587785 0.809017 
vn 0 -0.406737 0.913545 
vn 0 -0.5 0.866025 
vn 0 -0.309017 0.951057 
vn 0 -0.406737 0.913545 
vn 0 -0.207912 0.978148 
vn 0 -0.309017 0.951057 
vn 0 -0.104528 0.994522 
vn 0 -0.207912 0.978148 
vn 0 0 1 
vn 0 -0.104528 0.994522 
vn -0.104528 0 0.994522 
vn -0.207912 0 0.978148 
vn -0.309017 0 0.951057 
vn -0.406737 0 0.913545 
vn -0.5 0 0.866025 
vn -0.587785 0 0.809017 
vn -0.669131 0 0.743145 
vn -0.743145 0 0.669131 
vn -0.809017 0 0.587785 
vn -0.838671 0 0.544639 
vn -0.866025 0 0.5 
vn -0.891007 0 0.45399 
vn -0.913545 0 0.406737 
vn -0.93358 0 0.358368 
vn -0.951057 0 0.309017 
vn -0.965926 0 0.258819 
vn -0.978148 0 0.207912 
vn -0.987688 0 0.156434 
vn -0.994522 0 0.104528 
vn -0.99863 0 0.052336 
vn -1 0 6.12323e-17 
vn -5.74851e-17 0.994138 0.108119 
vn -5.78241e-17 1 2.44929e-16 
vn -5.64722e-17 0.976621 0.21497 
vn -5.74851e-17 0.994138 0.108119 
vn -5.47972e-17 0.947653 0.319302 
vn -5.64722e-17 0.976621 0.21497 
vn -5.24797e-17 0.907575 0.419889 
vn -5.47972e-17 0.947653 0.319302 
vn -4.9547e-17 0.856857 0.515554 
vn -5.24797e-17 0.907575 0.419889 
vn -4.60334e-17 0.796093 0.605174 
vn -4.9547e-17 0.856857 0.515554 
vn -4.198e-17 0.725995 0.687699 
vn -4.60334e-17 0.796093 0.605174 
vn -3.74345e-17 0.647386 0.762162 
vn -4.198e-17 0.725995 0.687699 
vn -3.24501e-17 0.561187 0.827689 
vn -3.74345e-17 0.647386 0.762162 
vn 0 0.478527 0.878073 
vn -2.70853e-17 0.468408 0.883512 
vn -2.14029e-17 0.370138 0.928977 
vn -1.54696e-17 0.267528 0.96355 
vn -9.3549e-18 0.161782 0.986827 
vn -3.13053e-18 0.0541389 0.998533 
vn 3.13053e-18 -0.0541389 0.998533 
vn 1.27501e-31 -2.20498e-15 1 
vn 9.3549e-18 -0.161782 0.986827 
vn 1.54696e-17 -0.267528 0.96355 
vn 2.14029e-17 -0.370138 0.928977 
vn 2.70853e-17 -0.468408 0.883512 
vn 3.24501e-17 -0.561187 0.827689 
vn 0 -0.478527 0.878073 
vn 2.70853e-17 -0.468408 0.883512 
vn 3.74345e-17 -0.647386 0.762162 
vn 3.24501e-17 -0.561187 0.827689 
vn 4.198e-17 -0.725995 0.687699 
vn 3.74345e-17 -0.647386 0.762162 
vn 4.60334e-17 -0.796093 0.605174 
vn 4.198e-17 -0.725995 0.687699 
vn 4.9547e-17 -0.856857 0.515554 
vn 4.60334e-17 -0.796093 0.605174 
vn 5.24797e-17 -0.907575 0.419889 
vn 4.9547e-17 -0.856857 0.515554 
vn 5.47972e-17 -0.947653 0.319302 
vn 5.24797e-17 -0.907575 0.419889 
vn 5.64722e-17 -0.976621 0.21497 
vn 5.47972e-17 -0.947653 0.319302 
vn 5.74851e-17 -0.994138 0.108119 
vn 5.64722e-17 -0.976621 0.21497 
vn 5.78241e-17 -1 -1.22465e-16 
vn 5.74851e-17 -0.994138 0.108119 
vn 5.74851e-17 -0.994138 -0.108119 
vn 5.78241e-17 -1 -1.22465e-16 
vn 5.64722e-17 -0.976621 -0.21497 
vn 5.74851e-17 -0.994138 -0.108119 
vn 5.47972e-17 -0.947653 -0.319302 
vn 5.64722e-17 -0.976621 -0.21497 
vn 5.24797e-17 -0.907575 -0.419889 
vn 5.47972e-17 -0.947653 -0.319302 
vn 4.9547e-17 -0.856857 -0.515554 
vn 5.24797e-17 -0.907575 -0.419889 
vn 4.60334e-17 -0.796093 -0.605174 
vn 4.9547e-17 -0.856857 -0.515554 
vn 4.198e-17 -0.725995 -0.687699 
vn 4.60334e-17 -0.796093 -0.605174 
vn 3.74345e-17 -0.647386 -0.762162 
vn 4.198e-17 -0.725995 -0.687699 
vn 3.24501e-17 -0.561187 -0.827689 
vn 3.74345e-17 -0.647386 -0.762162 
vn 2.70853e-17 -0.468408 -0.883512 
vn 3.24501e-17 -0.561187 -0.827689 
vn 2.14029e-17 -0.370138 -0.928977 
vn 2.70853e-17 -0.468408 -0.883512 
vn 1.54696e-17 -0.267528 -0.96355 
vn 2.14029e-17 -0.370138 -0.928977 
vn 9.3549e-18 -0.161782 -0.986827 
vn 1.54696e-17 -0.267528 -0.96355 
vn 3.13053e-18 -0.0541389 -0.998533 
vn 9.3549e-18 -0.161782 -0.986827 
vn -3.13053e-18 0.0541389 -0.998533 
vn 3.13053e-18 -0.0541389 -0.998533 
vn -9.3549e-18 0.161782 -0.986827 
vn -3.13053e-18 0.0541389 -0.998533 
vn -1.54696e-17 0.267528 -0.96355 
vn -9.3549e-18 0.161782 -0.986827 
vn -2.14029e-17 0.370138 -0.928977 
vn -1.54696e-17 0.267528 -0.96355 
vn -2.70853e-17 0.468408 -0.883512 
vn -2.14029e-17 0.370138 -0.928977 
vn -3.24501e-17 0.561187 -0.827689 
vn -2.70853e-17 0.468408 -0.883512 
vn -3.74345e-17 0.647386 -0.762162 
vn -3.24501e-17 0.561187 -0.827689 
vn -4.198e-17 0.725995 -0.687699 
vn -3.74345e-17 0.647386 -0.762162 
vn -4.60334e-17 0.796093 -0.605174 
vn -4.198e-17 0.725995 -0.687699 
vn -4.9547e-17 0.856857 -0.515554 
vn -4.60334e-17 0.796093 -0.605174 
vn -5.24797e-17 0.907575 -0.419889 
vn -4.9547e-17 0.856857 -0.515554 
vn -5.47972e-17 0.947653 -0.319302 
vn -5.24797e-17 0.907575 -0.419889 
vn -5.64722e-17 0.976621 -0.21497 
vn -5.47972e-17 0.947653 -0.319302 
vn -5.74851e-17 0.994138 -0.108119 
vn -5.64722e-17 0.976621 -0.21497 
vn -5.74851e-17 0.994138 0.108119 
vn -5.78241e-17 1 2.44929e-16 
vn -5.64722e-17 0.976621 0.21497 
vn -5.74851e-17 0.994138 0.108119 
vn -5.47972e-17 0.947653 0.319302 
vn -5.64722e-17 0.976621 0.21497 
vn -5.24797e-17 0.907575 0.419889 
vn -5.47972e-17 0.947653 0.319302 
vn -4.9547e-17 0.856857 0.515554 
vn -5.24797e-17 0.907575 0.419889 
vn -4.60334e-17 0.796093 0.605174 
vn -4.9547e-17 0.856857 0.515554 
vn -4.198e-17 0.725995 0.687699 
vn -4.60334e-17 0.796093 0.605174 
vn -3.74345e-17 0.647386 0.762162 
vn -4.198e-17 0.725995 0.687699 
vn -3.24501e-17 0.561187 0.827689 
vn -3.74345e-17 0.647386 0.762162 
vn 0 0.478527 0.878073 
vn -2.70853e-17 0.468408 0.883512 
vn -2.14029e-17 0.370138 0.928977 
vn -1.54696e-17 0.267528 0.96355 
vn -9.3549e-18 0.161782 0.986827 
vn -3.13053e-18 0.0541389 0.998533 
vn 3.13053e-18 -0.0541389 0.998533 
vn 1.27501e-31 -2.20498e-15 1 
vn 9.3549e-18 -0.161782 0.986827 
vn 1.54696e-17 -0.267528 0.96355 
vn 2.14029e-17 -0.370138 0.928977 
vn 2.70853e-17 -0.468408 0.883512 
vn 3.24501e-17 -0.561187 0.827689 
vn 0 -0.478527 0.878073 
vn 2.70853e-17 -0.468408 0.883512 
vn 3.74345e-17 -0.647386 0.762162 
vn 3.24501e-17 -0.561187 0.827689 
vn 4.198e-17 -0.725995 0.687699 
vn 3.74345e-17 -0.647386 0.762162 
vn 4.60334e-17 -0.796093 0.605174 
vn 4.198e-17 -0.725995 0.687699 
vn 4.9547e-17 -0.856857 0.515554 
vn 4.60334e-17 -0.796093 0.605174 
vn 5.24797e-17 -0.907575 0.419889 
vn 4.9547e-17 -0.856857 0.515554 
vn 5.47972e-17 -0.947653 0.319302 
vn 5.24797e-17 -0.907575 0.419889 
vn 5.64722e-17 -0.976621 0.21497 
vn 5.47972e-17 -0.947653 0.319302 
vn 5.74851e-17 -0.994138 0.108119 
vn 5.64722e-17 -0.976621 0.21497 
vn 5.78241e-17 -1 -1.22465e-16 
vn 5.74851e-17 -0.994138 0.108119 
vn 5.74851e-17 -0.994138 -0.108119 
vn 5.78241e-17 -1 -1.22465e-16 
vn 5.64722e-17 -0.976621 -0.21497 
vn 5.74851e-17 -0.994138 -0.108119 
vn 5.47972e-17 -0.947653 -0.319302 
vn 5.64722e-17 -0.976621 -0.21497 
vn 5.24797e-17 -0.907575 -0.419889 
vn 5.47972e-17 -0.947653 -0.319302 
vn 4.9547e-17 -0.856857 -0.515554 
vn 5.24797e-17 -0.907575 -0.419889 
vn 4.60334e-17 -0.796093 -0.605174 
vn 4.9547e-17 -0.856857 -0.515554 
vn 4.198e-17 -0.725995 -0.687699 
vn 4.60334e-17 -0.796093 -0.605174 
vn 3.74345e-17 -0.647386 -0.762162 
vn 4.198e-17 -0.725995 -0.687699 
vn 3.24501e-17 -0.561187 -0.827689 
vn 3.74345e-17 -0.647386 -0.762162 
vn 2.70853e-17 -0.468408 -0.883512 
vn 3.24501e-17 -0.561187 -0.827689 
vn 2.14029e-17 -0.370138 -0.928977 
vn 2.70853e-17 -0.468408 -0.883512 
vn 1.54696e-17 -0.267528 -0.96355 
vn 2.14029e-17 -0.370138 -0.928977 
vn 9.3549e-18 -0.161782 -0.986827 
vn 1.54696e-17 -0.267528 -0.96355 
vn 3.13053e-18 -0.0541389 -0.998533 
vn 9.3549e-18 -0.161782 -0.986827 
vn -3.13053e-18 0.0541389 -0.998533 
vn 3.13053e-18 -0.0541389 -0.998533 
vn -9.3549e-18 0.161782 -0.986827 
vn -3.13053e-18 0.0541389 -0.998533 
vn -1.54696e-17 0.267528 -0.96355 
vn -9.3549e-18 0.161782 -0.986827 
vn -2.14029e-17 0.370138 -0.928977 
vn -1.54696e-17 0.267528 -0.96355 
vn -2.70853e-17 0.468408 -0.883512 
vn -2.14029e-17 0.370138 -0.928977 
vn -3.24501e-17 0.561187 -0.827689 
vn -2.70853e-17 0.468408 -0.883512 
vn -3.74345e-17 0.647386 -0.762162 
vn -3.24501e-17 0.561187 -0.827689 
vn -4.198e-17 0.725995 -0.687699 
vn -3.74345e-17 0.647386 -0.762162 
vn -4.60334e-17 0.796093 -0.605174 
vn -4.198e-17 0.725995 -0.687699 
vn -4.9547e-17 0.856857 -0.515554 
vn -4.60334e-17 0.796093 -0.605174 
vn -5.24797e-17 0.907575 -0.419889 
vn -4.9547e-17 0.856857 -0.515554 
vn -5.47972e-17 0.947653 -0.319302 
vn -5.24797e-17 0.907575 -0.419889 
vn -5.64722e-17 0.976621 -0.21497 
vn -5.47972e-17 0.947653 -0.319302 
vn -5.74851e-17 0.994138 -0.108119 
vn -5.64722e-17 0.976621 -0.21497 
vn 0 0 -1 
vn 0.994138 0.108119 0 
vn 1 2.44929e-16 0 
vn 0.976621 0.21497 0 
vn 0.994138 0.108119 0 
vn 0.947653 0.319302 0 
vn 0.976621 0.21497 0 
vn 0.907575 0.419889 0 
vn 0.947653 0.319302 0 
vn 0.856857 0.515554 0 
vn 0.907575 0.419889 0 
vn 0.796093 0.605174 0 
vn 0.856857 0.515554 0 
vn 0.725995 0.687699 0 
vn 0.796093 0.605174 0 
vn 0.647386 0.762162 0 
vn 0.725995 0.687699 0 
vn 0.561187 0.827689 0 
vn 0.647386 0.762162 0 
vn 0.468408 0.883512 0 
vn 0.561187 0.827689 0 
vn 0.370138 0.928977 0 
vn 0.468408 0.883512 0 
vn 0.267528 0.96355 0 
vn 0.370138 0.928977 0 
vn 0.161782 0.986827 0 
vn 0.267528 0.96355 0 
vn 0.0541389 0.998533 0 
vn 0.161782 0.986827 0 
vn -0.0541389 0.998533 0 
vn 0.0541389 0.998533 0 
vn -0.161782 0.986827 0 
vn -0.0541389 0.998533 0 
vn -0.267528 0.96355 0 
vn -0.161782 0.986827 0 
vn -0.370138 0.928977 0 
vn -0.267528 0.96355 0 
vn -0.468408 0.883512 0 
vn -0.370138 0.928977 0 
vn -0.561187 0.827689 0 
vn -0.468408 0.883512 0 
vn -0.647386 0.762162 0 
vn -0.561187 0.827689 0 
vn -0.725995 0.687699 0 
vn -0.647386 0.762162 0 
vn -0.796093 0.605174 0 
vn -0.725995 0.687699 0 
vn -0.856857 0.515554 0 
vn -0.796093 0.605174 0 
vn -0.907575 0.419889 0 
vn -0.856857 0.515554 0 
vn -0.947653 0.319302 0 
vn -0.907575 0.419889 0 
vn -0.976621 0.21497 0 
vn -0.947653 0.319302 0 
vn -0.994138 0.108119 0 
vn -0.976621 0.21497 0 
vn -1 -1.22465e-16 0 
vn -0.994138 0.108119 0 
vn -0.994138 -0.108119 0 
vn -1 -1.22465e-16 0 
vn -0.976621 -0.21497 0 
vn -0.994138 -0.108119 0 
vn -0.947653 -0.319302 0 
vn -0.976621 -0.21497 0 
vn -0.907575 -0.419889 0 
vn -0.947653 -0.319302 0 
vn -0.856857 -0.515554 0 
vn -0.907575 -0.419889 0 
vn -0.796093 -0.605174 0 
vn -0.856857 -0.515554 0 
vn -0.725995 -0.687699 0 
vn -0.796093 -0.605174 0 
vn -0.647386 -0.762162 0 
vn -0.725995 -0.687699 0 
vn -0.561187 -0.827689 0 
vn -0.647386 -0.762162 0 
vn -0.468408 -0.883512 0 
vn -0.561187 -0.827689 0 
vn -0.370138 -0.928977 0 
vn -0.468408 -0.883512 0 
vn -0.267528 -0.96355 0 
vn -0.370138 -0.928977 0 
vn -0.161782 -0.986827 0 
vn -0.267528 -0.96355 0 
vn -0.0541389 -0.998533 0 
vn -0.161782 -0.986827 0 
vn 0.0541389 -0.998533 0 
vn -0.0541389 -0.998533 0 
vn 0.161782 -0.986827 0 
vn 0.0541389 -0.998533 0 
vn 0.267528 -0.96355 0 
vn 0.161782 -0.986827 0 
vn 0.370138 -0.928977 0 
vn 0.267528 -0.96355 0 
vn 0.468408 -0.883512 0 
vn 0.370138 -0.928977 0 
vn 0.561187 -0.827689 0 
vn 0.468408 -0.883512 0 
vn 0.647386 -0.762162 0 
vn 0.561187 -0.827689 0 
vn 0.725995 -0.687699 0 
vn 0.647386 -0.762162 0 
vn 0.796093 -0.605174 0 
vn 0.725995 -0.687699 0 
vn 0.856857 -0.515554 0 
vn 0.796093 -0.605174 0 
vn 0.907575 -0.419889 0 
vn 0.856857 -0.515554 0 
vn 0.947653 -0.319302 0 
vn 0.907575 -0.419889 0 
vn 0.976621 -0.21497 0 
vn 0.947653 -0.319302 0 
vn 0.994138 -0.108119 0 
vn 0.976621 -0.21497 0 
vn 0.994138 0.108119 0 
vn 1 2.44929e-16 0 
vn 0.976621 0.21497 0 
vn 0.994138 0.108119 0 
vn 0.947653 0.319302 0 
vn 0.976621 0.21497 0 
vn 0.907575 0.419889 0 
vn 0.947653 0.319302 0 
vn 0.856857 0.515554 0 
vn 0.907575 0.419889 0 
vn 0.796093 0.605174 0 
vn 0.856857 0.515554 0 
vn 0.725995 0.687699 0 
vn 0.796093 0.605174 0 
vn 0.647386 0.762162 0 
vn 0.725995 0.687699 0 
vn 0.561187 0.827689 0 
vn 0.647386 0.762162 0 
vn 0.468408 0.883512 0 
vn 0.561187 0.827689 0 
vn 0.370138 0.928977 0 
vn 0.468408 0.883512 0 
vn 0.267528 0.96355 0 
vn 0.370138 0.928977 0 
vn 0.161782 0.986827 0 
vn 0.267528 0.96355 0 
vn 0.0541389 0.998533 0 
vn 0.161782 0.986827 0 
vn -0.0541389 0.998533 0 
vn 0.0541389 0.998533 0 
vn -0.161782 0.986827 0 
vn -0.0541389 0.998533 0 
vn -0.267528 0.96355 0 
vn -0.161782 0.986827 0 
vn -0.370138 0.928977 0 
vn -0.267528 0.96355 0 
vn -0.468408 0.883512 0 
vn -0.370138 0.928977 0 
vn -0.561187 0.827689 0 
vn -0.468408 0.883512 0 
vn -0.647386 0.762162 0 
vn -0.561187 0.827689 0 
vn -0.725995 0.687699 0 
vn -0.647386 0.762162 0 
vn -0.796093 0.605174 0 
vn -0.725995 0.687699 0 
vn -0.856857 0.515554 0 
vn -0.796093 0.605174 0 
vn -0.907575 0.419889 0 
vn -0.856857 0.515554 0 
vn -0.947653 0.319302 0 
vn -0.907575 0.419889 0 
vn -0.976621 0.21497 0 
vn -0.947653 0.319302 0 
vn -0.994138 0.108119 0 
vn -0.976621 0.21497 0 
vn -1 -1.22465e-16 0 
vn -0.994138 0.108119 0 
vn -0.994138 -0.108119 0 
vn -1 -1.22465e-16 0 
vn -0.976621 -0.21497 0 
vn -0.994138 -0.108119 0 
vn -0.947653 -0.319302 0 
vn -0.976621 -0.21497 0 
vn -0.907575 -0.419889 0 
vn -0.947653 -0.319302 0 
vn -0.856857 -0.515554 0 
vn -0.907575 -0.419889 0 
vn -0.796093 -0.605174 0 
vn -0.856857 -0.515554 0 
vn -0.725995 -0.687699 0 
vn -0.796093 -0.605174 0 
vn -0.647386 -0.762162 0 
vn -0.725995 -0.687699 0 
vn -0.561187 -0.827689 0 
vn -0.647386 -0.762162 0 
vn -0.468408 -0.883512 0 
vn -0.561187 -0.827689 0 
vn -0.370138 -0.928977 0 
vn -0.468408 -0.883512 0 
vn -0.267528 -0.96355 0 
vn -0.370138 -0.928977 0 
vn -0.161782 -0.986827 0 
vn -0.267528 -0.96355 0 
vn -0.0541389 -0.998533 0 
vn -0.161782 -0.986827 0 
vn 0.0541389 -0.998533 0 
vn -0.0541389 -0.998533 0 
vn 0.161782 -0.986827 0 
vn 0.0541389 -0.998533 0 
vn 0.267528 -0.96355 0 
vn 0.161782 -0.986827 0 
vn 0.370138 -0.928977 0 
vn 0.267528 -0.96355 0 
vn 0.468408 -0.883512 0 
vn 0.370138 -0.928977 0 
vn 0.561187 -0.827689 0 
vn 0.468408 -0.883512 0 
vn 0.647386 -0.762162 0 
vn 0.561187 -0.827689 0 
vn 0.725995 -0.687699 0 
vn 0.647386 -0.762162 0 
vn 0.796093 -0.605174 0 
vn 0.725995 -0.687699 0 
vn 0.856857 -0.515554 0 
vn 0.796093 -0.605174 0 
vn 0.907575 -0.419889 0 
vn 0.856857 -0.515554 0 
vn 0.947653 -0.319302 0 
vn 0.907575 -0.419889 0 
vn 0.976621 -0.21497 0 
vn 0.947653 -0.319302 0 
vn 0.994138 -0.108119 0 
vn 0.976621 -0.21497 0 
vn 0.994138 0.108119 0 
vn 1 2.44929e-16 0 
vn 0.976621 0.21497 0 
vn 0.994138 0.108119 0 
vn 0.947653 0.319302 0 
vn 0.976621 0.21497 0 
vn 0.907575 0.419889 0 
vn 0.947653 0.319302 0 
vn 0.856857 0.515554 0 
vn 0.907575 0.419889 0 
vn 0.796093 0.605174 0 
vn 0.856857 0.515554 0 
vn 0.725995 0.687699 0 
vn 0.796093 0.605174 0 
vn 0.647386 0.762162 0 
vn 0.725995 0.687699 0 
vn 0.561187 0.827689 0 
vn 0.647386 0.762162 0 
vn 0.468408 0.883512 0 
vn 0.561187 0.827689 0 
vn 0.370138 0.928977 0 
vn 0.468408 0.883512 0 
vn 0.267528 0.96355 0 
vn 0.370138 0.928977 0 
vn 0.161782 0.986827 0 
vn 0.267528 0.96355 0 
vn 0.0541389 0.998533 0 
vn 0.161782 0.986827 0 
vn -0.0541389 0.998533 0 
vn 0.0541389 0.998533 0 
vn -0.161782 0.986827 0 
vn -0.0541389 0.998533 0 
vn -0.267528 0.96355 0 
vn -0.161782 0.986827 0 
vn -0.370138 0.928977 0 
vn -0.267528 0.96355 0 
vn -0.468408 0.883512 0 
vn -0.370138 0.928977 0 
vn -0.561187 0.827689 0 
vn -0.468408 0.883512 0 
vn -0.647386 0.762162 0 
vn -0.561187 0.827689 0 
vn -0.725995 0.687699 0 
vn -0.647386 0.762162 0 
vn -0.796093 0.605174 0 
vn -0.725995 0.687699 0 
vn -0.856857 0.515554 0 
vn -0.796093 0.605174 0 
vn -0.907575 0.419889 0 
vn -0.856857 0.515554 0 
vn -0.947653 0.319302 0 
vn -0.907575 0.419889 0 
vn -0.976621 0.21497 0 
vn -0.947653 0.319302 0 
vn -0.994138 0.108119 0 
vn -0.976621 0.21497 0 
vn -1 -1.22465e-16 0 
vn -0.994138 0.108119 0 
vn -0.994138 -0.108119 0 
vn -1 -1.22465e-16 0 
vn -0.976621 -0.21497 0 
vn -0.994138 -0.108119 0 
vn -0.947653 -0.319302 0 
vn -0.976621 -0.21497 0 
vn -0.907575 -0.419889 0 
vn -0.947653 -0.319302 0 
vn -0.856857 -0.515554 0 
vn -0.907575 -0.419889 0 
vn -0.796093 -0.605174 0 
vn -0.856857 -0.515554 0 
vn -0.725995 -0.687699 0 
vn -0.796093 -0.605174 0 
vn -0.647386 -0.762162 0 
vn -0.725995 -0.687699 0 
vn -0.561187 -0.827689 0 
vn -0.647386 -0.762162 0 
vn -0.468408 -0.883512 0 
vn -0.561187 -0.827689 0 
vn -0.370138 -0.928977 0 
vn -0.468408 -0.883512 0 
vn -0.267528 -0.96355 0 
vn -0.370138 -0.928977 0 
vn -0.161782 -0.986827 0 
vn -0.267528 -0.96355 0 
vn -0.0541389 -0.998533 0 
vn -0.161782 -0.986827 0 
vn 0.0541389 -0.998533 0 
vn -0.0541389 -0.998533 0 
vn 0.161782 -0.986827 0 
vn 0.0541389 -0.998533 0 
vn 0.267528 -0.96355 0 
vn 0.161782 -0.986827 0 
vn 0.370138 -0.928977 0 
vn 0.267528 -0.96355 0 
vn 0.468408 -0.883512 0 
vn 0.370138 -0.928977 0 
vn 0.561187 -0.827689 0 
vn 0.468408 -0.883512 0 
vn 0.647386 -0.762162 0 
vn 0.561187 -0.827689 0 
vn 0.725995 -0.687699 0 
vn 0.647386 -0.762162 0 
vn 0.796093 -0.605174 0 
vn 0.725995 -0.687699 0 
vn 0.856857 -0.515554 0 
vn 0.796093 -0.605174 0 
vn 0.907575 -0.419889 0 
vn 0.856857 -0.515554 0 
vn 0.947653 -0.319302 0 
vn 0.907575 -0.419889 0 
vn 0.976621 -0.21497 0 
vn 0.947653 -0.319302 0 
vn 0.994138 -0.108119 0 
vn 0.976621 -0.21497 0 
vn 0.994138 0.108119 0 
vn 1 2.44929e-16 0 
vn 0.976621 0.21497 0 
vn 0.994138 0.108119 0 
vn 0.947653 0.319302 0 
vn 0.976621 0.21497 0 
vn 0.907575 0.419889 0 
vn 0.947653 0.319302 0 
vn 0.856857 0.515554 0 
vn 0.907575 0.419889 0 
vn 0.796093 0.605174 0 
vn 0.856857 0.515554 0 
vn 0.725995 0.687699 0 
vn 0.796093 0.605174 0 
vn 0.647386 0.762162 0 
vn 0.725995 0.687699 0 
vn 0.561187 0.827689 0 
vn 0.647386 0.762162 0 
vn 0.468408 0.883512 0 
vn 0.561187 0.827689 0 
vn 0.370138 0.928977 0 
vn 0.468408 0.883512 0 
vn 0.267528 0.96355 0 
vn 0.370138 0.928977 0 
vn 0.161782 0.986827 0 
vn 0.267528 0.96355 0 
vn 0.0541389 0.998533 0 
vn 0.161782 0.986827 0 
vn -0.0541389 0.998533 0 
vn 0.0541389 0.998533 0 
vn -0.161782 0.986827 0 
vn -0.0541389 0.998533 0 
vn -0.267528 0.96355 0 
vn -0.161782 0.986827 0 
vn -0.370138 0.928977 0 
vn -0.267528 0.96355 0 
vn -0.468408 0.883512 0 
vn -0.370138 0.928977 0 
vn -0.561187 0.827689 0 
vn -0.468408 0.883512 0 
vn -0.647386 0.762162 0 
vn -0.561187 0.827689 0 
vn -0.725995 0.687699 0 
vn -0.647386 0.762162 0 
vn -0.796093 0.605174 0 
vn -0.725995 0.687699 0 
vn -0.856857 0.515554 0 
vn -0.796093 0.605174 0 
vn -0.907575 0.419889 0 
vn -0.856857 0.515554 0 
vn -0.947653 0.319302 0 
vn -0.907575 0.419889 0 
vn -0.976621 0.21497 0 
vn -0.947653 0.319302 0 
vn -0.994138 0.108119 0 
vn -0.976621 0.21497 0 
vn -1 -1.22465e-16 0 
vn -0.994138 0.108119 0 
vn -0.994138 -0.108119 0 
vn -1 -1.22465e-16 0 
vn -0.976621 -0.21497 0 
vn -0.994138 -0.108119 0 
vn -0.947653 -0.319302 0 
vn -0.976621 -0.21497 0 
vn -0.907575 -0.419889 0 
vn -0.947653 -0.319302 0 
vn -0.856857 -0.515554 0 
vn -0.907575 -0.419889 0 
vn -0.796093 -0.605174 0 
vn -0.856857 -0.515554 0 
vn -0.725995 -0.687699 0 
vn -0.796093 -0.605174 0 
vn -0.647386 -0.762162 0 
vn -0.725995 -0.687699 0 
vn -0.561187 -0.827689 0 
vn -0.647386 -0.762162 0 
vn -0.468408 -0.883512 0 
vn -0.561187 -0.827689 0 
vn -0.370138 -0.928977 0 
vn -0.468408 -0.883512 0 
vn -0.267528 -0.96355 0 
vn -0.370138 -0.928977 0 
vn -0.161782 -0.986827 0 
vn -0.267528 -0.96355 0 
vn -0.0541389 -0.998533 0 
vn -0.161782 -0.986827 0 
vn 0.0541389 -0.998533 0 
vn -0.0541389 -0.998533 0 
vn 0.161782 -0.986827 0 
vn 0.0541389 -0.998533 0 
vn 0.267528 -0.96355 0 
vn 0.161782 -0.986827 0 
vn 0.370138 -0.928977 0 
vn 0.267528 -0.96355 0 
vn 0.468408 -0.883512 0 
vn 0.370138 -0.928977 0 
vn 0.561187 -0.827689 0 
vn 0.468408 -0.883512 0 
vn 0.647386 -0.762162 0 
vn 0.561187 -0.827689 0 
vn 0.725995 -0.687699 0 
vn 0.647386 -0.762162 0 
vn 0.796093 -0.605174 0 
vn 0.725995 -0.687699 0 
vn 0.856857 -0.515554 0 
vn 0.796093 -0.605174 0 
vn 0.907575 -0.419889 0 
vn 0.856857 -0.515554 0 
vn 0.947653 -0.319302 0 
vn 0.907575 -0.419889 0 
vn 0.976621 -0.21497 0 
vn 0.947653 -0.319302 0 
vn 0.994138 -0.108119 0 
vn 0.976621 -0.21497 0 
vn 0.994138 0.108119 0 
vn 1 2.44929e-16 0 
vn 0.976621 0.21497 0 
vn 0.994138 0.108119 0 
vn 0.947653 0.319302 0 
vn 0.976621 0.21497 0 
vn 0.907575 0.419889 0 
vn 0.947653 0.319302 0 
vn 0.856857 0.515554 0 
vn 0.907575 0.419889 0 
vn 0.796093 0.605174 0 
vn 0.856857 0.515554 0 
vn 0.725995 0.687699 0 
vn 0.796093 0.605174 0 
vn 0.647386 0.762162 0 
vn 0.725995 0.687699 0 
vn 0.561187 0.827689 0 
vn 0.647386 0.762162 0 
vn 0.468408 0.883512 0 
vn 0.561187 0.827689 0 
vn 0.370138 0.928977 0 
vn 0.468408 0.883512 0 
vn 0.267528 0.96355 0 
vn 0.370138 0.928977 0 
vn 0.161782 0.986827 0 
vn 0.267528 0.96355 0 
vn 0.0541389 0.998533 0 
vn 0.161782 0.986827 0 
vn -0.0541389 0.998533 0 
vn 0.0541389 0.998533 0 
vn -0.161782 0.986827 0 
vn -0.0541389 0.998533 0 
vn -0.267528 0.96355 0 
vn -0.161782 0.986827 0 
vn -0.370138 0.928977 0 
vn -0.267528 0.96355 0 
vn -0.468408 0.883512 0 
vn -0.370138 0.928977 0 
vn -0.561187 0.827689 0 
vn -0.468408 0.883512 0 
vn -0.647386 0.762162 0 
vn -0.561187 0.827689 0 
vn -0.725995 0.687699 0 
vn -0.647386 0.762162 0 
vn -0.796093 0.605174 0 
vn -0.725995 0.687699 0 
vn -0.856857 0.515554 0 
vn -0.796093 0.605174 0 
vn -0.907575 0.419889 0 
vn -0.856857 0.515554 0 
vn -0.947653 0.319302 0 
vn -0.907575 0.419889 0 
vn -0.976621 0.21497 0 
vn -0.947653 0.319302 0 
vn -0.994138 0.108119 0 
vn -0.976621 0.21497 0 
vn -1 -1.22465e-16 0 
vn -0.994138 0.108119 0 
vn -0.994138 -0.108119 0 
vn -1 -1.22465e-16 0 
vn -0.976621 -0.21497 0 
vn -0.994138 -0.108119 0 
vn -0.947653 -0.319302 0 
vn -0.976621 -0.21497 0 
vn -0.907575 -0.419889 0 
vn -0.947653 -0.319302 0 
vn -0.856857 -0.515554 0 
vn -0.907575 -0.419889 0 
vn -0.796093 -0.605174 0 
vn -0.856857 -0.515554 0 
vn -0.725995 -0.687699 0 
vn -0.796093 -0.605174 0 
vn -0.647386 -0.762162 0 
vn -0.725995 -0.687699 0 
vn -0.561187 -0.827689 0 
vn -0.647386 -0.762162 0 
vn -0.468408 -0.883512 0 
vn -0.561187 -0.827689 0 
vn -0.370138 -0.928977 0 
vn -0.468408 -0.883512 0 
vn -0.267528 -0.96355 0 
vn -0.370138 -0.928977 0 
vn -0.161782 -0.986827 0 
vn -0.267528 -0.96355 0 
vn -0.0541389 -0.998533 0 
vn -0.161782 -0.986827 0 
vn 0.0541389 -0.998533 0 
vn -0.0541389 -0.998533 0 
vn 0.161782 -0.986827 0 
vn 0.0541389 -0.998533 0 
vn 0.267528 -0.96355 0 
vn 0.161782 -0.986827 0 
vn 0.370138 -0.928977 0 
vn 0.267528 -0.96355 0 
vn 0.468408 -0.883512 0 
vn 0.370138 -0.928977 0 
vn 0.561187 -0.827689 0 
vn 0.468408 -0.883512 0 
vn 0.647386 -0.762162 0 
vn 0.561187 -0.827689 0 
vn 0.725995 -0.687699 0 
vn 0.647386 -0.762162 0 
vn 0.796093 -0.605174 0 
vn 0.725995 -0.687699 0 
vn 0.856857 -0.515554 0 
vn 0.796093 -0.605174 0 
vn 0.907575 -0.419889 0 
vn 0.856857 -0.515554 0 
vn 0.947653 -0.319302 0 
vn 0.907575 -0.419889 0 
vn 0.976621 -0.21497 0 
vn 0.947653 -0.319302 0 
vn 0.994138 -0.108119 0 
vn 0.976621 -0.21497 0 
vn 0.994138 0.108119 0 
vn 1 2.44929e-16 0 
vn 0.976621 0.21497 0 
vn 0.994138 0.108119 0 
vn 0.947653 0.319302 0 
vn 0.976621 0.21497 0 
vn 0.907575 0.419889 0 
vn 0.947653 0.319302 0 
vn 0.856857 0.515554 0 
vn 0.907575 0.419889 0 
vn 0.796093 0.605174 0 
vn 0.856857 0.515554 0 
vn 0.725995 0.687699 0 
vn 0.796093 0.605174 0 
vn 0.647386 0.762162 0 
vn 0.725995 0.687699 0 
vn 0.561187 0.827689 0 
vn 0.647386 0.762162 0 
vn 0.468408 0.883512 0 
vn 0.561187 0.827689 0 
vn 0.370138 0.928977 0 
vn 0.468408 0.883512 0 
vn 0.267528 0.96355 0 
vn 0.370138 0.928977 0 
vn 0.161782 0.986827 0 
vn 0.267528 0.96355 0 
vn 0.0541389 0.998533 0 
vn 0.161782 0.986827 0 
vn -0.0541389 0.998533 0 
vn 0.0541389 0.998533 0 
vn -0.161782 0.986827 0 
vn -0.0541389 0.998533 0 
vn -0.267528 0.96355 0 
vn -0.161782 0.986827 0 
vn -0.370138 0.928977 0 
vn -0.267528 0.96355 0 
vn -0.468408 0.883512 0 
vn -0.370138 0.928977 0 
vn -0.561187 0.827689 0 
vn -0.468408 0.883512 0 
vn -0.647386 0.762162 0 
vn -0.561187 0.827689 0 
vn -0.725995 0.687699 0 
vn -0.647386 0.762162 0 
vn -0.796093 0.605174 0 
vn -0.725995 0.687699 0 
vn -0.856857 0.515554 0 
vn -0.796093 0.605174 0 
vn -0.907575 0.419889 0 
vn -0.856857 0.515554 0 
vn -0.947653 0.319302 0 
vn -0.907575 0.419889 0 
vn -0.976621 0.21497 0 
vn -0.947653 0.319302 0 
vn -0.994138 0.108119 0 
vn -0.976621 0.21497 0 
vn -1 -1.22465e-16 0 
vn -0.994138 0.108119 0 
vn -0.994138 -0.108119 0 
vn -1 -1.22465e-16 0 
vn -0.976621 -0.21497 0 
vn -0.994138 -0.108119 0 
vn -0.947653 -0.319302 0 
vn -0.976621 -0.21497 0 
vn -0.907575 -0.419889 0 
vn -0.947653 -0.319302 0 
vn -0.856857 -0.515554 0 
vn -0.907575 -0.419889 0 
vn -0.796093 -0.605174 0 
vn -0.856857 -0.515554 0 
vn -0.725995 -0.687699 0 
vn -0.796093 -0.605174 0 
vn -0.647386 -0.762162 0 
vn -0.725995 -0.687699 0 
vn -0.561187 -0.827689 0 
vn -0.647386 -0.762162 0 
vn -0.468408 -0.883512 0 
vn -0.561187 -0.827689 0 
vn -0.370138 -0.928977 0 
vn -0.468408 -0.883512 0 
vn -0.267528 -0.96355 0 
vn -0.370138 -0.928977 0 
vn -0.161782 -0.986827 0 
vn -0.267528 -0.96355 0 
vn -0.0541389 -0.998533 0 
vn -0.161782 -0.986827 0 
vn 0.0541389 -0.998533 0 
vn -0.0541389 -0.998533 0 
vn 0.161782 -0.986827 0 
vn 0.0541389 -0.998533 0 
vn 0.267528 -0.96355 0 
vn 0.161782 -0.986827 0 
vn 0.370138 -0.928977 0 
vn 0.267528 -0.96355 0 
vn 0.468408 -0.883512 0 
vn 0.370138 -0.928977 0 
vn 0.561187 -0.827689 0 
vn 0.468408 -0.883512 0 
vn 0.647386 -0.762162 0 
vn 0.561187 -0.827689 0 
vn 0.725995 -0.687699 0 
vn 0.647386 -0.762162 0 
vn 0.796093 -0.605174 0 
vn 0.725995 -0.687699 0 
vn 0.856857 -0.515554 0 
vn 0.796093 -0.605174 0 
vn 0.907575 -0.419889 0 
vn 0.856857 -0.515554 0 
vn 0.947653 -0.319302 0 
vn 0.907575 -0.419889 0 
vn 0.976621 -0.21497 0 
vn 0.947653 -0.319302 0 
vn 0.994138 -0.108119 0 
vn 0.976621 -0.21497 0 
vn 0 0 1 
vn 0 -1 6.12323e-17 
vn 0 -0.99863 0.052336 
vn 0 -0.994522 0.104528 
vn 0 -0.978148 0.207912 
vn 0 -0.987688 0.156434 
vn 0 -0.951057 0.309017 
vn 0 -0.978148 0.207912 
vn 0 -0.965926 0.258819 
vn 0 -0.913545 0.406737 
vn 0 -0.951057 0.309017 
vn 0 -0.93358 0.358368 
vn 0 -0.866025 0.5 
vn 0 -0.913545 0.406737 
vn 0 -0.891007 0.45399 
vn 0 -0.809017 0.587785 
vn 0 -0.866025 0.5 
vn 0 -0.838671 0.544639 
vn 0 -0.743145 0.669131 
vn 0 -0.809017 0.587785 
vn 0 -0.669131 0.743145 
vn 0 -0.743145 0.669131 
vn 0 -0.587785 0.809017 
vn 0 -0.669131 0.743145 
vn 0 -0.5 0.866025 
vn 0 -0.587785 0.809017 
vn 0 -0.406737 0.913545 
vn 0 -0.5 0.866025 
vn 0 -0.309017 0.951057 
vn 0 -0.406737 0.913545 
vn 0 -0.207912 0.978148 
vn 0 -0.309017 0.951057 
vn 0 -0.104528 0.994522 
vn 0 -0.207912 0.978148 
vn 0 0 1 
vn 0 -0.104528 0.994522 
vn -0.99863 0 0.052336 
vn -1 0 6.12323e-17 
vn -0.994522 0 0.104528 
vn -0.987688 0 0.156434 
vn -0.978148 0 0.207912 
vn -0.965926 0 0.258819 
vn -0.951057 0 0.309017 
vn -0.93358 0 0.358368 
vn -0.913545 0 0.406737 
vn -0.891007 0 0.45399 
vn -0.866025 0 0.5 
vn -0.838671 0 0.544639 
vn -0.809017 0 0.587785 
vn -0.743145 0 0.669131 
vn -0.669131 0 0.743145 
vn -0.587785 0 0.809017 
vn -0.5 0 0.866025 
vn -0.406737 0 0.913545 
vn -0.309017 0 0.951057 
vn -0.207912 0 0.978148 
vn -0.104528 0 0.994522 
vn 0 0 1 
vn -0.309017 0 0.951057 
vn -0.587785 0 0.809017 
vn 0 -1 0 
vn 0 0 1 
vn 0 1 0 
vn 0 0.104528 0.994522 
vn 0 0.207912 0.978148 
vn 0 0.309017 0.951057 
vn 0 0.406737 0.913545 
vn 0 0.5 0.866025 
vn 0 0.587785 0.809017 
vn 0 0.669131 0.743145 
vn 0 0.743145 0.669131 
vn 0 0.809017 0.587785 
vn 0 0.838671 0.544639 
vn 0 0.866025 0.5 
vn 0 0.891007 0.45399 
vn 0 0.913545 0.406737 
vn 0 0.93358 0.358368 
vn 0 0.951057 0.309017 
vn 0 0.965926 0.258819 
vn 0 0.978148 0.207912 
vn 0 0.987688 0.156434 
vn 0 0.994522 0.104528 
vn 0 1 1.83697e-16 
vn 0 0.99863 0.052336 
vn 1 5.78241e-17 0 
vn -1 0 0 
vn -5.74851e-17 0.994138 0.108119 
vn -5.78241e-17 1 2.44929e-16 
vn -5.64722e-17 0.976621 0.21497 
vn -5.74851e-17 0.994138 0.108119 
vn -5.47972e-17 0.947653 0.319302 
vn -5.64722e-17 0.976621 0.21497 
vn -5.24797e-17 0.907575 0.419889 
vn -5.47972e-17 0.947653 0.319302 
vn -4.9547e-17 0.856857 0.515554 
vn -5.24797e-17 0.907575 0.419889 
vn -4.60334e-17 0.796093 0.605174 
vn -4.9547e-17 0.856857 0.515554 
vn -4.198e-17 0.725995 0.687699 
vn -4.60334e-17 0.796093 0.605174 
vn -3.74345e-17 0.647386 0.762162 
vn -4.198e-17 0.725995 0.687699 
vn -3.24501e-17 0.561187 0.827689 
vn -3.74345e-17 0.647386 0.762162 
vn -2.70853e-17 0.468408 0.883512 
vn -3.24501e-17 0.561187 0.827689 
vn -2.14029e-17 0.370138 0.928977 
vn -2.70853e-17 0.468408 0.883512 
vn -1.54696e-17 0.267528 0.96355 
vn -2.14029e-17 0.370138 0.928977 
vn -9.3549e-18 0.161782 0.986827 
vn -1.54696e-17 0.267528 0.96355 
vn -3.13053e-18 0.0541389 0.998533 
vn -9.3549e-18 0.161782 0.986827 
vn 3.13053e-18 -0.0541389 0.998533 
vn -3.13053e-18 0.0541389 0.998533 
vn 9.3549e-18 -0.161782 0.986827 
vn 3.13053e-18 -0.0541389 0.998533 
vn 1.54696e-17 -0.267528 0.96355 
vn 9.3549e-18 -0.161782 0.986827 
vn 2.14029e-17 -0.370138 0.928977 
vn 1.54696e-17 -0.267528 0.96355 
vn 2.70853e-17 -0.468408 0.883512 
vn 2.14029e-17 -0.370138 0.928977 
vn 3.24501e-17 -0.561187 0.827689 
vn 2.70853e-17 -0.468408 0.883512 
vn 3.74345e-17 -0.647386 0.762162 
vn 3.24501e-17 -0.561187 0.827689 
vn 4.198e-17 -0.725995 0.687699 
vn 3.74345e-17 -0.647386 0.762162 
vn 4.60334e-17 -0.796093 0.605174 
vn 4.198e-17 -0.725995 0.687699 
vn 4.9547e-17 -0.856857 0.515554 
vn 4.60334e-17 -0.796093 0.605174 
vn 5.24797e-17 -0.907575 0.419889 
vn 4.9547e-17 -0.856857 0.515554 
vn 5.47972e-17 -0.947653 0.319302 
vn 5.24797e-17 -0.907575 0.419889 
vn 5.64722e-17 -0.976621 0.21497 
vn 5.47972e-17 -0.947653 0.319302 
vn 5.74851e-17 -0.994138 0.108119 
vn 5.64722e-17 -0.976621 0.21497 
vn 5.78241e-17 -1 -1.22465e-16 
vn 5.74851e-17 -0.994138 0.108119 
vn 5.74851e-17 -0.994138 -0.108119 
vn 5.78241e-17 -1 -1.22465e-16 
vn 5.64722e-17 -0.976621 -0.21497 
vn 5.74851e-17 -0.994138 -0.108119 
vn 5.47972e-17 -0.947653 -0.319302 
vn 5.64722e-17 -0.976621 -0.21497 
vn 5.24797e-17 -0.907575 -0.419889 
vn 5.47972e-17 -0.947653 -0.319302 
vn 4.9547e-17 -0.856857 -0.515554 
vn 5.24797e-17 -0.907575 -0.419889 
vn 4.60334e-17 -0.796093 -0.605174 
vn 4.9547e-17 -0.856857 -0.515554 
vn 4.198e-17 -0.725995 -0.687699 
vn 4.60334e-17 -0.796093 -0.605174 
vn 3.74345e-17 -0.647386 -0.762162 
vn 4.198e-17 -0.725995 -0.687699 
vn 3.24501e-17 -0.561187 -0.827689 
vn 3.74345e-17 -0.647386 -0.762162 
vn 0 -0.478527 -0.878073 
vn 2.70853e-17 -0.468408 -0.883512 
vn 2.14029e-17 -0.370138 -0.928977 
vn 1.54696e-17 -0.267528 -0.96355 
vn 9.3549e-18 -0.161782 -0.986827 
vn 3.13053e-18 -0.0541389 -0.998533 
vn -3.13053e-18 0.0541389 -0.998533 
vn -1.77035e-32 3.06162e-16 -1 
vn -9.3549e-18 0.161782 -0.986827 
vn -1.54696e-17 0.267528 -0.96355 
vn -2.14029e-17 0.370138 -0.928977 
vn -2.70853e-17 0.468408 -0.883512 
vn -3.24501e-17 0.561187 -0.827689 
vn 0 0.478527 -0.878073 
vn -2.70853e-17 0.468408 -0.883512 
vn -3.74345e-17 0.647386 -0.762162 
vn -3.24501e-17 0.561187 -0.827689 
vn -4.198e-17 0.725995 -0.687699 
vn -3.74345e-17 0.647386 -0.762162 
vn -4.60334e-17 0.796093 -0.605174 
vn -4.198e-17 0.725995 -0.687699 
vn -4.9547e-17 0.856857 -0.515554 
vn -4.60334e-17 0.796093 -0.605174 
vn -5.24797e-17 0.907575 -0.419889 
vn -4.9547e-17 0.856857 -0.515554 
vn -5.47972e-17 0.947653 -0.319302 
vn -5.24797e-17 0.907575 -0.419889 
vn -5.64722e-17 0.976621 -0.21497 
vn -5.47972e-17 0.947653 -0.319302 
vn -5.74851e-17 0.994138 -0.108119 
vn -5.64722e-17 0.976621 -0.21497 
vn -5.74851e-17 0.994138 0.108119 
vn -5.78241e-17 1 2.44929e-16 
vn -5.64722e-17 0.976621 0.21497 
vn -5.74851e-17 0.994138 0.108119 
vn -5.47972e-17 0.947653 0.319302 
vn -5.64722e-17 0.976621 0.21497 
vn -5.24797e-17 0.907575 0.419889 
vn -5.47972e-17 0.947653 0.319302 
vn -4.9547e-17 0.856857 0.515554 
vn -5.24797e-17 0.907575 0.419889 
vn -4.60334e-17 0.796093 0.605174 
vn -4.9547e-17 0.856857 0.515554 
vn -4.198e-17 0.725995 0.687699 
vn -4.60334e-17 0.796093 0.605174 
vn -3.74345e-17 0.647386 0.762162 
vn -4.198e-17 0.725995 0.687699 
vn -3.24501e-17 0.561187 0.827689 
vn -3.74345e-17 0.647386 0.762162 
vn -2.70853e-17 0.468408 0.883512 
vn -3.24501e-17 0.561187 0.827689 
vn -2.14029e-17 0.370138 0.928977 
vn -2.70853e-17 0.468408 0.883512 
vn -1.54696e-17 0.267528 0.96355 
vn -2.14029e-17 0.370138 0.928977 
vn -9.3549e-18 0.161782 0.986827 
vn -1.54696e-17 0.267528 0.96355 
vn -3.13053e-18 0.0541389 0.998533 
vn -9.3549e-18 0.161782 0.986827 
vn 3.13053e-18 -0.0541389 0.998533 
vn -3.13053e-18 0.0541389 0.998533 
vn 9.3549e-18 -0.161782 0.986827 
vn 3.13053e-18 -0.0541389 0.998533 
vn 1.54696e-17 -0.267528 0.96355 
vn 9.3549e-18 -0.161782 0.986827 
vn 2.14029e-17 -0.370138 0.928977 
vn 1.54696e-17 -0.267528 0.96355 
vn 2.70853e-17 -0.468408 0.883512 
vn 2.14029e-17 -0.370138 0.928977 
vn 3.24501e-17 -0.561187 0.827689 
vn 2.70853e-17 -0.468408 0.883512 
vn 3.74345e-17 -0.647386 0.762162 
vn 3.24501e-17 -0.561187 0.827689 
vn 4.198e-17 -0.725995 0.687699 
vn 3.74345e-17 -0.647386 0.762162 
vn 4.60334e-17 -0.796093 0.605174 
vn 4.198e-17 -0.725995 0.687699 
vn 4.9547e-17 -0.856857 0.515554 
vn 4.60334e-17 -0.796093 0.605174 
vn 5.24797e-17 -0.907575 0.419889 
vn 4.9547e-17 -0.856857 0.515554 
vn 5.47972e-17 -0.947653 0.319302 
vn 5.24797e-17 -0.907575 0.419889 
vn 5.64722e-17 -0.976621 0.21497 
vn 5.47972e-17 -0.947653 0.319302 
vn 5.74851e-17 -0.994138 0.108119 
vn 5.64722e-17 -0.976621 0.21497 
vn 5.78241e-17 -1 -1.22465e-16 
vn 5.74851e-17 -0.994138 0.108119 
vn 5.74851e-17 -0.994138 -0.108119 
vn 5.78241e-17 -1 -1.22465e-16 
vn 5.64722e-17 -0.976621 -0.21497 
vn 5.74851e-17 -0.994138 -0.108119 
vn 5.47972e-17 -0.947653 -0.319302 
vn 5.64722e-17 -0.976621 -0.21497 
vn 5.24797e-17 -0.907575 -0.419889 
vn 5.47972e-17 -0.947653 -0.319302 
vn 4.9547e-17 -0.856857 -0.515554 
vn 5.24797e-17 -0.907575 -0.419889 
vn 4.60334e-17 -0.796093 -0.605174 
vn 4.9547e-17 -0.856857 -0.515554 
vn 4.198e-17 -0.725995 -0.687699 
vn 4.60334e-17 -0.796093 -0.605174 
vn 3.74345e-17 -0.647386 -0.762162 
vn 4.198e-17 -0.725995 -0.687699 
vn 3.24501e-17 -0.561187 -0.827689 
vn 3.74345e-17 -0.647386 -0.762162 
vn 2.70853e-17 -0.468408 -0.883512 
vn 3.24501e-17 -0.561187 -0.827689 
vn 2.14029e-17 -0.370138 -0.928977 
vn 2.70853e-17 -0.468408 -0.883512 
vn 1.54696e-17 -0.267528 -0.96355 
vn 2.14029e-17 -0.370138 -0.928977 
vn 9.3549e-18 -0.161782 -0.986827 
vn 1.54696e-17 -0.267528 -0.96355 
vn 3.13053e-18 -0.0541389 -0.998533 
vn 9.3549e-18 -0.161782 -0.986827 
vn -3.13053e-18 0.0541389 -0.998533 
vn -1.77035e-32 3.06162e-16 -1 
vn -9.3549e-18 0.161782 -0.986827 
vn -1.54696e-17 0.267528 -0.96355 
vn -2.14029e-17 0.370138 -0.928977 
vn -2.70853e-17 0.468408 -0.883512 
vn -3.24501e-17 0.561187 -0.827689 
vn -3.74345e-17 0.647386 -0.762162 
vn -4.198e-17 0.725995 -0.687699 
vn -4.60334e-17 0.796093 -0.605174 
vn -4.9547e-17 0.856857 -0.515554 
vn -5.24797e-17 0.907575 -0.419889 
vn -5.47972e-17 0.947653 -0.319302 
vn -5.64722e-17 0.976621 -0.21497 
vn -5.74851e-17 0.994138 -0.108119 
usemtl 0.615686_0.811765_0.929412_0.000000_0.000000
o mesh0
f 1//1 2//2 3//2 
f 4//3 1//1 5//4 
f 6//5 4//3 7//6 
f 8//7 6//5 9//8 
f 10//9 8//7 11//10 
f 12//11 10//9 13//12 
f 14//13 12//11 15//14 
f 16//15 14//13 17//16 
f 18//17 16//15 19//18 
f 20//19 18//17 21//20 
f 22//21 20//19 23//22 
f 24//23 22//21 25//24 
f 26//25 24//23 27//26 
f 28//27 26//25 29//28 
f 30//29 28//27 31//30 
f 32//31 30//29 33//32 
f 34//33 32//31 35//34 
f 36//35 34//33 37//36 
f 38//37 36//35 39//38 
f 40//39 38//37 41//40 
f 42//41 40//39 43//42 
f 44//43 42//41 45//44 
f 46//45 44//43 47//46 
f 48//47 46//45 49//48 
f 50//49 48//47 51//50 
f 52//51 50//49 53//52 
f 54//53 52//51 55//54 
f 56//55 54//53 57//56 
f 58//57 56//55 59//58 
f 60//59 58//57 61//60 
f 62//61 60//59 63//62 
f 64//63 62//61 65//64 
f 66//65 64//63 67//66 
f 68//67 66//65 69//68 
f 70//69 68//67 71//70 
f 72//71 70//69 73//72 
f 74//73 72//71 75//74 
f 76//75 74//73 77//76 
f 78//75 79//77 80//78 
f 79//77 81//77 80//78 
f 82//79 81//77 79//77 
f 83//80 82//79 84//79 
f 85//81 83//80 86//80 
f 87//82 85//81 88//81 
f 89//83 87//82 90//84 
f 87//82 91//85 90//84 
f 92//86 89//83 93//87 
f 94//88 92//86 95//89 
f 96//90 94//88 97//91 
f 98//92 96//90 99//93 
f 100//94 101//94 102//95 
f 102//95 103//96 100//94 
f 104//97 101//94 100//94 
f 105//98 104//97 106//97 
f 107//99 105//98 108//98 
f 109//100 107//99 110//99 
f 111//101 109//100 112//100 
f 113//102 111//101 114//101 
f 115//103 113//102 116//102 
f 117//104 115//103 118//103 
f 2//2 117//104 119//104 
f 119//104 3//2 2//2 
f 118//103 119//104 117//104 
f 116//102 118//103 115//103 
f 114//101 116//102 113//102 
f 112//100 114//101 111//101 
f 110//99 112//100 109//100 
f 108//98 110//99 107//99 
f 106//97 108//98 105//98 
f 100//94 106//97 104//97 
f 102//95 98//92 103//96 
f 99//93 103//96 98//92 
f 97//91 99//93 96//90 
f 95//89 97//91 94//88 
f 93//87 95//89 92//86 
f 90//84 93//87 89//83 
f 88//81 91//85 87//82 
f 86//80 88//81 85//81 
f 84//79 86//80 83//80 
f 79//77 84//79 82//79 
f 80//78 76//75 78//75 
f 77//76 78//75 76//75 
f 75//74 77//76 74//73 
f 73//72 75//74 72//71 
f 71//70 73//72 70//69 
f 69//68 71//70 68//67 
f 67//66 69//68 66//65 
f 65//64 67//66 64//63 
f 63//62 65//64 62//61 
f 61//60 63//62 60//59 
f 59//58 61//60 58//57 
f 57//56 59//58 56//55 
f 55//54 57//56 54//53 
f 53//52 55//54 52//51 
f 51//50 53//52 50//49 
f 49//48 51//50 48//47 
f 47//46 49//48 46//45 
f 45//44 47//46 44//43 
f 43//42 45//44 42//41 
f 41//40 43//42 40//39 
f 39//38 41//40 38//37 
f 37//36 39//38 36//35 
f 35//34 37//36 34//33 
f 33//32 35//34 32//31 
f 31//30 33//32 30//29 
f 29//28 31//30 28//27 
f 27//26 29//28 26//25 
f 25//24 27//26 24//23 
f 23//22 25//24 22//21 
f 21//20 23//22 20//19 
f 19//18 21//20 18//17 
f 17//16 19//18 16//15 
f 15//14 17//16 14//13 
f 13//12 15//14 12//11 
f 11//10 13//12 10//9 
f 9//8 11//10 8//7 
f 7//6 9//8 6//5 
f 5//4 7//6 4//3 
f 3//2 5//4 1//1 
o mesh1
f 120//105 65//105 63//105 
f 63//105 121//105 120//105 
f 120//105 71//105 69//105 
f 120//105 67//105 65//105 
f 120//105 73//105 71//105 
f 86//105 120//105 122//105 
f 120//105 123//105 124//105 
f 121//105 61//105 59//105 
f 69//105 67//105 120//105 
f 120//105 125//105 122//105 
f 120//105 126//105 127//105 
f 120//105 128//105 123//105 
f 63//105 61//105 121//105 
f 120//105 77//105 75//105 
f 122//105 88//105 86//105 
f 124//105 126//105 120//105 
f 120//105 129//105 130//105 
f 75//105 73//105 120//105 
f 120//105 79//105 78//105 
f 86//105 84//105 120//105 
f 120//105 131//105 132//105 
f 130//105 128//105 120//105 
f 120//105 133//105 134//105 
f 135//105 136//105 137//105 
f 138//105 139//105 136//105 
f 121//105 51//105 49//105 
f 121//105 57//105 55//105 
f 78//105 77//105 120//105 
f 132//105 125//105 120//105 
f 134//105 129//105 120//105 
f 136//105 135//105 138//105 
f 49//105 47//105 121//105 
f 59//105 57//105 121//105 
f 127//105 131//105 120//105 
f 135//105 140//105 141//105 
f 138//105 142//105 139//105 
f 138//105 143//105 144//105 
f 121//105 53//105 51//105 
f 84//105 79//105 120//105 
f 120//105 145//105 146//105 
f 135//105 147//105 140//105 
f 135//105 148//105 149//105 
f 135//105 150//105 151//105 
f 135//105 152//105 153//105 
f 138//105 154//105 142//105 
f 138//105 155//105 143//105 
f 138//105 156//105 157//105 
f 91//105 158//105 159//105 
f 88//105 160//105 161//105 
f 47//105 45//105 121//105 
f 146//105 133//105 120//105 
f 135//105 162//105 147//105 
f 135//105 163//105 148//105 
f 153//105 150//105 135//105 
f 144//105 154//105 138//105 
f 157//105 164//105 138//105 
f 159//105 93//105 90//105 
f 88//105 165//105 166//105 
f 161//105 167//105 88//105 
f 88//105 122//105 168//105 
f 121//105 43//105 41//105 
f 55//105 53//105 121//105 
f 141//105 120//105 135//105 
f 135//105 169//105 170//105 
f 135//105 171//105 172//105 
f 151//105 163//105 135//105 
f 164//105 155//105 138//105 
f 159//105 95//105 93//105 
f 88//105 173//105 165//105 
f 168//105 160//105 88//105 
f 159//105 99//105 97//105 
f 159//105 110//105 108//105 
f 138//105 119//105 118//105 
f 121//105 39//105 37//105 
f 45//105 43//105 121//105 
f 141//105 174//105 120//105 
f 172//105 169//105 135//105 
f 137//105 152//105 135//105 
f 159//105 90//105 91//105 
f 88//105 175//105 176//105 
f 167//105 173//105 88//105 
f 159//105 103//105 99//105 
f 159//105 106//105 100//105 
f 159//105 112//105 110//105 
f 159//105 116//105 114//105 
f 118//105 177//105 138//105 
f 178//105 118//105 116//105 
f 41//105 39//105 121//105 
f 135//105 179//105 162//105 
f 149//105 171//105 135//105 
f 138//105 177//105 180//105 
f 88//105 181//105 158//105 
f 166//105 175//105 88//105 
f 100//105 103//105 159//105 
f 114//105 112//105 159//105 
f 138//105 3//105 119//105 
f 116//105 159//105 182//105 
f 138//105 7//105 5//105 
f 138//105 11//105 9//105 
f 174//105 145//105 120//105 
f 180//105 156//105 138//105 
f 176//105 181//105 88//105 
f 108//105 106//105 159//105 
f 116//105 182//105 178//105 
f 9//105 7//105 138//105 
f 138//105 15//105 13//105 
f 138//105 19//105 17//105 
f 170//105 179//105 135//105 
f 97//105 95//105 159//105 
f 5//105 3//105 138//105 
f 17//105 15//105 138//105 
f 138//105 23//105 21//105 
f 121//105 35//105 33//105 
f 91//105 88//105 158//105 
f 13//105 11//105 138//105 
f 138//105 25//105 23//105 
f 37//105 35//105 121//105 
f 21//105 19//105 138//105 
f 138//105 29//105 27//105 
f 138//105 33//105 31//105 
f 118//105 178//105 177//105 
f 31//105 29//105 138//105 
f 27//105 25//105 138//105 
f 33//105 138//105 121//105 
o mesh2
f 183//106 184//106 135//106 
f 135//106 120//106 183//106 
o mesh3
f 185//107 186//108 137//108 
f 187//109 185//107 136//110 
f 188//111 187//109 139//112 
f 189//113 188//111 142//114 
f 190//115 189//113 154//116 
f 191//117 190//115 144//118 
f 192//119 191//117 143//120 
f 193//121 192//119 155//122 
f 194//123 193//121 164//124 
f 195//125 194//123 157//126 
f 196//127 195//125 156//128 
f 197//129 196//127 180//130 
f 198//131 197//129 177//132 
f 199//133 198//131 178//134 
f 200//135 199//133 182//136 
f 201//137 200//135 159//138 
f 202//139 201//137 158//140 
f 203//141 202//139 181//142 
f 204//143 203//141 176//144 
f 205//145 204//143 175//146 
f 206//147 205//145 166//148 
f 207//149 206//147 165//150 
f 208//151 207//149 173//152 
f 209//153 208//151 167//154 
f 210//155 209//153 161//156 
f 211//157 210//155 160//158 
f 212//159 211//157 168//160 
f 213//161 212//159 122//162 
f 214//163 213//161 125//164 
f 215//165 214//163 132//166 
f 216//167 215//165 131//168 
f 217//169 216//167 127//170 
f 218//171 217//169 126//172 
f 219//173 218//171 124//174 
f 220//175 219//173 123//176 
f 221//177 220//175 128//178 
f 222//179 221//177 130//180 
f 223//181 222//179 129//182 
f 224//183 223//181 134//184 
f 225//185 224//183 133//186 
f 226//187 225//185 146//188 
f 227//189 226//187 145//190 
f 228//191 227//189 174//192 
f 229//193 228//191 140//194 
f 228//191 141//195 140//194 
f 230//196 229//193 147//197 
f 231//198 230//196 162//199 
f 232//200 231//198 179//201 
f 233//202 232//200 170//203 
f 234//204 233//202 169//205 
f 235//206 234//204 172//207 
f 236//208 235//206 171//209 
f 237//210 236//208 149//211 
f 238//212 237//210 148//213 
f 239//214 238//212 163//215 
f 240//216 239//214 151//217 
f 241//218 240//216 150//219 
f 242//220 241//218 153//221 
f 186//108 242//220 152//220 
f 152//220 137//108 186//108 
f 153//221 152//220 242//220 
f 150//219 153//221 241//218 
f 151//217 150//219 240//216 
f 163//215 151//217 239//214 
f 148//213 163//215 238//212 
f 149//211 148//213 237//210 
f 171//209 149//211 236//208 
f 172//207 171//209 235//206 
f 169//205 172//207 234//204 
f 170//203 169//205 233//202 
f 179//201 170//203 232//200 
f 162//199 179//201 231//198 
f 147//197 162//199 230//196 
f 140//194 147//197 229//193 
f 174//192 141//195 228//191 
f 145//190 174//192 227//189 
f 146//188 145//190 226//187 
f 133//186 146//188 225//185 
f 134//184 133//186 224//183 
f 129//182 134//184 223//181 
f 130//180 129//182 222//179 
f 128//178 130//180 221//177 
f 123//176 128//178 220//175 
f 124//174 123//176 219//173 
f 126//172 124//174 218//171 
f 127//170 126//172 217//169 
f 131//168 127//170 216//167 
f 132//166 131//168 215//165 
f 125//164 132//166 214//163 
f 122//162 125//164 213//161 
f 168//160 122//162 212//159 
f 160//158 168//160 211//157 
f 161//156 160//158 210//155 
f 167//154 161//156 209//153 
f 173//152 167//154 208//151 
f 165//150 173//152 207//149 
f 166//148 165//150 206//147 
f 175//146 166//148 205//145 
f 176//144 175//146 204//143 
f 181//142 176//144 203//141 
f 158//140 181//142 202//139 
f 159//138 158//140 201//137 
f 182//136 159//138 200//135 
f 178//134 182//136 199//133 
f 177//132 178//134 198//131 
f 180//130 177//132 197//129 
f 156//128 180//130 196//127 
f 157//126 156//128 195//125 
f 164//124 157//126 194//123 
f 155//122 164//124 193//121 
f 143//120 155//122 192//119 
f 144//118 143//120 191//117 
f 154//116 144//118 190//115 
f 142//114 154//116 189//113 
f 139//112 142//114 188//111 
f 136//110 139//112 187//109 
f 137//108 136//110 185//107 
o mesh4
f 138//222 243//222 244//222 
f 138//222 135//222 245//222 
f 245//222 243//222 138//222 
f 135//222 184//222 245//222 
f 244//222 246//222 138//222 
o mesh5
f 121//223 247//223 248//223 
f 248//223 120//223 121//223 
f 121//223 249//223 247//223 
f 121//223 250//223 249//223 
f 248//223 183//223 120//223 
o mesh6
f 251//224 252//225 253//225 
f 253//225 254//224 251//224 
f 251//224 254//224 255//226 
f 256//226 255//226 257//227 
f 258//227 257//227 259//228 
f 260//228 259//228 261//229 
f 262//229 261//229 263//230 
f 264//230 263//230 265//231 
f 266//231 265//231 267//232 
f 268//232 267//232 269//233 
f 270//233 271//234 272//235 
f 270//233 269//233 271//234 
f 273//235 274//236 275//237 
f 273//235 272//235 274//236 
f 276//237 277//238 278//239 
f 276//237 275//237 277//238 
f 279//239 280//240 281//241 
f 279//239 278//239 280//240 
f 282//241 283//242 284//243 
f 282//241 281//241 283//242 
f 246//244 285//243 286//245 
f 285//243 284//243 286//245 
f 286//245 138//244 246//244 
f 284//243 285//243 282//241 
f 281//241 282//241 279//239 
f 278//239 279//239 276//237 
f 275//237 276//237 273//235 
f 272//235 273//235 270//233 
f 269//233 270//233 268//232 
f 267//232 268//232 266//231 
f 265//231 266//231 264//230 
f 263//230 264//230 262//229 
f 261//229 262//229 260//228 
f 259//228 260//228 258//227 
f 257//227 258//227 256//226 
f 255//226 256//226 251//224 
f 253//225 287//246 254//224 
o mesh7
f 287//246 288//246 289//247 
f 254//247 289//247 290//248 
f 290//248 291//249 257//249 
f 257//249 291//249 292//250 
f 292//250 293//251 261//251 
f 293//251 294//252 263//252 
f 263//252 294//252 295//253 
f 265//253 295//253 296//254 
f 267//254 296//254 297//255 
f 271//256 298//256 299//257 
f 271//256 297//255 298//256 
f 299//257 272//257 271//256 
f 274//258 300//258 301//259 
f 274//258 299//257 300//258 
f 301//259 275//259 274//258 
f 277//260 302//260 303//261 
f 277//260 301//259 302//260 
f 303//261 278//261 277//260 
f 280//262 304//262 305//263 
f 280//262 303//261 304//262 
f 305//263 281//263 280//262 
f 283//264 306//264 307//265 
f 283//264 305//263 306//264 
f 307//265 284//265 283//264 
f 308//266 121//267 138//267 
f 138//267 286//266 308//266 
f 284//265 307//265 308//266 
f 286//266 284//265 308//266 
f 283//264 281//263 305//263 
f 280//262 278//261 303//261 
f 277//260 275//259 301//259 
f 274//258 272//257 299//257 
f 271//256 269//268 297//255 
f 297//255 269//268 267//254 
f 296//254 267//254 265//253 
f 295//253 265//253 263//252 
f 263//252 261//251 293//251 
f 261//251 259//269 292//250 
f 292//250 259//269 257//249 
f 257//249 255//270 290//248 
f 290//248 255//270 254//247 
f 289//247 254//247 287//246 
o mesh8
f 250//271 121//271 308//272 
f 308//272 309//273 250//271 
f 310//274 309//273 307//273 
f 307//273 306//275 310//274 
f 311//276 310//274 305//277 
f 305//277 304//278 311//276 
f 312//279 311//276 303//280 
f 303//280 302//281 312//279 
f 313//282 312//279 301//283 
f 301//283 300//284 313//282 
f 314//285 313//282 299//286 
f 299//286 298//287 314//285 
f 315//288 314//285 297//289 
f 316//290 315//288 296//291 
f 317//292 316//290 295//293 
f 318//294 317//292 294//295 
f 319//296 318//294 293//297 
f 320//298 319//296 292//299 
f 321//300 320//298 291//301 
f 322//302 321//300 290//303 
f 322//302 289//302 323//304 
f 289//302 288//304 323//304 
f 323//304 324//304 322//302 
f 290//303 289//302 322//302 
f 291//301 290//303 321//300 
f 292//299 291//301 320//298 
f 293//297 292//299 319//296 
f 294//295 293//297 318//294 
f 295//293 294//295 317//292 
f 296//291 295//293 316//290 
f 297//289 296//291 315//288 
f 298//287 297//289 314//285 
f 300//284 299//286 313//282 
f 302//281 301//283 312//279 
f 304//278 303//280 311//276 
f 306//275 305//277 310//274 
f 308//272 307//273 309//273 
o mesh9
f 325//305 326//305 626//305 
f 327//305 626//305 627//305 
f 328//305 627//305 628//305 
f 329//305 628//305 330//305 
f 331//305 332//305 333//305 
f 331//305 334//305 335//305 
f 331//305 336//305 337//305 
f 335//305 332//305 331//305 
f 334//305 338//305 339//305 
f 334//305 340//305 341//305 
f 333//305 336//305 331//305 
f 341//305 338//305 334//305 
f 331//305 342//305 343//305 
f 339//305 335//305 334//305 
f 337//305 342//305 331//305 
f 334//305 629//305 344//305 
f 344//305 340//305 334//305 
f 630//305 345//305 346//305 
f 630//305 347//305 348//305 
f 348//305 345//305 630//305 
f 349//305 350//305 347//305 
f 349//305 351//305 352//305 
f 349//305 353//305 354//305 
f 630//305 355//305 356//305 
f 347//305 630//305 349//305 
f 354//305 351//305 349//305 
f 630//305 357//305 355//305 
f 352//305 350//305 349//305 
f 349//305 358//305 359//305 
f 630//305 360//305 361//305 
f 630//305 362//305 363//305 
f 346//305 357//305 630//305 
f 359//305 364//305 349//305 
f 629//305 365//305 366//305 
f 629//305 367//305 368//305 
f 629//305 369//305 370//305 
f 361//305 629//305 630//305 
f 363//305 371//305 630//305 
f 364//305 353//305 349//305 
f 366//305 372//305 629//305 
f 368//305 373//305 629//305 
f 629//305 374//305 369//305 
f 371//305 360//305 630//305 
f 356//305 375//305 630//305 
f 373//305 365//305 629//305 
f 361//305 374//305 629//305 
f 630//305 376//305 377//305 
f 349//305 378//305 358//305 
f 349//305 379//305 380//305 
f 349//305 381//305 382//305 
f 370//305 367//305 629//305 
f 375//305 376//305 630//305 
f 349//305 383//305 379//305 
f 381//305 384//305 382//305 
f 381//305 385//305 386//305 
f 381//305 387//305 388//305 
f 377//305 362//305 630//305 
f 349//305 389//305 390//305 
f 382//305 383//305 349//305 
f 386//305 391//305 381//305 
f 381//305 343//305 387//305 
f 390//305 378//305 349//305 
f 391//305 384//305 381//305 
f 381//305 392//305 393//305 
f 388//305 394//305 381//305 
f 380//305 389//305 349//305 
f 394//305 392//305 381//305 
f 393//305 385//305 381//305 
f 326//305 395//305 396//305 
f 326//305 397//305 398//305 
f 398//305 395//305 326//305 
f 326//305 399//305 400//305 
f 400//305 397//305 326//305 
f 399//305 401//305 400//305 
f 399//305 402//305 403//305 
f 399//305 404//305 405//305 
f 326//305 406//305 407//305 
f 399//305 408//305 401//305 
f 405//305 402//305 399//305 
f 399//305 409//305 410//305 
f 399//305 411//305 412//305 
f 399//305 413//305 414//305 
f 413//305 415//305 416//305 
f 626//305 417//305 418//305 
f 407//305 419//305 326//305 
f 403//305 408//305 399//305 
f 399//305 420//305 409//305 
f 399//305 421//305 422//305 
f 399//305 423//305 411//305 
f 413//305 424//305 414//305 
f 413//305 425//305 426//305 
f 413//305 427//305 428//305 
f 413//305 429//305 415//305 
f 626//305 430//305 417//305 
f 626//305 431//305 432//305 
f 396//305 406//305 326//305 
f 422//305 420//305 399//305 
f 414//305 423//305 399//305 
f 426//305 433//305 413//305 
f 416//305 427//305 413//305 
f 418//305 413//305 626//305 
f 626//305 434//305 435//305 
f 626//305 436//305 431//305 
f 626//305 437//305 438//305 
f 626//305 439//305 440//305 
f 326//305 441//305 442//305 
f 410//305 404//305 399//305 
f 433//305 424//305 413//305 
f 413//305 443//305 444//305 
f 413//305 445//305 446//305 
f 418//305 429//305 413//305 
f 626//305 447//305 434//305 
f 438//305 436//305 626//305 
f 626//305 448//305 439//305 
f 326//305 449//305 450//305 
f 442//305 451//305 326//305 
f 326//305 452//305 453//305 
f 412//305 421//305 399//305 
f 413//305 454//305 443//305 
f 428//305 445//305 413//305 
f 432//305 447//305 626//305 
f 626//305 450//305 448//305 
f 451//305 449//305 326//305 
f 419//305 452//305 326//305 
f 446//305 454//305 413//305 
f 440//305 437//305 626//305 
f 453//305 441//305 326//305 
f 435//305 430//305 626//305 
f 444//305 425//305 413//305 
f 626//305 413//305 455//305 
f 626//305 456//305 457//305 
f 455//305 458//305 626//305 
f 458//305 456//305 626//305 
f 413//305 459//305 460//305 
f 413//305 461//305 462//305 
f 413//305 463//305 455//305 
f 462//305 459//305 413//305 
f 626//305 464//305 465//305 
f 460//305 463//305 413//305 
f 457//305 464//305 626//305 
f 413//305 466//305 467//305 
f 467//305 461//305 413//305 
f 468//305 469//305 470//305 
f 468//305 628//305 471//305 
f 468//305 472//305 473//305 
f 471//305 469//305 468//305 
f 628//305 474//305 475//305 
f 628//305 476//305 477//305 
f 468//305 478//305 479//305 
f 470//305 472//305 468//305 
f 477//305 474//305 628//305 
f 468//305 480//305 478//305 
f 475//305 471//305 628//305 
f 628//305 481//305 482//305 
f 473//305 480//305 468//305 
f 482//305 483//305 628//305 
f 483//305 476//305 628//305 
f 628//305 484//305 485//305 
f 628//305 627//305 486//305 
f 627//305 487//305 488//305 
f 466//305 489//305 490//305 
f 468//305 491//305 492//305 
f 479//305 493//305 468//305 
f 485//305 494//305 628//305 
f 628//305 495//305 496//305 
f 627//305 497//305 486//305 
f 488//305 498//305 627//305 
f 466//305 499//305 500//305 
f 466//305 501//305 489//305 
f 492//305 466//305 468//305 
f 468//305 502//305 503//305 
f 468//305 504//305 505//305 
f 494//305 481//305 628//305 
f 628//305 506//305 495//305 
f 498//305 497//305 627//305 
f 500//305 507//305 466//305 
f 492//305 501//305 466//305 
f 503//305 508//305 468//305 
f 493//305 504//305 468//305 
f 486//305 506//305 628//305 
f 627//305 509//305 510//305 
f 466//305 511//305 499//305 
f 466//305 512//305 513//305 
f 508//305 491//305 468//305 
f 496//305 484//305 628//305 
f 627//305 465//305 509//305 
f 513//305 511//305 466//305 
f 505//305 502//305 468//305 
f 627//305 514//305 515//305 
f 510//305 516//305 627//305 
f 490//305 512//305 466//305 
f 516//305 514//305 627//305 
f 515//305 487//305 627//305 
f 517//305 518//305 519//305 
f 517//305 520//305 521//305 
f 521//305 518//305 517//305 
f 522//305 523//305 520//305 
f 520//305 524//305 521//305 
f 520//305 525//305 526//305 
f 520//305 527//305 528//305 
f 520//305 523//305 529//305 
f 330//305 530//305 522//305 
f 526//305 524//305 520//305 
f 528//305 531//305 520//305 
f 520//305 330//305 522//305 
f 330//305 532//305 533//305 
f 628//305 534//305 532//305 
f 531//305 525//305 520//305 
f 520//305 535//305 536//305 
f 533//305 530//305 330//305 
f 628//305 468//305 534//305 
f 536//305 527//305 520//305 
f 532//305 330//305 628//305 
f 529//305 535//305 520//305 
f 183//305 217//305 218//305 
f 218//305 219//305 183//305 
f 183//305 215//305 216//305 
f 248//305 211//305 212//305 
f 248//305 208//305 209//305 
f 183//305 220//305 221//305 
f 216//305 217//305 183//305 
f 183//305 248//305 214//305 
f 248//305 210//305 211//305 
f 248//305 207//305 208//305 
f 184//305 240//305 241//305 
f 184//305 238//305 239//305 
f 184//305 235//305 236//305 
f 183//305 222//305 223//305 
f 219//305 220//305 183//305 
f 248//305 213//305 214//305 
f 209//305 210//305 248//305 
f 239//305 240//305 184//305 
f 236//305 237//305 184//305 
f 221//305 222//305 183//305 
f 212//305 213//305 248//305 
f 248//305 205//305 206//305 
f 248//305 245//305 200//305 
f 184//305 242//305 186//305 
f 237//305 238//305 184//305 
f 184//305 228//305 229//305 
f 183//305 227//305 228//305 
f 214//305 215//305 183//305 
f 248//305 204//305 205//305 
f 245//305 199//305 200//305 
f 245//305 190//305 191//305 
f 245//305 188//305 189//305 
f 241//305 242//305 184//305 
f 184//305 233//305 234//305 
f 228//305 184//305 183//305 
f 183//305 224//305 225//305 
f 206//305 207//305 248//305 
f 245//305 198//305 199//305 
f 189//305 190//305 245//305 
f 234//305 235//305 184//305 
f 184//305 231//305 232//305 
f 229//305 230//305 184//305 
f 223//305 224//305 183//305 
f 248//305 202//305 203//305 
f 245//305 197//305 198//305 
f 245//305 193//305 194//305 
f 191//305 192//305 245//305 
f 245//305 185//305 187//305 
f 232//305 233//305 184//305 
f 183//305 226//305 227//305 
f 203//305 204//305 248//305 
f 200//305 201//305 248//305 
f 192//305 193//305 245//305 
f 245//305 186//305 185//305 
f 230//305 231//305 184//305 
f 201//305 202//305 248//305 
f 245//305 195//305 196//305 
f 187//305 188//305 245//305 
f 225//305 226//305 183//305 
f 194//305 195//305 245//305 
f 196//305 197//305 245//305 
f 248//305 82//305 83//305 
f 245//305 92//305 94//305 
f 245//305 87//305 89//305 
f 248//305 85//305 87//305 
f 248//305 81//305 82//305 
f 248//305 247//305 80//305 
f 245//305 98//305 102//305 
f 94//305 96//305 245//305 
f 87//305 245//305 248//305 
f 80//305 81//305 248//305 
f 96//305 98//305 245//305 
f 83//305 85//305 248//305 
f 89//305 92//305 245//305 
f 247//305 64//305 66//305 
f 66//305 68//305 247//305 
f 247//305 60//305 62//305 
f 249//305 56//305 58//305 
f 249//305 50//305 52//305 
f 62//305 64//305 247//305 
f 58//305 247//305 249//305 
f 249//305 48//305 50//305 
f 244//305 28//305 30//305 
f 58//305 60//305 247//305 
f 52//305 54//305 249//305 
f 30//305 249//305 244//305 
f 244//305 6//305 8//305 
f 244//305 1//305 4//305 
f 244//305 243//305 2//305 
f 247//305 70//305 72//305 
f 54//305 56//305 249//305 
f 249//305 36//305 38//305 
f 244//305 26//305 28//305 
f 244//305 22//305 24//305 
f 4//305 6//305 244//305 
f 243//305 117//305 2//305 
f 68//305 70//305 247//305 
f 249//305 44//305 46//305 
f 249//305 34//305 36//305 
f 24//305 26//305 244//305 
f 2//305 1//305 244//305 
f 243//305 113//305 115//305 
f 243//305 104//305 105//305 
f 247//305 74//305 76//305 
f 46//305 48//305 249//305 
f 249//305 32//305 34//305 
f 244//305 20//305 22//305 
f 244//305 14//305 16//305 
f 115//305 117//305 243//305 
f 105//305 107//305 243//305 
f 72//305 74//305 247//305 
f 249//305 40//305 42//305 
f 30//305 32//305 249//305 
f 16//305 18//305 244//305 
f 243//305 111//305 113//305 
f 107//305 109//305 243//305 
f 42//305 44//305 249//305 
f 18//305 20//305 244//305 
f 244//305 10//305 12//305 
f 109//305 111//305 243//305 
f 38//305 40//305 249//305 
f 8//305 10//305 244//305 
f 12//305 14//305 244//305 
f 243//305 102//305 101//305 
f 101//305 104//305 243//305 
f 311//305 270//305 273//305 
f 311//305 266//305 268//305 
f 310//305 276//305 279//305 
f 268//305 270//305 311//305 
f 314//305 537//305 251//305 
f 279//305 309//305 310//305 
f 311//305 264//305 266//305 
f 244//305 249//305 250//305 
f 538//305 539//305 540//305 
f 251//305 256//305 314//305 
f 537//305 519//305 252//305 
f 264//305 311//305 312//305 
f 273//305 276//305 311//305 
f 313//305 260//305 262//305 
f 313//305 256//305 258//305 
f 250//305 246//305 244//305 
f 539//305 324//305 540//305 
f 539//305 537//305 320//305 
f 537//305 314//305 315//305 
f 252//305 251//305 537//305 
f 310//305 311//305 276//305 
f 258//305 260//305 313//305 
f 309//305 285//305 246//305 
f 539//305 322//305 324//305 
f 320//305 321//305 539//305 
f 537//305 318//305 319//305 
f 537//305 316//305 317//305 
f 256//305 313//305 314//305 
f 262//305 264//305 313//305 
f 309//305 282//305 285//305 
f 321//305 322//305 539//305 
f 317//305 318//305 537//305 
f 312//305 313//305 264//305 
f 309//305 279//305 282//305 
f 319//305 320//305 537//305 
f 250//305 309//305 246//305 
f 315//305 316//305 537//305 
f 541//305 542//305 543//305 
f 334//305 544//305 545//305 
f 543//305 538//305 541//305 
f 334//305 546//305 544//305 
f 543//305 547//305 546//305 
f 542//305 548//305 543//305 
f 334//305 549//305 550//305 
f 545//305 551//305 334//305 
f 548//305 547//305 543//305 
f 334//305 552//305 549//305 
f 334//305 553//305 554//305 
f 546//305 334//305 543//305 
f 555//305 556//305 557//305 
f 334//305 558//305 552//305 
f 551//305 553//305 334//305 
f 555//305 559//305 556//305 
f 334//305 560//305 561//305 
f 554//305 558//305 334//305 
f 562//305 549//305 563//305 
f 555//305 563//305 559//305 
f 334//305 564//305 565//305 
f 334//305 566//305 560//305 
f 549//305 562//305 550//305 
f 557//305 567//305 555//305 
f 561//305 564//305 334//305 
f 563//305 555//305 562//305 
f 334//305 568//305 569//305 
f 550//305 566//305 334//305 
f 570//305 571//305 572//305 
f 565//305 568//305 334//305 
f 567//305 557//305 570//305 
f 572//305 567//305 570//305 
f 573//305 574//305 575//305 
f 573//305 576//305 577//305 
f 577//305 574//305 573//305 
f 630//305 578//305 576//305 
f 630//305 579//305 580//305 
f 630//305 581//305 582//305 
f 573//305 583//305 584//305 
f 576//305 573//305 630//305 
f 582//305 579//305 630//305 
f 573//305 585//305 583//305 
f 580//305 578//305 630//305 
f 630//305 586//305 587//305 
f 573//305 588//305 589//305 
f 573//305 590//305 591//305 
f 575//305 585//305 573//305 
f 587//305 592//305 630//305 
f 571//305 593//305 594//305 
f 571//305 595//305 596//305 
f 571//305 597//305 598//305 
f 589//305 571//305 573//305 
f 591//305 599//305 573//305 
f 592//305 581//305 630//305 
f 594//305 600//305 571//305 
f 596//305 601//305 571//305 
f 571//305 602//305 597//305 
f 599//305 588//305 573//305 
f 584//305 603//305 573//305 
f 601//305 593//305 571//305 
f 589//305 602//305 571//305 
f 573//305 604//305 605//305 
f 630//305 606//305 586//305 
f 630//305 607//305 608//305 
f 630//305 629//305 609//305 
f 598//305 595//305 571//305 
f 603//305 604//305 573//305 
f 630//305 610//305 607//305 
f 629//305 611//305 609//305 
f 629//305 612//305 613//305 
f 629//305 614//305 615//305 
f 605//305 590//305 573//305 
f 630//305 616//305 617//305 
f 609//305 610//305 630//305 
f 613//305 618//305 629//305 
f 629//305 569//305 614//305 
f 617//305 606//305 630//305 
f 618//305 611//305 629//305 
f 629//305 619//305 620//305 
f 615//305 621//305 629//305 
f 608//305 616//305 630//305 
f 621//305 619//305 629//305 
f 620//305 612//305 629//305 
f 622//305 623//305 630//305 
f 623//305 624//305 349//305 
f 349//305 630//305 623//305 
f 630//305 573//305 622//305 
f 600//305 572//305 571//305 
f 569//305 629//305 334//305 
f 540//305 541//305 538//305 
f 76//305 80//305 247//305 
f 102//305 243//305 245//305 
f 186//305 245//305 184//305 
f 519//305 537//305 517//305 
f 507//305 467//305 466//305 
f 465//305 627//305 626//305 
f 450//305 626//305 326//305 
f 372//305 344//305 629//305 
f 343//305 381//305 331//305 
f 330//305 625//305 329//305 
f 628//305 329//305 328//305 
f 627//305 328//305 327//305 
f 626//305 327//305 325//305 
o mesh10
f 631//306 632//306 633//306 
f 631//306 634//306 632//306 
f 631//306 635//306 634//306 
f 636//306 325//306 637//306 
f 638//306 328//306 329//306 
f 637//306 631//306 636//306 
f 638//306 327//306 328//306 
f 325//306 638//306 637//306 
f 638//306 325//306 327//306 
f 329//306 625//306 638//306 
f 633//306 636//306 631//306 
o mesh11
f 639//307 466//307 413//307 
f 413//307 640//307 639//307 
f 639//307 468//307 466//307 
f 639//307 534//307 468//307 
f 413//307 399//307 640//307 
o mesh12
f 448//308 450//307 641//307 
f 439//309 448//308 642//308 
f 440//310 439//309 643//309 
f 437//311 440//310 644//310 
f 438//312 437//311 645//311 
f 436//313 438//312 646//312 
f 431//314 436//313 647//313 
f 432//315 431//314 648//314 
f 447//316 432//315 649//315 
f 434//317 447//316 650//316 
f 435//318 434//317 651//317 
f 430//319 435//318 652//318 
f 417//320 430//319 653//319 
f 418//321 417//320 654//320 
f 418//321 655//321 656//322 
f 656//322 429//323 418//321 
f 415//324 429//323 657//323 
f 416//325 415//324 658//324 
f 427//326 416//325 659//325 
f 428//327 427//326 660//326 
f 445//328 428//327 661//327 
f 446//329 445//328 662//328 
f 454//330 446//329 663//329 
f 443//331 454//330 664//330 
f 444//332 443//331 665//331 
f 425//333 444//332 666//332 
f 426//334 425//333 667//333 
f 433//335 426//334 668//334 
f 424//336 433//335 669//335 
f 414//337 424//336 670//336 
f 423//338 414//337 671//337 
f 411//339 423//338 672//338 
f 412//340 411//339 673//339 
f 421//341 412//340 674//340 
f 422//342 421//341 675//341 
f 420//343 422//342 676//342 
f 409//344 420//343 677//343 
f 410//345 409//344 678//344 
f 404//346 410//345 679//345 
f 405//347 404//346 680//346 
f 402//348 405//347 681//347 
f 403//349 402//348 682//348 
f 408//350 403//349 683//349 
f 401//351 408//350 684//350 
f 400//352 401//351 685//351 
f 397//353 400//352 686//352 
f 398//354 397//353 687//353 
f 395//355 398//354 688//354 
f 396//356 395//355 689//355 
f 406//357 396//356 690//356 
f 407//358 406//357 691//357 
f 419//359 407//358 692//358 
f 452//360 419//359 693//359 
f 453//361 452//360 694//360 
f 441//362 453//361 695//361 
f 442//363 441//362 696//362 
f 451//364 442//363 697//363 
f 449//365 451//364 698//364 
f 450//307 449//365 699//365 
f 699//365 641//307 450//307 
f 698//364 699//365 449//365 
f 697//363 698//364 451//364 
f 696//362 697//363 442//363 
f 695//361 696//362 441//362 
f 694//360 695//361 453//361 
f 693//359 694//360 452//360 
f 692//358 693//359 419//359 
f 691//357 692//358 407//358 
f 690//356 691//357 406//357 
f 689//355 690//356 396//356 
f 688//354 689//355 395//355 
f 687//353 688//354 398//354 
f 686//352 687//353 397//353 
f 685//351 686//352 400//352 
f 684//350 685//351 401//351 
f 683//349 684//350 408//350 
f 682//348 683//349 403//349 
f 681//347 682//348 402//348 
f 680//346 681//347 405//347 
f 679//345 680//346 404//346 
f 678//344 679//345 410//345 
f 677//343 678//344 409//344 
f 676//342 677//343 420//343 
f 675//341 676//342 422//342 
f 674//340 675//341 421//341 
f 673//339 674//340 412//340 
f 672//338 673//339 411//339 
f 671//337 672//338 423//338 
f 670//336 671//337 414//337 
f 669//335 670//336 424//336 
f 668//334 669//335 433//335 
f 667//333 668//334 426//334 
f 666//332 667//333 425//333 
f 665//331 666//332 444//332 
f 664//330 665//331 443//331 
f 663//329 664//330 454//330 
f 662//328 663//329 446//329 
f 661//327 662//328 445//328 
f 660//326 661//327 428//327 
f 659//325 660//326 427//326 
f 658//324 659//325 416//325 
f 657//323 658//324 415//324 
f 656//322 657//323 429//323 
f 654//320 655//321 418//321 
f 653//319 654//320 417//320 
f 652//318 653//319 430//319 
f 651//317 652//318 435//318 
f 650//316 651//317 434//317 
f 649//315 650//316 447//316 
f 648//314 649//315 432//315 
f 647//313 648//314 431//314 
f 646//312 647//313 436//313 
f 645//311 646//312 438//312 
f 644//310 645//311 437//311 
f 643//309 644//310 440//310 
f 642//308 643//309 439//309 
f 641//307 642//308 448//308 
o mesh13
f 506//366 486//367 700//367 
f 495//368 506//366 701//369 
f 496//370 495//368 702//371 
f 484//372 496//370 703//373 
f 485//374 484//372 704//375 
f 494//376 485//374 705//377 
f 481//378 494//376 706//379 
f 482//380 481//378 707//381 
f 483//382 482//380 708//383 
f 476//384 483//382 709//385 
f 477//386 476//384 710//387 
f 474//388 477//386 711//389 
f 475//390 474//388 712//391 
f 471//392 475//390 713//393 
f 471//392 714//392 715//394 
f 715//394 469//395 471//392 
f 470//396 469//395 716//395 
f 472//397 470//396 717//396 
f 473//398 472//397 718//397 
f 480//399 473//398 719//398 
f 478//400 480//399 720//399 
f 479//401 478//400 721//400 
f 493//402 479//401 722//401 
f 504//403 493//402 723//402 
f 505//404 504//403 724//403 
f 502//405 505//404 725//404 
f 503//406 502//405 726//405 
f 508//407 503//406 727//406 
f 491//408 508//407 728//407 
f 492//409 491//408 729//408 
f 501//410 492//409 730//409 
f 489//411 501//410 731//410 
f 490//412 489//411 732//411 
f 512//413 490//412 733//412 
f 513//414 512//413 734//413 
f 511//415 513//414 735//414 
f 499//416 511//415 736//415 
f 500//417 499//416 737//416 
f 507//418 500//417 738//417 
f 739//418 740//419 467//420 
f 740//419 461//419 467//420 
f 462//421 461//419 740//419 
f 459//422 462//421 741//421 
f 460//423 459//422 742//422 
f 463//424 460//423 743//423 
f 455//425 463//424 744//424 
f 458//426 455//425 745//425 
f 456//427 458//426 746//426 
f 457//428 456//427 747//427 
f 464//429 457//428 748//428 
f 749//430 509//430 465//431 
f 465//431 750//432 749//430 
f 510//433 509//430 749//430 
f 516//434 510//433 751//433 
f 514//435 516//434 752//434 
f 515//436 514//435 753//435 
f 487//437 515//436 754//436 
f 488//438 487//437 755//437 
f 498//439 488//438 756//438 
f 497//440 498//439 757//439 
f 486//367 497//440 758//440 
f 758//440 700//367 486//367 
f 757//439 758//440 497//440 
f 756//438 757//439 498//439 
f 755//437 756//438 488//438 
f 754//436 755//437 487//437 
f 753//435 754//436 515//436 
f 752//434 753//435 514//435 
f 751//433 752//434 516//434 
f 749//430 751//433 510//433 
f 465//431 464//429 750//432 
f 748//428 750//432 464//429 
f 747//427 748//428 457//428 
f 746//426 747//427 456//427 
f 745//425 746//426 458//426 
f 744//424 745//425 455//425 
f 743//423 744//424 463//424 
f 742//422 743//423 460//423 
f 741//421 742//422 459//422 
f 740//419 741//421 462//421 
f 467//420 507//418 739//418 
f 738//417 739//418 507//418 
f 737//416 738//417 500//417 
f 736//415 737//416 499//416 
f 735//414 736//415 511//415 
f 734//413 735//414 513//414 
f 733//412 734//413 512//413 
f 732//411 733//412 490//412 
f 731//410 732//411 489//411 
f 730//409 731//410 501//410 
f 729//408 730//409 492//409 
f 728//407 729//408 491//408 
f 727//406 728//407 508//407 
f 726//405 727//406 503//406 
f 725//404 726//405 502//405 
f 724//403 725//404 505//404 
f 723//402 724//403 504//403 
f 722//401 723//402 493//402 
f 721//400 722//401 479//401 
f 720//399 721//400 478//400 
f 719//398 720//399 480//399 
f 718//397 719//398 473//398 
f 717//396 718//397 472//397 
f 716//395 717//396 470//396 
f 715//394 716//395 469//395 
f 713//393 714//392 471//392 
f 712//391 713//393 475//390 
f 711//389 712//391 474//388 
f 710//387 711//389 477//386 
f 709//385 710//387 476//384 
f 708//383 709//385 483//382 
f 707//381 708//383 482//380 
f 706//379 707//381 481//378 
f 705//377 706//379 494//376 
f 704//375 705//377 485//374 
f 703//373 704//375 484//372 
f 702//371 703//373 496//370 
f 701//369 702//371 495//368 
f 700//367 701//369 506//366 
o mesh14
f 534//441 639//441 759//442 
f 759//442 532//443 534//441 
f 533//444 532//443 760//443 
f 760//443 761//445 533//444 
f 530//446 533//444 762//447 
f 762//447 763//448 530//446 
f 522//449 530//446 764//450 
f 764//450 765//451 522//449 
f 523//452 522//449 766//453 
f 766//453 767//454 523//452 
f 529//455 523//452 768//456 
f 768//456 769//457 529//455 
f 535//458 529//455 770//459 
f 536//460 535//458 771//461 
f 527//462 536//460 772//463 
f 528//464 527//462 773//465 
f 531//466 528//464 774//467 
f 525//468 531//466 775//469 
f 526//470 525//468 776//471 
f 524//472 526//470 777//473 
f 524//472 778//472 779//474 
f 778//472 780//474 779//474 
f 779//474 521//474 524//472 
f 777//473 778//472 524//472 
f 776//471 777//473 526//470 
f 775//469 776//471 525//468 
f 774//467 775//469 531//466 
f 773//465 774//467 528//464 
f 772//463 773//465 527//462 
f 771//461 772//463 536//460 
f 770//459 771//461 535//458 
f 769//457 770//459 529//455 
f 767//454 768//456 523//452 
f 765//451 766//453 522//449 
f 763//448 764//450 530//446 
f 761//445 762//447 533//444 
f 759//442 760//443 532//443 
o mesh15
f 667//475 742//475 741//475 
f 667//475 744//475 743//475 
f 640//475 682//475 681//475 
f 640//475 684//475 683//475 
f 649//475 781//475 758//475 
f 743//475 742//475 667//475 
f 667//475 747//475 746//475 
f 667//475 750//475 748//475 
f 683//475 682//475 640//475 
f 640//475 782//475 685//475 
f 781//475 700//475 758//475 
f 667//475 739//475 738//475 
f 667//475 745//475 744//475 
f 748//475 747//475 667//475 
f 685//475 684//475 640//475 
f 781//475 701//475 700//475 
f 667//475 740//475 739//475 
f 746//475 745//475 667//475 
f 667//475 752//475 751//475 
f 640//475 680//475 679//475 
f 782//475 686//475 685//475 
f 782//475 689//475 688//475 
f 782//475 691//475 690//475 
f 758//475 650//475 649//475 
f 639//475 717//475 716//475 
f 639//475 722//475 721//475 
f 639//475 724//475 723//475 
f 741//475 740//475 667//475 
f 751//475 749//475 667//475 
f 640//475 671//475 670//475 
f 640//475 675//475 674//475 
f 640//475 677//475 676//475 
f 679//475 678//475 640//475 
f 782//475 687//475 686//475 
f 690//475 689//475 782//475 
f 782//475 698//475 697//475 
f 781//475 642//475 641//475 
f 781//475 647//475 646//475 
f 649//475 648//475 781//475 
f 781//475 704//475 703//475 
f 651//475 758//475 757//475 
f 716//475 781//475 639//475 
f 639//475 720//475 719//475 
f 723//475 722//475 639//475 
f 639//475 731//475 730//475 
f 667//475 732//475 731//475 
f 749//475 750//475 667//475 
f 656//475 756//475 755//475 
f 639//475 670//475 669//475 
f 640//475 672//475 671//475 
f 674//475 673//475 640//475 
f 678//475 677//475 640//475 
f 688//475 687//475 782//475 
f 782//475 693//475 692//475 
f 782//475 699//475 698//475 
f 641//475 782//475 781//475 
f 781//475 645//475 644//475 
f 648//475 647//475 781//475 
f 703//475 702//475 781//475 
f 757//475 653//475 652//475 
f 639//475 718//475 717//475 
f 721//475 720//475 639//475 
f 639//475 728//475 727//475 
f 731//475 639//475 667//475 
f 667//475 734//475 733//475 
f 738//475 737//475 667//475 
f 755//475 658//475 657//475 
f 755//475 660//475 659//475 
f 669//475 668//475 639//475 
f 673//475 672//475 640//475 
f 681//475 680//475 640//475 
f 782//475 694//475 693//475 
f 641//475 699//475 782//475 
f 644//475 643//475 781//475 
f 702//475 701//475 781//475 
f 757//475 652//475 651//475 
f 781//475 715//475 714//475 
f 719//475 718//475 639//475 
f 639//475 726//475 725//475 
f 639//475 729//475 728//475 
f 733//475 732//475 667//475 
f 667//475 736//475 735//475 
f 667//475 753//475 752//475 
f 659//475 658//475 755//475 
f 755//475 662//475 661//475 
f 670//475 639//475 640//475 
f 692//475 691//475 782//475 
f 643//475 642//475 781//475 
f 651//475 650//475 758//475 
f 653//475 757//475 756//475 
f 756//475 656//475 655//475 
f 781//475 708//475 707//475 
f 781//475 710//475 709//475 
f 781//475 712//475 711//475 
f 714//475 713//475 781//475 
f 725//475 724//475 639//475 
f 730//475 729//475 639//475 
f 737//475 736//475 667//475 
f 667//475 755//475 754//475 
f 661//475 660//475 755//475 
f 755//475 664//475 663//475 
f 755//475 667//475 666//475 
f 676//475 675//475 640//475 
f 782//475 696//475 695//475 
f 646//475 645//475 781//475 
f 655//475 654//475 756//475 
f 709//475 708//475 781//475 
f 713//475 712//475 781//475 
f 727//475 726//475 639//475 
f 754//475 753//475 667//475 
f 663//475 662//475 755//475 
f 666//475 665//475 755//475 
f 695//475 694//475 782//475 
f 756//475 654//475 653//475 
f 781//475 706//475 705//475 
f 711//475 710//475 781//475 
f 735//475 734//475 667//475 
f 665//475 664//475 755//475 
f 697//475 696//475 782//475 
f 707//475 706//475 781//475 
f 755//475 657//475 656//475 
f 705//475 704//475 781//475 
f 668//475 667//475 639//475 
f 716//475 715//475 781//475 
o mesh16
f 778//476 783//476 784//477 
f 783//476 785//477 784//477 
f 783//476 778//476 777//478 
f 786//478 777//478 776//479 
f 787//479 776//479 775//480 
f 788//480 775//480 774//481 
f 789//481 774//481 773//482 
f 790//482 773//482 772//483 
f 791//483 772//483 771//484 
f 792//484 771//484 770//485 
f 793//485 769//486 768//487 
f 793//485 770//485 769//486 
f 794//487 767//488 766//489 
f 794//487 768//487 767//488 
f 795//489 765//490 764//491 
f 795//489 766//489 765//490 
f 796//491 763//492 762//493 
f 796//491 764//491 763//492 
f 797//493 761//494 760//495 
f 797//493 762//493 761//494 
f 798//495 759//496 639//497 
f 798//495 760//495 759//496 
f 639//497 781//497 798//495 
f 760//495 798//495 797//493 
f 762//493 797//493 796//491 
f 764//491 796//491 795//489 
f 766//489 795//489 794//487 
f 768//487 794//487 793//485 
f 770//485 793//485 792//484 
f 771//484 792//484 791//483 
f 772//483 791//483 790//482 
f 773//482 790//482 789//481 
f 774//481 789//481 788//480 
f 775//480 788//480 787//479 
f 776//479 787//479 786//478 
f 777//478 786//478 783//476 
f 784//477 780//498 778//476 
o mesh17
f 799//499 800//500 801//500 
f 802//501 799//499 803//502 
f 804//503 802//501 805//504 
f 806//505 804//503 807//506 
f 808//507 806//505 809//508 
f 810//509 808//507 811//510 
f 812//511 810//509 813//512 
f 814//513 812//511 815//514 
f 816//515 814//513 817//516 
f 818//517 816//515 819//518 
f 820//519 818//517 821//520 
f 822//521 820//519 823//522 
f 824//523 822//521 825//524 
f 826//525 824//523 827//526 
f 782//527 826//525 828//528 
f 828//528 781//527 782//527 
f 827//526 828//528 826//525 
f 825//524 827//526 824//523 
f 823//522 825//524 822//521 
f 821//520 823//522 820//519 
f 819//518 821//520 818//517 
f 817//516 819//518 816//515 
f 815//514 817//516 814//513 
f 813//512 815//514 812//511 
f 811//510 813//512 810//509 
f 809//508 811//510 808//507 
f 807//506 809//508 806//505 
f 805//504 807//506 804//503 
f 803//502 805//504 802//501 
f 801//500 803//502 799//499 
o mesh18
f 829//529 573//529 571//529 
f 571//529 830//529 829//529 
f 829//529 622//529 573//529 
f 571//529 570//529 830//529 
o mesh19
f 829//530 831//530 623//530 
f 831//530 624//530 623//530 
f 623//530 622//530 829//530 
o mesh20
f 602//531 589//532 832//532 
f 597//533 602//531 833//534 
f 598//535 597//533 834//536 
f 595//537 598//535 835//538 
f 596//539 595//537 836//540 
f 601//541 596//539 837//542 
f 593//543 601//541 838//544 
f 594//545 593//543 839//546 
f 600//547 594//545 840//548 
f 841//547 842//549 572//550 
f 842//549 567//549 572//550 
f 555//551 567//549 842//549 
f 562//552 555//551 843//551 
f 550//553 562//552 844//552 
f 566//554 550//553 845//553 
f 566//554 846//554 847//555 
f 847//555 560//556 566//554 
f 561//557 560//556 848//556 
f 564//558 561//557 849//557 
f 565//559 564//558 850//558 
f 568//560 565//559 851//559 
f 852//561 614//561 569//562 
f 569//562 853//563 852//561 
f 615//564 614//561 852//561 
f 621//565 615//564 854//564 
f 619//566 621//565 855//565 
f 620//567 619//566 856//566 
f 612//568 620//567 857//567 
f 613//569 612//568 858//568 
f 618//570 613//569 859//569 
f 611//571 618//570 860//570 
f 609//572 611//571 861//571 
f 610//573 609//572 862//572 
f 607//574 610//573 863//573 
f 608//575 607//574 864//574 
f 616//576 608//575 865//575 
f 617//577 616//576 866//576 
f 606//578 617//577 867//577 
f 586//579 606//578 868//578 
f 587//580 586//579 869//579 
f 592//581 587//580 870//580 
f 581//582 592//581 871//581 
f 582//583 581//582 872//582 
f 579//584 582//583 873//583 
f 580//585 579//584 874//584 
f 578//586 580//585 875//585 
f 576//587 578//586 876//586 
f 577//588 576//587 877//587 
f 574//589 577//588 878//588 
f 575//590 574//589 879//589 
f 585//591 575//590 880//590 
f 583//592 585//591 881//591 
f 584//593 583//592 882//592 
f 603//594 584//593 883//593 
f 604//595 603//594 884//594 
f 605//596 604//595 885//595 
f 590//597 605//596 886//596 
f 591//598 590//597 887//597 
f 599//599 591//598 888//598 
f 588//600 599//599 889//599 
f 589//532 588//600 890//600 
f 890//600 832//532 589//532 
f 889//599 890//600 588//600 
f 888//598 889//599 599//599 
f 887//597 888//598 591//598 
f 886//596 887//597 590//597 
f 885//595 886//596 605//596 
f 884//594 885//595 604//595 
f 883//593 884//594 603//594 
f 882//592 883//593 584//593 
f 881//591 882//592 583//592 
f 880//590 881//591 585//591 
f 879//589 880//590 575//590 
f 878//588 879//589 574//589 
f 877//587 878//588 577//588 
f 876//586 877//587 576//587 
f 875//585 876//586 578//586 
f 874//584 875//585 580//585 
f 873//583 874//584 579//584 
f 872//582 873//583 582//583 
f 871//581 872//582 581//582 
f 870//580 871//581 592//581 
f 869//579 870//580 587//580 
f 868//578 869//579 586//579 
f 867//577 868//578 606//578 
f 866//576 867//577 617//577 
f 865//575 866//576 616//576 
f 864//574 865//575 608//575 
f 863//573 864//574 607//574 
f 862//572 863//573 610//573 
f 861//571 862//572 609//572 
f 860//570 861//571 611//571 
f 859//569 860//570 618//570 
f 858//568 859//569 613//569 
f 857//567 858//568 612//568 
f 856//566 857//567 620//567 
f 855//565 856//566 619//566 
f 854//564 855//565 621//565 
f 852//561 854//564 615//564 
f 569//562 568//560 853//563 
f 851//559 853//563 568//560 
f 850//558 851//559 565//559 
f 849//557 850//558 564//558 
f 848//556 849//557 561//557 
f 847//555 848//556 560//556 
f 845//553 846//554 566//554 
f 844//552 845//553 550//553 
f 843//551 844//552 562//552 
f 842//549 843//551 555//551 
f 572//550 600//547 841//547 
f 840//548 841//547 600//547 
f 839//546 840//548 594//545 
f 838//544 839//546 593//543 
f 837//542 838//544 601//541 
f 836//540 837//542 596//539 
f 835//538 836//540 595//537 
f 834//536 835//538 598//535 
f 833//534 834//536 597//533 
f 832//532 833//534 602//531 
o mesh21
f 374//601 361//602 891//602 
f 369//603 374//601 892//604 
f 370//605 369//603 893//606 
f 367//607 370//605 894//608 
f 368//609 367//607 895//610 
f 373//611 368//609 896//612 
f 365//613 373//611 897//614 
f 366//615 365//613 898//616 
f 372//617 366//615 899//618 
f 900//617 901//619 344//620 
f 901//619 340//619 344//620 
f 341//621 340//619 901//619 
f 338//622 341//621 902//621 
f 339//623 338//622 903//622 
f 335//624 339//623 904//623 
f 335//624 905//624 906//625 
f 906//625 332//626 335//624 
f 333//627 332//626 907//626 
f 336//628 333//627 908//627 
f 337//629 336//628 909//628 
f 342//630 337//629 910//629 
f 911//631 387//631 343//632 
f 343//632 912//633 911//631 
f 388//634 387//631 911//631 
f 394//635 388//634 913//634 
f 392//636 394//635 914//635 
f 393//637 392//636 915//636 
f 385//638 393//637 916//637 
f 386//639 385//638 917//638 
f 391//640 386//639 918//639 
f 384//641 391//640 919//640 
f 382//642 384//641 920//641 
f 383//643 382//642 921//642 
f 379//644 383//643 922//643 
f 380//645 379//644 923//644 
f 389//646 380//645 924//645 
f 390//647 389//646 925//646 
f 378//648 390//647 926//647 
f 358//649 378//648 927//648 
f 359//650 358//649 928//649 
f 364//651 359//650 929//650 
f 353//652 364//651 930//651 
f 354//653 353//652 931//652 
f 351//654 354//653 932//653 
f 352//655 351//654 933//654 
f 350//656 352//655 934//655 
f 347//657 350//656 935//656 
f 348//658 347//657 936//657 
f 345//659 348//658 937//658 
f 346//660 345//659 938//659 
f 357//661 346//660 939//660 
f 355//662 357//661 940//661 
f 356//663 355//662 941//662 
f 375//664 356//663 942//663 
f 376//665 375//664 943//664 
f 377//666 376//665 944//665 
f 362//667 377//666 945//666 
f 363//668 362//667 946//667 
f 371//669 363//668 947//668 
f 360//670 371//669 948//669 
f 361//602 360//670 949//670 
f 949//670 891//602 361//602 
f 948//669 949//670 360//670 
f 947//668 948//669 371//669 
f 946//667 947//668 363//668 
f 945//666 946//667 362//667 
f 944//665 945//666 377//666 
f 943//664 944//665 376//665 
f 942//663 943//664 375//664 
f 941//662 942//663 356//663 
f 940//661 941//662 355//662 
f 939//660 940//661 357//661 
f 938//659 939//660 346//660 
f 937//658 938//659 345//659 
f 936//657 937//658 348//658 
f 935//656 936//657 347//657 
f 934//655 935//656 350//656 
f 933//654 934//655 352//655 
f 932//653 933//654 351//654 
f 931//652 932//653 354//653 
f 930//651 931//652 353//652 
f 929//650 930//651 364//651 
f 928//649 929//650 359//650 
f 927//648 928//649 358//649 
f 926//647 927//648 378//648 
f 925//646 926//647 390//647 
f 924//645 925//646 389//646 
f 923//644 924//645 380//645 
f 922//643 923//644 379//644 
f 921//642 922//643 383//643 
f 920//641 921//642 382//642 
f 919//640 920//641 384//641 
f 918//639 919//640 391//640 
f 917//638 918//639 386//639 
f 916//637 917//638 385//638 
f 915//636 916//637 393//637 
f 914//635 915//636 392//636 
f 913//634 914//635 394//635 
f 911//631 913//634 388//634 
f 343//632 342//630 912//633 
f 910//629 912//633 342//630 
f 909//628 910//629 337//629 
f 908//627 909//628 336//628 
f 907//626 908//627 333//627 
f 906//625 907//626 332//626 
f 904//623 905//624 335//624 
f 903//622 904//623 339//623 
f 902//621 903//622 338//622 
f 901//619 902//621 341//621 
f 344//620 372//617 900//617 
f 899//618 900//617 372//617 
f 898//616 899//618 366//615 
f 897//614 898//616 365//613 
f 896//612 897//614 373//611 
f 895//610 896//612 368//609 
f 894//608 895//610 367//607 
f 893//606 894//608 370//605 
f 892//604 893//606 369//603 
f 891//602 892//604 374//601 
o mesh22
f 831//671 933//671 932//671 
f 831//671 935//671 934//671 
f 831//671 866//671 940//671 
f 831//671 829//671 875//671 
f 934//671 933//671 831//671 
f 831//671 938//671 937//671 
f 940//671 939//671 831//671 
f 831//671 874//671 873//671 
f 829//671 876//671 875//671 
f 831//671 930//671 929//671 
f 831//671 936//671 935//671 
f 939//671 938//671 831//671 
f 875//671 874//671 831//671 
f 829//671 879//671 878//671 
f 829//671 881//671 880//671 
f 831//671 931//671 930//671 
f 937//671 936//671 831//671 
f 866//671 943//671 942//671 
f 831//671 871//671 870//671 
f 829//671 877//671 876//671 
f 880//671 879//671 829//671 
f 932//671 931//671 831//671 
f 942//671 941//671 866//671 
f 892//671 891//671 862//671 
f 863//671 862//671 891//671 
f 831//671 872//671 871//671 
f 878//671 877//671 829//671 
f 829//671 884//671 883//671 
f 941//671 940//671 866//671 
f 948//671 865//671 864//671 
f 891//671 949//671 863//671 
f 873//671 872//671 831//671 
f 883//671 882//671 829//671 
f 830//671 849//671 848//671 
f 950//671 850//671 849//671 
f 929//671 928//671 831//671 
f 866//671 948//671 947//671 
f 948//671 866//671 865//671 
f 862//671 861//671 892//671 
f 893//671 892//671 860//671 
f 950//671 906//671 905//671 
f 882//671 881//671 829//671 
f 950//671 908//671 907//671 
f 849//671 830//671 950//671 
f 950//671 853//671 851//671 
f 950//671 855//671 854//671 
f 866//671 944//671 943//671 
f 866//671 946//671 945//671 
f 864//671 949//671 948//671 
f 949//671 864//671 863//671 
f 860//671 859//671 893//671 
f 858//671 895//671 894//671 
f 858//671 900//671 899//671 
f 858//671 950//671 901//671 
f 950//671 903//671 902//671 
f 905//671 904//671 950//671 
f 870//671 869//671 831//671 
f 829//671 889//671 888//671 
f 830//671 833//671 832//671 
f 830//671 847//671 846//671 
f 950//671 909//671 908//671 
f 950//671 912//671 910//671 
f 950//671 914//671 913//671 
f 851//671 850//671 950//671 
f 854//671 852//671 950//671 
f 831//671 927//671 926//671 
f 945//671 944//671 866//671 
f 861//671 860//671 892//671 
f 894//671 893//671 858//671 
f 858//671 897//671 896//671 
f 901//671 900//671 858//671 
f 904//671 903//671 950//671 
f 829//671 885//671 884//671 
f 829//671 887//671 886//671 
f 829//671 890//671 889//671 
f 832//671 829//671 830//671 
f 830//671 836//671 835//671 
f 830//671 841//671 840//671 
f 830//671 844//671 843//671 
f 846//671 845//671 830//671 
f 910//671 909//671 950//671 
f 913//671 911//671 950//671 
f 950//671 919//671 918//671 
f 950//671 831//671 921//671 
f 852//671 853//671 950//671 
f 928//671 927//671 831//671 
f 859//671 858//671 893//671 
f 858//671 898//671 897//671 
f 902//671 901//671 950//671 
f 831//671 868//671 867//671 
f 886//671 885//671 829//671 
f 832//671 890//671 829//671 
f 835//671 834//671 830//671 
f 830//671 838//671 837//671 
f 830//671 842//671 841//671 
f 845//671 844//671 830//671 
f 911//671 912//671 950//671 
f 950//671 920//671 919//671 
f 831//671 922//671 921//671 
f 831//671 925//671 924//671 
f 950//671 856//671 855//671 
f 950//671 858//671 857//671 
f 947//671 946//671 866//671 
f 899//671 898//671 858//671 
f 869//671 868//671 831//671 
f 834//671 833//671 830//671 
f 830//671 839//671 838//671 
f 843//671 842//671 830//671 
f 950//671 915//671 914//671 
f 950//671 917//671 916//671 
f 921//671 920//671 950//671 
f 924//671 923//671 831//671 
f 857//671 856//671 950//671 
f 896//671 895//671 858//671 
f 888//671 887//671 829//671 
f 840//671 839//671 830//671 
f 916//671 915//671 950//671 
f 923//671 922//671 831//671 
f 926//671 925//671 831//671 
f 837//671 836//671 830//671 
f 918//671 917//671 950//671 
f 867//671 866//671 831//671 
f 848//671 847//671 830//671 
f 907//671 906//671 950//671 
o mesh23
f 547//672 548//673 951//673 
f 951//673 952//672 547//672 
f 547//672 952//672 953//674 
f 546//674 953//674 954//675 
f 544//675 954//675 955//676 
f 545//676 955//676 956//677 
f 551//677 956//677 957//678 
f 553//678 957//678 958//679 
f 554//679 958//679 959//680 
f 558//680 959//680 960//681 
f 552//681 961//682 962//683 
f 552//681 960//681 961//682 
f 549//683 963//684 964//685 
f 549//683 962//683 963//684 
f 563//685 965//686 966//687 
f 563//685 964//685 965//686 
f 559//687 967//688 968//689 
f 559//687 966//687 967//688 
f 556//689 969//690 970//691 
f 556//689 968//689 969//690 
f 570//692 557//691 971//693 
f 557//691 970//691 971//693 
f 971//693 830//692 570//692 
f 970//691 557//691 556//689 
f 968//689 556//689 559//687 
f 966//687 559//687 563//685 
f 964//685 563//685 549//683 
f 962//683 549//683 552//681 
f 960//681 552//681 558//680 
f 959//680 558//680 554//679 
f 958//679 554//679 553//678 
f 957//678 553//678 551//677 
f 956//677 551//677 545//676 
f 955//676 545//676 544//675 
f 954//675 544//675 546//674 
f 953//674 546//674 547//672 
f 951//673 972//694 952//672 
o mesh24
f 973//695 950//696 830//696 
f 830//696 971//697 973//695 
f 974//698 973//695 970//699 
f 970//699 969//700 974//698 
f 975//701 974//698 968//702 
f 968//702 967//703 975//701 
f 976//704 975//701 966//705 
f 966//705 965//706 976//704 
f 977//707 976//704 964//708 
f 964//708 963//709 977//707 
f 978//710 977//707 962//711 
f 962//711 961//712 978//710 
f 979//713 978//710 960//714 
f 980//715 979//713 959//716 
f 981//717 980//715 958//718 
f 982//719 981//717 957//720 
f 983//721 982//719 956//722 
f 984//723 983//721 955//724 
f 985//725 984//723 954//726 
f 986//727 985//725 953//728 
f 987//729 986//727 952//730 
f 952//730 972//729 987//729 
f 953//728 952//730 986//727 
f 954//726 953//728 985//725 
f 955//724 954//726 984//723 
f 956//722 955//724 983//721 
f 957//720 956//722 982//719 
f 958//718 957//720 981//717 
f 959//716 958//718 980//715 
f 960//714 959//716 979//713 
f 961//712 960//714 978//710 
f 963//709 962//711 977//707 
f 965//706 964//708 976//704 
f 967//703 966//705 975//701 
f 969//700 968//702 974//698 
f 971//697 970//699 973//695 
o mesh25
f 803//731 1002//732 1003//733 
f 1002//732 1004//734 1005//735 
f 1004//734 1006//736 1007//737 
f 1006//736 1008//738 1009//739 
f 1008//738 1010//740 1011//741 
f 1010//740 1012//742 1013//743 
f 1012//742 1014//744 1015//745 
f 1014//744 1016//746 1017//747 
f 1016//746 1018//748 1019//749 
f 1018//748 1020//750 1021//751 
f 1020//750 1022//752 1023//753 
f 1022//752 1024//754 1025//755 
f 1024//754 1026//756 1027//757 
f 1026//756 1028//758 1029//759 
f 1028//758 988//760 989//761 
f 805//762 1003//733 1030//763 
f 1003//733 1005//735 1031//764 
f 1005//735 1007//737 1032//765 
f 1007//737 1009//739 1033//766 
f 1009//739 1011//741 1034//767 
f 1011//741 1013//743 1035//768 
f 1013//743 1015//745 1036//769 
f 1015//745 1017//747 1037//770 
f 1017//747 1019//749 1038//771 
f 1019//749 1021//751 1039//772 
f 1021//751 1023//753 1040//773 
f 1023//753 1025//755 1041//774 
f 1025//755 1027//757 1042//775 
f 1027//757 1029//759 1043//776 
f 1029//759 989//761 990//777 
f 807//778 1030//763 1044//779 
f 1030//763 1031//764 1045//780 
f 1031//764 1032//765 1046//781 
f 1032//765 1033//766 1047//782 
f 1033//766 1034//767 1048//783 
f 1034//767 1035//768 1049//784 
f 1035//768 1036//769 1050//785 
f 1036//769 1037//770 1051//786 
f 1037//770 1038//771 1052//787 
f 1038//771 1039//772 1053//788 
f 1039//772 1040//773 1054//789 
f 1040//773 1041//774 1055//790 
f 1041//774 1042//775 1056//791 
f 1042//775 1043//776 1057//792 
f 1043//776 990//777 991//793 
f 809//794 1044//779 1058//795 
f 1044//779 1045//780 1059//796 
f 1045//780 1046//781 1060//797 
f 1046//781 1047//782 1061//798 
f 1047//782 1048//783 1062//799 
f 1048//783 1049//784 1063//800 
f 1049//784 1050//785 1064//801 
f 1050//785 1051//786 1065//802 
f 1051//786 1052//787 1066//803 
f 1052//787 1053//788 1067//804 
f 1053//788 1054//789 1068//805 
f 1054//789 1055//790 1069//806 
f 1055//790 1056//791 1070//807 
f 1056//791 1057//792 1071//808 
f 1057//792 991//793 992//809 
f 811//810 1058//795 1072//811 
f 1058//795 1059//796 1073//812 
f 1059//796 1060//797 1074//813 
f 1060//797 1061//798 1075//814 
f 1061//798 1062//799 1076//815 
f 1062//799 1063//800 1077//816 
f 1063//800 1064//801 1078//817 
f 1064//801 1065//802 1079//818 
f 1065//802 1066//803 1080//819 
f 1066//803 1067//804 1081//820 
f 1067//804 1068//805 1082//821 
f 1068//805 1069//806 1083//822 
f 1069//806 1070//807 1084//823 
f 1070//807 1071//808 1085//824 
f 1071//808 992//809 993//825 
f 813//826 1072//811 1086//827 
f 1072//811 1073//812 1087//828 
f 1073//812 1074//813 1088//829 
f 1074//813 1075//814 1089//830 
f 1075//814 1076//815 1090//831 
f 1076//815 1077//816 1091//832 
f 1077//816 1078//817 1092//833 
f 1078//817 1079//818 1093//834 
f 1079//818 1080//819 1094//835 
f 1080//819 1081//820 1095//836 
f 1081//820 1082//821 1096//837 
f 1082//821 1083//822 1097//838 
f 1083//822 1084//823 1098//839 
f 1084//823 1085//824 1099//840 
f 1085//824 993//825 994//841 
f 815//842 1086//827 1100//843 
f 1086//827 1087//828 1101//844 
f 1087//828 1088//829 1102//845 
f 1088//829 1089//830 1103//846 
f 1089//830 1090//831 1104//847 
f 1090//831 1091//832 1105//848 
f 1091//832 1092//833 1106//849 
f 1092//833 1093//834 1107//850 
f 1093//834 1094//835 1108//851 
f 1094//835 1095//836 1109//852 
f 1095//836 1096//837 1110//853 
f 1096//837 1097//838 1111//854 
f 1097//838 1098//839 1112//855 
f 1098//839 1099//840 1113//856 
f 1099//840 994//841 995//857 
f 817//858 1100//843 1114//859 
f 1100//843 1101//844 1115//860 
f 1101//844 1102//845 1116//861 
f 1102//845 1103//846 1117//862 
f 1103//846 1104//847 1118//863 
f 1104//847 1105//848 1119//864 
f 1105//848 1106//849 1120//865 
f 1106//849 1107//850 1121//866 
f 1107//850 1108//851 1122//867 
f 1108//851 1109//852 1123//868 
f 1109//852 1110//853 1124//869 
f 1110//853 1111//854 1125//870 
f 1111//854 1112//855 1126//871 
f 1112//855 1113//856 1127//872 
f 1113//856 995//857 996//873 
f 819//874 1114//859 1128//875 
f 1114//859 1115//860 1129//876 
f 1115//860 1116//861 1130//877 
f 1116//861 1117//862 1131//878 
f 1117//862 1118//863 1132//879 
f 1118//863 1119//864 1133//880 
f 1119//864 1120//865 1134//881 
f 1120//865 1121//866 1135//882 
f 1121//866 1122//867 1136//883 
f 1122//867 1123//868 1137//884 
f 1123//868 1124//869 1138//885 
f 1124//869 1125//870 1139//886 
f 1125//870 1126//871 1140//887 
f 1126//871 1127//872 1141//888 
f 1127//872 996//873 997//889 
f 821//890 1128//875 1142//891 
f 1128//875 1129//876 1143//892 
f 1129//876 1130//877 1144//893 
f 1130//877 1131//878 1145//894 
f 1131//878 1132//879 1146//895 
f 1132//879 1133//880 1147//896 
f 1133//880 1134//881 1148//897 
f 1134//881 1135//882 1149//898 
f 1135//882 1136//883 1150//899 
f 1136//883 1137//884 1151//900 
f 1137//884 1138//885 1152//901 
f 1138//885 1139//886 1153//902 
f 1139//886 1140//887 1154//903 
f 1140//887 1141//888 1155//904 
f 1141//888 997//889 998//905 
f 823//906 1142//891 1156//907 
f 1142//891 1143//892 1157//908 
f 1143//892 1144//893 1158//909 
f 1144//893 1145//894 1159//910 
f 1145//894 1146//895 1160//911 
f 1146//895 1147//896 1161//912 
f 1147//896 1148//897 1162//913 
f 1148//897 1149//898 1163//914 
f 1149//898 1150//899 1164//915 
f 1150//899 1151//900 1165//916 
f 1151//900 1152//901 1166//917 
f 1152//901 1153//902 1167//918 
f 1153//902 1154//903 1168//919 
f 1154//903 1155//904 1169//920 
f 1155//904 998//905 999//921 
f 825//922 1156//907 1170//923 
f 1156//907 1157//908 1171//924 
f 1157//908 1158//909 1172//925 
f 1158//909 1159//910 1173//926 
f 1159//910 1160//911 1174//927 
f 1160//911 1161//912 1175//928 
f 1161//912 1162//913 1176//929 
f 1162//913 1163//914 1177//930 
f 1163//914 1164//915 1178//931 
f 1164//915 1165//916 1179//932 
f 1165//916 1166//917 1180//933 
f 1166//917 1167//918 1181//934 
f 1167//918 1168//919 1182//935 
f 1168//919 1169//920 1183//936 
f 1169//920 999//921 1000//937 
f 827//938 1170//923 1184//939 
f 1170//923 1171//924 1185//940 
f 1171//924 1172//925 1186//941 
f 1172//925 1173//926 1187//942 
f 1173//926 1174//927 1188//943 
f 1174//927 1175//928 1189//944 
f 1175//928 1176//929 1190//945 
f 1176//929 1177//930 1191//946 
f 1177//930 1178//931 1192//947 
f 1178//931 1179//932 1193//948 
f 1179//932 1180//933 1194//949 
f 1180//933 1181//934 1195//950 
f 1181//934 1182//935 1196//951 
f 1182//935 1183//936 1197//952 
f 1183//936 1000//937 1001//953 
f 828//954 1184//939 798//955 
f 1184//939 1185//940 797//956 
f 1185//940 1186//941 796//957 
f 1186//941 1187//942 795//958 
f 1187//942 1188//943 794//959 
f 1188//943 1189//944 793//960 
f 1189//944 1190//945 792//961 
f 1190//945 1191//946 791//962 
f 1191//946 1192//947 790//963 
f 1192//947 1193//948 789//964 
f 1193//948 1194//949 788//965 
f 1194//949 1195//950 787//966 
f 1195//950 1196//951 786//967 
f 1196//951 1197//952 783//968 
f 1197//952 1001//953 785//969 
f 785//969 783//968 1197//952 
f 783//968 786//967 1196//951 
f 786//967 787//966 1195//950 
f 787//966 788//965 1194//949 
f 788//965 789//964 1193//948 
f 789//964 790//963 1192//947 
f 790//963 791//962 1191//946 
f 791//962 792//961 1190//945 
f 792//961 793//960 1189//944 
f 793//960 794//959 1188//943 
f 794//959 795//958 1187//942 
f 795//958 796//957 1186//941 
f 796//957 797//956 1185//940 
f 797//956 798//955 1184//939 
f 798//955 781//970 828//954 
f 1001//953 1197//952 1183//936 
f 1197//952 1196//951 1182//935 
f 1196//951 1195//950 1181//934 
f 1195//950 1194//949 1180//933 
f 1194//949 1193//948 1179//932 
f 1193//948 1192//947 1178//931 
f 1192//947 1191//946 1177//930 
f 1191//946 1190//945 1176//929 
f 1190//945 1189//944 1175//928 
f 1189//944 1188//943 1174//927 
f 1188//943 1187//942 1173//926 
f 1187//942 1186//941 1172//925 
f 1186//941 1185//940 1171//924 
f 1185//940 1184//939 1170//923 
f 1184//939 828//954 827//938 
f 1000//937 1183//936 1169//920 
f 1183//936 1182//935 1168//919 
f 1182//935 1181//934 1167//918 
f 1181//934 1180//933 1166//917 
f 1180//933 1179//932 1165//916 
f 1179//932 1178//931 1164//915 
f 1178//931 1177//930 1163//914 
f 1177//930 1176//929 1162//913 
f 1176//929 1175//928 1161//912 
f 1175//928 1174//927 1160//911 
f 1174//927 1173//926 1159//910 
f 1173//926 1172//925 1158//909 
f 1172//925 1171//924 1157//908 
f 1171//924 1170//923 1156//907 
f 1170//923 827//938 825//922 
f 999//921 1169//920 1155//904 
f 1169//920 1168//919 1154//903 
f 1168//919 1167//918 1153//902 
f 1167//918 1166//917 1152//901 
f 1166//917 1165//916 1151//900 
f 1165//916 1164//915 1150//899 
f 1164//915 1163//914 1149//898 
f 1163//914 1162//913 1148//897 
f 1162//913 1161//912 1147//896 
f 1161//912 1160//911 1146//895 
f 1160//911 1159//910 1145//894 
f 1159//910 1158//909 1144//893 
f 1158//909 1157//908 1143//892 
f 1157//908 1156//907 1142//891 
f 1156//907 825//922 823//906 
f 998//905 1155//904 1141//888 
f 1155//904 1154//903 1140//887 
f 1154//903 1153//902 1139//886 
f 1153//902 1152//901 1138//885 
f 1152//901 1151//900 1137//884 
f 1151//900 1150//899 1136//883 
f 1150//899 1149//898 1135//882 
f 1149//898 1148//897 1134//881 
f 1148//897 1147//896 1133//880 
f 1147//896 1146//895 1132//879 
f 1146//895 1145//894 1131//878 
f 1145//894 1144//893 1130//877 
f 1144//893 1143//892 1129//876 
f 1143//892 1142//891 1128//875 
f 1142//891 823//906 821//890 
f 997//889 1141//888 1127//872 
f 1141//888 1140//887 1126//871 
f 1140//887 1139//886 1125//870 
f 1139//886 1138//885 1124//869 
f 1138//885 1137//884 1123//868 
f 1137//884 1136//883 1122//867 
f 1136//883 1135//882 1121//866 
f 1135//882 1134//881 1120//865 
f 1134//881 1133//880 1119//864 
f 1133//880 1132//879 1118//863 
f 1132//879 1131//878 1117//862 
f 1131//878 1130//877 1116//861 
f 1130//877 1129//876 1115//860 
f 1129//876 1128//875 1114//859 
f 1128//875 821//890 819//874 
f 996//873 1127//872 1113//856 
f 1127//872 1126//871 1112//855 
f 1126//871 1125//870 1111//854 
f 1125//870 1124//869 1110//853 
f 1124//869 1123//868 1109//852 
f 1123//868 1122//867 1108//851 
f 1122//867 1121//866 1107//850 
f 1121//866 1120//865 1106//849 
f 1120//865 1119//864 1105//848 
f 1119//864 1118//863 1104//847 
f 1118//863 1117//862 1103//846 
f 1117//862 1116//861 1102//845 
f 1116//861 1115//860 1101//844 
f 1115//860 1114//859 1100//843 
f 1114//859 819//874 817//858 
f 995//857 1113//856 1099//840 
f 1113//856 1112//855 1098//839 
f 1112//855 1111//854 1097//838 
f 1111//854 1110//853 1096//837 
f 1110//853 1109//852 1095//836 
f 1109//852 1108//851 1094//835 
f 1108//851 1107//850 1093//834 
f 1107//850 1106//849 1092//833 
f 1106//849 1105//848 1091//832 
f 1105//848 1104//847 1090//831 
f 1104//847 1103//846 1089//830 
f 1103//846 1102//845 1088//829 
f 1102//845 1101//844 1087//828 
f 1101//844 1100//843 1086//827 
f 1100//843 817//858 815//842 
f 994//841 1099//840 1085//824 
f 1099//840 1098//839 1084//823 
f 1098//839 1097//838 1083//822 
f 1097//838 1096//837 1082//821 
f 1096//837 1095//836 1081//820 
f 1095//836 1094//835 1080//819 
f 1094//835 1093//834 1079//818 
f 1093//834 1092//833 1078//817 
f 1092//833 1091//832 1077//816 
f 1091//832 1090//831 1076//815 
f 1090//831 1089//830 1075//814 
f 1089//830 1088//829 1074//813 
f 1088//829 1087//828 1073//812 
f 1087//828 1086//827 1072//811 
f 1086//827 815//842 813//826 
f 993//825 1085//824 1071//808 
f 1085//824 1084//823 1070//807 
f 1084//823 1083//822 1069//806 
f 1083//822 1082//821 1068//805 
f 1082//821 1081//820 1067//804 
f 1081//820 1080//819 1066//803 
f 1080//819 1079//818 1065//802 
f 1079//818 1078//817 1064//801 
f 1078//817 1077//816 1063//800 
f 1077//816 1076//815 1062//799 
f 1076//815 1075//814 1061//798 
f 1075//814 1074//813 1060//797 
f 1074//813 1073//812 1059//796 
f 1073//812 1072//811 1058//795 
f 1072//811 813//826 811//810 
f 992//809 1071//808 1057//792 
f 1071//808 1070//807 1056//791 
f 1070//807 1069//806 1055//790 
f 1069//806 1068//805 1054//789 
f 1068//805 1067//804 1053//788 
f 1067//804 1066//803 1052//787 
f 1066//803 1065//802 1051//786 
f 1065//802 1064//801 1050//785 
f 1064//801 1063//800 1049//784 
f 1063//800 1062//799 1048//783 
f 1062//799 1061//798 1047//782 
f 1061//798 1060//797 1046//781 
f 1060//797 1059//796 1045//780 
f 1059//796 1058//795 1044//779 
f 1058//795 811//810 809//794 
f 991//793 1057//792 1043//776 
f 1057//792 1056//791 1042//775 
f 1056//791 1055//790 1041//774 
f 1055//790 1054//789 1040//773 
f 1054//789 1053//788 1039//772 
f 1053//788 1052//787 1038//771 
f 1052//787 1051//786 1037//770 
f 1051//786 1050//785 1036//769 
f 1050//785 1049//784 1035//768 
f 1049//784 1048//783 1034//767 
f 1048//783 1047//782 1033//766 
f 1047//782 1046//781 1032//765 
f 1046//781 1045//780 1031//764 
f 1045//780 1044//779 1030//763 
f 1044//779 809//794 807//778 
f 990//777 1043//776 1029//759 
f 1043//776 1042//775 1027//757 
f 1042//775 1041//774 1025//755 
f 1041//774 1040//773 1023//753 
f 1040//773 1039//772 1021//751 
f 1039//772 1038//771 1019//749 
f 1038//771 1037//770 1017//747 
f 1037//770 1036//769 1015//745 
f 1036//769 1035//768 1013//743 
f 1035//768 1034//767 1011//741 
f 1034//767 1033//766 1009//739 
f 1033//766 1032//765 1007//737 
f 1032//765 1031//764 1005//735 
f 1031//764 1030//763 1003//733 
f 1030//763 807//778 805//762 
f 989//761 1029//759 1028//758 
f 1029//759 1027//757 1026//756 
f 1027//757 1025//755 1024//754 
f 1025//755 1023//753 1022//752 
f 1023//753 1021//751 1020//750 
f 1021//751 1019//749 1018//748 
f 1019//749 1017//747 1016//746 
f 1017//747 1015//745 1014//744 
f 1015//745 1013//743 1012//742 
f 1013//743 1011//741 1010//740 
f 1011//741 1009//739 1008//738 
f 1009//739 1007//737 1006//736 
f 1007//737 1005//735 1004//734 
f 1005//735 1003//733 1002//732 
f 1003//733 805//762 803//731 
f 988//760 1028//758 801//971 
f 1028//758 1026//756 801//971 
f 1026//756 1024//754 801//971 
f 1024//754 1022//752 801//971 
f 1022//752 1020//750 801//971 
f 1020//750 1018//748 801//971 
f 1018//748 1016//746 801//971 
f 1016//746 1014//744 801//971 
f 1014//744 1012//742 801//971 
f 1012//742 1010//740 801//971 
f 1010//740 1008//738 801//971 
f 1008//738 1006//736 801//971 
f 1006//736 1004//734 801//971 
f 1004//734 1002//732 801//971 
f 1002//732 803//731 801//971 
o mesh26
f 801//971 800//971 1198//971 
f 1198//971 1199//971 801//971 
o mesh27
f 988//972 801//971 1199//971 
f 989//973 988//972 1200//972 
f 990//974 989//973 1201//973 
f 991//975 990//974 1202//974 
f 992//976 991//975 1203//975 
f 993//977 992//976 1204//976 
f 994//978 993//977 1205//977 
f 995//979 994//978 1206//978 
f 996//980 995//979 1207//979 
f 997//981 996//980 1208//980 
f 998//982 997//981 1209//981 
f 999//983 998//982 1210//982 
f 1000//984 999//983 1211//983 
f 1001//985 1000//984 1212//984 
f 1001//985 1213//985 1214//986 
f 1214//986 1215//986 1001//985 
f 1213//985 1216//986 1214//986 
f 1215//986 785//986 1001//985 
f 1212//984 1213//985 1001//985 
f 1211//983 1212//984 1000//984 
f 1210//982 1211//983 999//983 
f 1209//981 1210//982 998//982 
f 1208//980 1209//981 997//981 
f 1207//979 1208//980 996//980 
f 1206//978 1207//979 995//979 
f 1205//977 1206//978 994//978 
f 1204//976 1205//977 993//977 
f 1203//975 1204//976 992//976 
f 1202//974 1203//975 991//975 
f 1201//973 1202//974 990//974 
f 1200//972 1201//973 989//973 
f 1199//971 1200//972 988//972 
o mesh28
f 1217//987 1199//988 1198//988 
f 1218//989 1217//987 1219//990 
f 1220//991 1218//989 1221//992 
f 1222//993 1220//991 1223//994 
f 1224//995 1222//993 1225//996 
f 1226//997 1224//995 1227//998 
f 1228//999 1226//997 1229//1000 
f 1230//1001 1228//999 1231//1002 
f 1232//1003 1230//1001 1233//1004 
f 1234//1005 1232//1003 1235//1006 
f 1236//1007 1234//1005 1237//1008 
f 1238//1009 1236//1007 1239//1010 
f 1240//1011 1238//1009 1241//1012 
f 1242//1013 1240//1011 1243//1014 
f 1244//1015 1242//1013 1245//1016 
f 1245//1016 1246//1015 1244//1015 
f 1243//1014 1245//1016 1242//1013 
f 1241//1012 1243//1014 1240//1011 
f 1239//1010 1241//1012 1238//1009 
f 1237//1008 1239//1010 1236//1007 
f 1235//1006 1237//1008 1234//1005 
f 1233//1004 1235//1006 1232//1003 
f 1231//1002 1233//1004 1230//1001 
f 1229//1000 1231//1002 1228//999 
f 1227//998 1229//1000 1226//997 
f 1225//996 1227//998 1224//995 
f 1223//994 1225//996 1222//993 
f 1221//992 1223//994 1220//991 
f 1219//990 1221//992 1218//989 
f 1198//988 1219//990 1217//987 
o mesh29
f 325//1017 636//1017 1198//1017 
f 1198//1017 800//1017 325//1017 
f 325//1017 808//1017 810//1017 
f 636//1017 1219//1017 1198//1017 
f 636//1017 1231//1017 1229//1017 
f 325//1017 806//1017 808//1017 
f 636//1017 1221//1017 1219//1017 
f 1229//1017 1227//1017 636//1017 
f 325//1017 804//1017 806//1017 
f 325//1017 799//1017 802//1017 
f 636//1017 1223//1017 1221//1017 
f 1227//1017 1225//1017 636//1017 
f 399//1017 326//1017 782//1017 
f 326//1017 325//1017 816//1017 
f 802//1017 804//1017 325//1017 
f 1225//1017 1223//1017 636//1017 
f 326//1017 826//1017 782//1017 
f 326//1017 822//1017 824//1017 
f 816//1017 818//1017 326//1017 
f 325//1017 812//1017 814//1017 
f 800//1017 799//1017 325//1017 
f 1247//1017 1237//1017 1235//1017 
f 1248//1017 1249//1017 1246//1017 
f 824//1017 826//1017 326//1017 
f 818//1017 820//1017 326//1017 
f 810//1017 812//1017 325//1017 
f 636//1017 1235//1017 1233//1017 
f 1247//1017 1239//1017 1237//1017 
f 1247//1017 1245//1017 1243//1017 
f 1246//1017 1247//1017 1248//1017 
f 820//1017 822//1017 326//1017 
f 1233//1017 1231//1017 636//1017 
f 1247//1017 1241//1017 1239//1017 
f 1246//1017 1245//1017 1247//1017 
f 814//1017 816//1017 325//1017 
f 1243//1017 1241//1017 1247//1017 
f 1235//1017 636//1017 1247//1017 
f 782//1017 640//1017 399//1017 
o mesh30
f 1250//1018 1251//1018 1252//1018 
f 1250//1018 1249//1018 1253//1018 
f 1253//1018 1251//1018 1250//1018 
f 1249//1018 1248//1018 1253//1018 
f 1252//1018 1254//1018 1250//1018 
o mesh31
f 1255//1017 1256//1017 1257//1019 
f 1258//1019 1257//1019 1259//1020 
f 1260//1020 1259//1020 1261//1021 
f 1262//1021 1261//1021 1263//1022 
f 1264//1022 1263//1022 1265//1023 
f 1266//1023 1265//1023 1267//1024 
f 1268//1024 1267//1024 1269//1025 
f 1270//1025 1269//1025 1271//1026 
f 1272//1026 1271//1026 1273//1027 
f 1274//1027 1275//1028 1276//1029 
f 1274//1027 1273//1027 1275//1028 
f 1277//1029 1278//1030 1279//1031 
f 1277//1029 1276//1029 1278//1030 
f 1280//1031 1281//1032 1282//1033 
f 1280//1031 1279//1031 1281//1032 
f 1283//1033 1284//1034 1285//1035 
f 1283//1033 1282//1033 1284//1034 
f 1286//1035 1287//1036 1288//1037 
f 1286//1035 1285//1035 1287//1036 
f 1254//1038 1289//1037 1290//1039 
f 1289//1037 1288//1037 1290//1039 
f 1290//1039 1250//1038 1254//1038 
f 1288//1037 1289//1037 1286//1035 
f 1285//1035 1286//1035 1283//1033 
f 1282//1033 1283//1033 1280//1031 
f 1279//1031 1280//1031 1277//1029 
f 1276//1029 1277//1029 1274//1027 
f 1273//1027 1274//1027 1272//1026 
f 1271//1026 1272//1026 1270//1025 
f 1269//1025 1270//1025 1268//1024 
f 1267//1024 1268//1024 1266//1023 
f 1265//1023 1266//1023 1264//1022 
f 1263//1022 1264//1022 1262//1021 
f 1261//1021 1262//1021 1260//1020 
f 1259//1020 1260//1020 1258//1019 
f 1257//1019 1258//1019 1255//1017 
o mesh32
f 1291//1040 1244//1041 1250//1041 
f 1250//1041 1290//1042 1291//1040 
f 1292//1043 1291//1040 1288//1044 
f 1288//1044 1287//1045 1292//1043 
f 1293//1046 1292//1043 1285//1047 
f 1285//1047 1284//1048 1293//1046 
f 1294//1049 1293//1046 1282//1050 
f 1282//1050 1281//1051 1294//1049 
f 1295//1052 1294//1049 1279//1053 
f 1279//1053 1278//1054 1295//1052 
f 1296//1055 1295//1052 1276//1056 
f 1276//1056 1275//1057 1296//1055 
f 1297//1058 1296//1055 1273//1059 
f 1298//1060 1297//1058 1271//1061 
f 1299//1062 1298//1060 1269//1063 
f 1300//1064 1299//1062 1267//1065 
f 1301//1066 1300//1064 1265//1067 
f 1302//1068 1301//1066 1263//1069 
f 1303//1070 1302//1068 1261//1071 
f 1304//1072 1303//1070 1259//1073 
f 1257//1072 1256//1074 1305//1074 
f 1305//1074 1304//1072 1257//1072 
f 1305//1074 1216//1074 1304//1072 
f 1259//1073 1257//1072 1304//1072 
f 1261//1071 1259//1073 1303//1070 
f 1263//1069 1261//1071 1302//1068 
f 1265//1067 1263//1069 1301//1066 
f 1267//1065 1265//1067 1300//1064 
f 1269//1063 1267//1065 1299//1062 
f 1271//1061 1269//1063 1298//1060 
f 1273//1059 1271//1061 1297//1058 
f 1275//1057 1273//1059 1296//1055 
f 1278//1054 1276//1056 1295//1052 
f 1281//1051 1279//1053 1294//1049 
f 1284//1048 1282//1050 1293//1046 
f 1287//1045 1285//1047 1292//1043 
f 1290//1042 1288//1044 1291//1040 
o mesh33
f 1242//1075 1306//1076 1307//1077 
f 1306//1076 1308//1078 1309//1079 
f 1308//1078 1310//1080 1311//1081 
f 1310//1080 1312//1082 1313//1083 
f 1312//1082 1314//1084 1315//1085 
f 1314//1084 1316//1086 1317//1087 
f 1316//1086 1318//1088 1319//1089 
f 1318//1088 1320//1090 1321//1091 
f 1320//1090 1322//1092 1323//1093 
f 1322//1092 1324//1094 1325//1095 
f 1324//1094 1326//1096 1327//1097 
f 1326//1096 1328//1098 1329//1099 
f 1328//1098 1330//1100 1331//1101 
f 1330//1100 1332//1102 1333//1103 
f 1332//1102 1291//1104 1292//1105 
f 1240//1106 1307//1077 1334//1107 
f 1307//1077 1309//1079 1335//1108 
f 1309//1079 1311//1081 1336//1109 
f 1311//1081 1313//1083 1337//1110 
f 1313//1083 1315//1085 1338//1111 
f 1315//1085 1317//1087 1339//1112 
f 1317//1087 1319//1089 1340//1113 
f 1319//1089 1321//1091 1341//1114 
f 1321//1091 1323//1093 1342//1115 
f 1323//1093 1325//1095 1343//1116 
f 1325//1095 1327//1097 1344//1117 
f 1327//1097 1329//1099 1345//1118 
f 1329//1099 1331//1101 1346//1119 
f 1331//1101 1333//1103 1347//1120 
f 1333//1103 1292//1105 1293//1121 
f 1238//1122 1334//1107 1348//1123 
f 1334//1107 1335//1108 1349//1124 
f 1335//1108 1336//1109 1350//1125 
f 1336//1109 1337//1110 1351//1126 
f 1337//1110 1338//1111 1352//1127 
f 1338//1111 1339//1112 1353//1128 
f 1339//1112 1340//1113 1354//1129 
f 1340//1113 1341//1114 1355//1130 
f 1341//1114 1342//1115 1356//1131 
f 1342//1115 1343//1116 1357//1132 
f 1343//1116 1344//1117 1358//1133 
f 1344//1117 1345//1118 1359//1134 
f 1345//1118 1346//1119 1360//1135 
f 1346//1119 1347//1120 1361//1136 
f 1347//1120 1293//1121 1294//1137 
f 1236//1138 1348//1123 1362//1139 
f 1348//1123 1349//1124 1363//1140 
f 1349//1124 1350//1125 1364//1141 
f 1350//1125 1351//1126 1365//1142 
f 1351//1126 1352//1127 1366//1143 
f 1352//1127 1353//1128 1367//1144 
f 1353//1128 1354//1129 1368//1145 
f 1354//1129 1355//1130 1369//1146 
f 1355//1130 1356//1131 1370//1147 
f 1356//1131 1357//1132 1371//1148 
f 1357//1132 1358//1133 1372//1149 
f 1358//1133 1359//1134 1373//1150 
f 1359//1134 1360//1135 1374//1151 
f 1360//1135 1361//1136 1375//1152 
f 1361//1136 1294//1137 1295//1153 
f 1234//1154 1362//1139 1376//1155 
f 1362//1139 1363//1140 1377//1156 
f 1363//1140 1364//1141 1378//1157 
f 1364//1141 1365//1142 1379//1158 
f 1365//1142 1366//1143 1380//1159 
f 1366//1143 1367//1144 1381//1160 
f 1367//1144 1368//1145 1382//1161 
f 1368//1145 1369//1146 1383//1162 
f 1369//1146 1370//1147 1384//1163 
f 1370//1147 1371//1148 1385//1164 
f 1371//1148 1372//1149 1386//1165 
f 1372//1149 1373//1150 1387//1166 
f 1373//1150 1374//1151 1388//1167 
f 1374//1151 1375//1152 1389//1168 
f 1375//1152 1295//1153 1296//1169 
f 1232//1170 1376//1155 1390//1171 
f 1376//1155 1377//1156 1391//1172 
f 1377//1156 1378//1157 1392//1173 
f 1378//1157 1379//1158 1393//1174 
f 1379//1158 1380//1159 1394//1175 
f 1380//1159 1381//1160 1395//1176 
f 1381//1160 1382//1161 1396//1177 
f 1382//1161 1383//1162 1397//1178 
f 1383//1162 1384//1163 1398//1179 
f 1384//1163 1385//1164 1399//1180 
f 1385//1164 1386//1165 1400//1181 
f 1386//1165 1387//1166 1401//1182 
f 1387//1166 1388//1167 1402//1183 
f 1388//1167 1389//1168 1403//1184 
f 1389//1168 1296//1169 1297//1185 
f 1230//1186 1390//1171 1404//1187 
f 1390//1171 1391//1172 1405//1188 
f 1391//1172 1392//1173 1406//1189 
f 1392//1173 1393//1174 1407//1190 
f 1393//1174 1394//1175 1408//1191 
f 1394//1175 1395//1176 1409//1192 
f 1395//1176 1396//1177 1410//1193 
f 1396//1177 1397//1178 1411//1194 
f 1397//1178 1398//1179 1412//1195 
f 1398//1179 1399//1180 1413//1196 
f 1399//1180 1400//1181 1414//1197 
f 1400//1181 1401//1182 1415//1198 
f 1401//1182 1402//1183 1416//1199 
f 1402//1183 1403//1184 1417//1200 
f 1403//1184 1297//1185 1298//1201 
f 1228//1202 1404//1187 1418//1203 
f 1404//1187 1405//1188 1419//1204 
f 1405//1188 1406//1189 1420//1205 
f 1406//1189 1407//1190 1421//1206 
f 1407//1190 1408//1191 1422//1207 
f 1408//1191 1409//1192 1423//1208 
f 1409//1192 1410//1193 1424//1209 
f 1410//1193 1411//1194 1425//1210 
f 1411//1194 1412//1195 1426//1211 
f 1412//1195 1413//1196 1427//1212 
f 1413//1196 1414//1197 1428//1213 
f 1414//1197 1415//1198 1429//1214 
f 1415//1198 1416//1199 1430//1215 
f 1416//1199 1417//1200 1431//1216 
f 1417//1200 1298//1201 1299//1217 
f 1226//1218 1418//1203 1432//1219 
f 1418//1203 1419//1204 1433//1220 
f 1419//1204 1420//1205 1434//1221 
f 1420//1205 1421//1206 1435//1222 
f 1421//1206 1422//1207 1436//1223 
f 1422//1207 1423//1208 1437//1224 
f 1423//1208 1424//1209 1438//1225 
f 1424//1209 1425//1210 1439//1226 
f 1425//1210 1426//1211 1440//1227 
f 1426//1211 1427//1212 1441//1228 
f 1427//1212 1428//1213 1442//1229 
f 1428//1213 1429//1214 1443//1230 
f 1429//1214 1430//1215 1444//1231 
f 1430//1215 1431//1216 1445//1232 
f 1431//1216 1299//1217 1300//1233 
f 1224//1234 1432//1219 1446//1235 
f 1432//1219 1433//1220 1447//1236 
f 1433//1220 1434//1221 1448//1237 
f 1434//1221 1435//1222 1449//1238 
f 1435//1222 1436//1223 1450//1239 
f 1436//1223 1437//1224 1451//1240 
f 1437//1224 1438//1225 1452//1241 
f 1438//1225 1439//1226 1453//1242 
f 1439//1226 1440//1227 1454//1243 
f 1440//1227 1441//1228 1455//1244 
f 1441//1228 1442//1229 1456//1245 
f 1442//1229 1443//1230 1457//1246 
f 1443//1230 1444//1231 1458//1247 
f 1444//1231 1445//1232 1459//1248 
f 1445//1232 1300//1233 1301//1249 
f 1222//1250 1446//1235 1460//1251 
f 1446//1235 1447//1236 1461//1252 
f 1447//1236 1448//1237 1462//1253 
f 1448//1237 1449//1238 1463//1254 
f 1449//1238 1450//1239 1464//1255 
f 1450//1239 1451//1240 1465//1256 
f 1451//1240 1452//1241 1466//1257 
f 1452//1241 1453//1242 1467//1258 
f 1453//1242 1454//1243 1468//1259 
f 1454//1243 1455//1244 1469//1260 
f 1455//1244 1456//1245 1470//1261 
f 1456//1245 1457//1246 1471//1262 
f 1457//1246 1458//1247 1472//1263 
f 1458//1247 1459//1248 1473//1264 
f 1459//1248 1301//1249 1302//1265 
f 1220//1266 1460//1251 1474//1267 
f 1460//1251 1461//1252 1475//1268 
f 1461//1252 1462//1253 1476//1269 
f 1462//1253 1463//1254 1477//1270 
f 1463//1254 1464//1255 1478//1271 
f 1464//1255 1465//1256 1479//1272 
f 1465//1256 1466//1257 1480//1273 
f 1466//1257 1467//1258 1481//1274 
f 1467//1258 1468//1259 1482//1275 
f 1468//1259 1469//1260 1483//1276 
f 1469//1260 1470//1261 1484//1277 
f 1470//1261 1471//1262 1485//1278 
f 1471//1262 1472//1263 1486//1279 
f 1472//1263 1473//1264 1487//1280 
f 1473//1264 1302//1265 1303//1281 
f 1218//1282 1474//1267 1488//1283 
f 1474//1267 1475//1268 1489//1284 
f 1475//1268 1476//1269 1490//1285 
f 1476//1269 1477//1270 1491//1286 
f 1477//1270 1478//1271 1492//1287 
f 1478//1271 1479//1272 1493//1288 
f 1479//1272 1480//1273 1494//1289 
f 1480//1273 1481//1274 1495//1290 
f 1481//1274 1482//1275 1496//1291 
f 1482//1275 1483//1276 1497//1292 
f 1483//1276 1484//1277 1498//1293 
f 1484//1277 1485//1278 1499//1294 
f 1485//1278 1486//1279 1500//1295 
f 1486//1279 1487//1280 1501//1296 
f 1487//1280 1303//1281 1304//1297 
f 1217//1298 1488//1283 1200//1299 
f 1488//1283 1489//1284 1201//1300 
f 1489//1284 1490//1285 1202//1301 
f 1490//1285 1491//1286 1203//1302 
f 1491//1286 1492//1287 1204//1303 
f 1492//1287 1493//1288 1205//1304 
f 1493//1288 1494//1289 1206//1305 
f 1494//1289 1495//1290 1207//1306 
f 1495//1290 1496//1291 1208//1307 
f 1496//1291 1497//1292 1209//1308 
f 1497//1292 1498//1293 1210//1309 
f 1498//1293 1499//1294 1211//1310 
f 1499//1294 1500//1295 1212//1311 
f 1500//1295 1501//1296 1213//1312 
f 1501//1296 1304//1297 1216//1313 
f 1216//1313 1213//1312 1501//1296 
f 1213//1312 1212//1311 1500//1295 
f 1212//1311 1211//1310 1499//1294 
f 1211//1310 1210//1309 1498//1293 
f 1210//1309 1209//1308 1497//1292 
f 1209//1308 1208//1307 1496//1291 
f 1208//1307 1207//1306 1495//1290 
f 1207//1306 1206//1305 1494//1289 
f 1206//1305 1205//1304 1493//1288 
f 1205//1304 1204//1303 1492//1287 
f 1204//1303 1203//1302 1491//1286 
f 1203//1302 1202//1301 1490//1285 
f 1202//1301 1201//1300 1489//1284 
f 1201//1300 1200//1299 1488//1283 
f 1200//1299 1199//1314 1217//1298 
f 1304//1297 1501//1296 1487//1280 
f 1501//1296 1500//1295 1486//1279 
f 1500//1295 1499//1294 1485//1278 
f 1499//1294 1498//1293 1484//1277 
f 1498//1293 1497//1292 1483//1276 
f 1497//1292 1496//1291 1482//1275 
f 1496//1291 1495//1290 1481//1274 
f 1495//1290 1494//1289 1480//1273 
f 1494//1289 1493//1288 1479//1272 
f 1493//1288 1492//1287 1478//1271 
f 1492//1287 1491//1286 1477//1270 
f 1491//1286 1490//1285 1476//1269 
f 1490//1285 1489//1284 1475//1268 
f 1489//1284 1488//1283 1474//1267 
f 1488//1283 1217//1298 1218//1282 
f 1303//1281 1487//1280 1473//1264 
f 1487//1280 1486//1279 1472//1263 
f 1486//1279 1485//1278 1471//1262 
f 1485//1278 1484//1277 1470//1261 
f 1484//1277 1483//1276 1469//1260 
f 1483//1276 1482//1275 1468//1259 
f 1482//1275 1481//1274 1467//1258 
f 1481//1274 1480//1273 1466//1257 
f 1480//1273 1479//1272 1465//1256 
f 1479//1272 1478//1271 1464//1255 
f 1478//1271 1477//1270 1463//1254 
f 1477//1270 1476//1269 1462//1253 
f 1476//1269 1475//1268 1461//1252 
f 1475//1268 1474//1267 1460//1251 
f 1474//1267 1218//1282 1220//1266 
f 1302//1265 1473//1264 1459//1248 
f 1473//1264 1472//1263 1458//1247 
f 1472//1263 1471//1262 1457//1246 
f 1471//1262 1470//1261 1456//1245 
f 1470//1261 1469//1260 1455//1244 
f 1469//1260 1468//1259 1454//1243 
f 1468//1259 1467//1258 1453//1242 
f 1467//1258 1466//1257 1452//1241 
f 1466//1257 1465//1256 1451//1240 
f 1465//1256 1464//1255 1450//1239 
f 1464//1255 1463//1254 1449//1238 
f 1463//1254 1462//1253 1448//1237 
f 1462//1253 1461//1252 1447//1236 
f 1461//1252 1460//1251 1446//1235 
f 1460//1251 1220//1266 1222//1250 
f 1301//1249 1459//1248 1445//1232 
f 1459//1248 1458//1247 1444//1231 
f 1458//1247 1457//1246 1443//1230 
f 1457//1246 1456//1245 1442//1229 
f 1456//1245 1455//1244 1441//1228 
f 1455//1244 1454//1243 1440//1227 
f 1454//1243 1453//1242 1439//1226 
f 1453//1242 1452//1241 1438//1225 
f 1452//1241 1451//1240 1437//1224 
f 1451//1240 1450//1239 1436//1223 
f 1450//1239 1449//1238 1435//1222 
f 1449//1238 1448//1237 1434//1221 
f 1448//1237 1447//1236 1433//1220 
f 1447//1236 1446//1235 1432//1219 
f 1446//1235 1222//1250 1224//1234 
f 1300//1233 1445//1232 1431//1216 
f 1445//1232 1444//1231 1430//1215 
f 1444//1231 1443//1230 1429//1214 
f 1443//1230 1442//1229 1428//1213 
f 1442//1229 1441//1228 1427//1212 
f 1441//1228 1440//1227 1426//1211 
f 1440//1227 1439//1226 1425//1210 
f 1439//1226 1438//1225 1424//1209 
f 1438//1225 1437//1224 1423//1208 
f 1437//1224 1436//1223 1422//1207 
f 1436//1223 1435//1222 1421//1206 
f 1435//1222 1434//1221 1420//1205 
f 1434//1221 1433//1220 1419//1204 
f 1433//1220 1432//1219 1418//1203 
f 1432//1219 1224//1234 1226//1218 
f 1299//1217 1431//1216 1417//1200 
f 1431//1216 1430//1215 1416//1199 
f 1430//1215 1429//1214 1415//1198 
f 1429//1214 1428//1213 1414//1197 
f 1428//1213 1427//1212 1413//1196 
f 1427//1212 1426//1211 1412//1195 
f 1426//1211 1425//1210 1411//1194 
f 1425//1210 1424//1209 1410//1193 
f 1424//1209 1423//1208 1409//1192 
f 1423//1208 1422//1207 1408//1191 
f 1422//1207 1421//1206 1407//1190 
f 1421//1206 1420//1205 1406//1189 
f 1420//1205 1419//1204 1405//1188 
f 1419//1204 1418//1203 1404//1187 
f 1418//1203 1226//1218 1228//1202 
f 1298//1201 1417//1200 1403//1184 
f 1417//1200 1416//1199 1402//1183 
f 1416//1199 1415//1198 1401//1182 
f 1415//1198 1414//1197 1400//1181 
f 1414//1197 1413//1196 1399//1180 
f 1413//1196 1412//1195 1398//1179 
f 1412//1195 1411//1194 1397//1178 
f 1411//1194 1410//1193 1396//1177 
f 1410//1193 1409//1192 1395//1176 
f 1409//1192 1408//1191 1394//1175 
f 1408//1191 1407//1190 1393//1174 
f 1407//1190 1406//1189 1392//1173 
f 1406//1189 1405//1188 1391//1172 
f 1405//1188 1404//1187 1390//1171 
f 1404//1187 1228//1202 1230//1186 
f 1297//1185 1403//1184 1389//1168 
f 1403//1184 1402//1183 1388//1167 
f 1402//1183 1401//1182 1387//1166 
f 1401//1182 1400//1181 1386//1165 
f 1400//1181 1399//1180 1385//1164 
f 1399//1180 1398//1179 1384//1163 
f 1398//1179 1397//1178 1383//1162 
f 1397//1178 1396//1177 1382//1161 
f 1396//1177 1395//1176 1381//1160 
f 1395//1176 1394//1175 1380//1159 
f 1394//1175 1393//1174 1379//1158 
f 1393//1174 1392//1173 1378//1157 
f 1392//1173 1391//1172 1377//1156 
f 1391//1172 1390//1171 1376//1155 
f 1390//1171 1230//1186 1232//1170 
f 1296//1169 1389//1168 1375//1152 
f 1389//1168 1388//1167 1374//1151 
f 1388//1167 1387//1166 1373//1150 
f 1387//1166 1386//1165 1372//1149 
f 1386//1165 1385//1164 1371//1148 
f 1385//1164 1384//1163 1370//1147 
f 1384//1163 1383//1162 1369//1146 
f 1383//1162 1382//1161 1368//1145 
f 1382//1161 1381//1160 1367//1144 
f 1381//1160 1380//1159 1366//1143 
f 1380//1159 1379//1158 1365//1142 
f 1379//1158 1378//1157 1364//1141 
f 1378//1157 1377//1156 1363//1140 
f 1377//1156 1376//1155 1362//1139 
f 1376//1155 1232//1170 1234//1154 
f 1295//1153 1375//1152 1361//1136 
f 1375//1152 1374//1151 1360//1135 
f 1374//1151 1373//1150 1359//1134 
f 1373//1150 1372//1149 1358//1133 
f 1372//1149 1371//1148 1357//1132 
f 1371//1148 1370//1147 1356//1131 
f 1370//1147 1369//1146 1355//1130 
f 1369//1146 1368//1145 1354//1129 
f 1368//1145 1367//1144 1353//1128 
f 1367//1144 1366//1143 1352//1127 
f 1366//1143 1365//1142 1351//1126 
f 1365//1142 1364//1141 1350//1125 
f 1364//1141 1363//1140 1349//1124 
f 1363//1140 1362//1139 1348//1123 
f 1362//1139 1234//1154 1236//1138 
f 1294//1137 1361//1136 1347//1120 
f 1361//1136 1360//1135 1346//1119 
f 1360//1135 1359//1134 1345//1118 
f 1359//1134 1358//1133 1344//1117 
f 1358//1133 1357//1132 1343//1116 
f 1357//1132 1356//1131 1342//1115 
f 1356//1131 1355//1130 1341//1114 
f 1355//1130 1354//1129 1340//1113 
f 1354//1129 1353//1128 1339//1112 
f 1353//1128 1352//1127 1338//1111 
f 1352//1127 1351//1126 1337//1110 
f 1351//1126 1350//1125 1336//1109 
f 1350//1125 1349//1124 1335//1108 
f 1349//1124 1348//1123 1334//1107 
f 1348//1123 1236//1138 1238//1122 
f 1293//1121 1347//1120 1333//1103 
f 1347//1120 1346//1119 1331//1101 
f 1346//1119 1345//1118 1329//1099 
f 1345//1118 1344//1117 1327//1097 
f 1344//1117 1343//1116 1325//1095 
f 1343//1116 1342//1115 1323//1093 
f 1342//1115 1341//1114 1321//1091 
f 1341//1114 1340//1113 1319//1089 
f 1340//1113 1339//1112 1317//1087 
f 1339//1112 1338//1111 1315//1085 
f 1338//1111 1337//1110 1313//1083 
f 1337//1110 1336//1109 1311//1081 
f 1336//1109 1335//1108 1309//1079 
f 1335//1108 1334//1107 1307//1077 
f 1334//1107 1238//1122 1240//1106 
f 1292//1105 1333//1103 1332//1102 
f 1333//1103 1331//1101 1330//1100 
f 1331//1101 1329//1099 1328//1098 
f 1329//1099 1327//1097 1326//1096 
f 1327//1097 1325//1095 1324//1094 
f 1325//1095 1323//1093 1322//1092 
f 1323//1093 1321//1091 1320//1090 
f 1321//1091 1319//1089 1318//1088 
f 1319//1089 1317//1087 1316//1086 
f 1317//1087 1315//1085 1314//1084 
f 1315//1085 1313//1083 1312//1082 
f 1313//1083 1311//1081 1310//1080 
f 1311//1081 1309//1079 1308//1078 
f 1309//1079 1307//1077 1306//1076 
f 1307//1077 1240//1106 1242//1075 
f 1291//1104 1332//1102 1244//1315 
f 1332//1102 1330//1100 1244//1315 
f 1330//1100 1328//1098 1244//1315 
f 1328//1098 1326//1096 1244//1315 
f 1326//1096 1324//1094 1244//1315 
f 1324//1094 1322//1092 1244//1315 
f 1322//1092 1320//1090 1244//1315 
f 1320//1090 1318//1088 1244//1315 
f 1318//1088 1316//1086 1244//1315 
f 1316//1086 1314//1084 1244//1315 
f 1314//1084 1312//1082 1244//1315 
f 1312//1082 1310//1080 1244//1315 
f 1310//1080 1308//1078 1244//1315 
f 1308//1078 1306//1076 1244//1315 
f 1306//1076 1242//1075 1244//1315 
o mesh34
f 1502//1315 1503//1315 1504//1315 
f 1504//1315 1505//1315 1506//1315 
f 1504//1315 1506//1315 1502//1315 
f 1507//1315 1508//1315 1509//1315 
f 1504//1315 1510//1315 1505//1315 
f 1508//1315 1511//1315 1512//1315 
f 1508//1315 1507//1315 1513//1315 
f 1509//1315 1514//1315 1515//1315 
f 1509//1315 1516//1315 1517//1315 
f 1504//1315 1518//1315 1510//1315 
f 1513//1315 1511//1315 1508//1315 
f 1517//1315 1514//1315 1509//1315 
f 1519//1315 1520//1315 1521//1315 
f 1519//1315 1522//1315 1523//1315 
f 1522//1315 1524//1315 1503//1315 
f 1516//1315 1509//1315 1525//1315 
f 1509//1315 1515//1315 1507//1315 
f 1246//1315 1526//1315 1508//1315 
f 1523//1315 1520//1315 1519//1315 
f 1522//1315 1519//1315 1524//1315 
f 1244//1315 1527//1315 1528//1315 
f 1512//1315 1529//1315 1508//1315 
f 1246//1315 1530//1315 1526//1315 
f 1246//1315 1531//1315 1532//1315 
f 1246//1315 1533//1315 1534//1315 
f 1502//1315 1522//1315 1503//1315 
f 1535//1315 1536//1315 1537//1315 
f 1504//1315 1538//1315 1539//1315 
f 1250//1315 1244//1315 1540//1315 
f 1244//1315 1541//1315 1527//1315 
f 1508//1315 1529//1315 1246//1315 
f 1532//1315 1542//1315 1246//1315 
f 1246//1315 1543//1315 1544//1315 
f 1534//1315 1545//1315 1246//1315 
f 1246//1315 1546//1315 1547//1315 
f 1249//1315 1548//1315 1549//1315 
f 1249//1315 1550//1315 1551//1315 
f 1249//1315 1552//1315 1553//1315 
f 1536//1315 1535//1315 1554//1315 
f 1537//1315 1519//1315 1535//1315 
f 1555//1315 1556//1315 1557//1315 
f 1504//1315 1558//1315 1559//1315 
f 1504//1315 1560//1315 1538//1315 
f 1528//1315 1540//1315 1244//1315 
f 1244//1315 1561//1315 1562//1315 
f 1246//1315 1563//1315 1561//1315 
f 1246//1315 1529//1315 1564//1315 
f 1542//1315 1530//1315 1246//1315 
f 1545//1315 1543//1315 1246//1315 
f 1547//1315 1565//1315 1246//1315 
f 1551//1315 1548//1315 1249//1315 
f 1249//1315 1566//1315 1552//1315 
f 1249//1315 1567//1315 1568//1315 
f 1569//1315 1570//1315 1571//1315 
f 1521//1315 1535//1315 1519//1315 
f 1555//1315 1569//1315 1556//1315 
f 1504//1315 1572//1315 1558//1315 
f 1504//1315 1573//1315 1560//1315 
f 1540//1315 1574//1315 1250//1315 
f 1244//1315 1575//1315 1576//1315 
f 1561//1315 1244//1315 1246//1315 
f 1246//1315 1577//1315 1578//1315 
f 1525//1315 1504//1315 1516//1315 
f 1565//1315 1533//1315 1246//1315 
f 1553//1315 1550//1315 1249//1315 
f 1249//1315 1579//1315 1580//1315 
f 1249//1315 1581//1315 1567//1315 
f 1249//1315 1582//1315 1583//1315 
f 1249//1315 1584//1315 1585//1315 
f 1584//1315 1586//1315 1587//1315 
f 1569//1315 1555//1315 1570//1315 
f 1557//1315 1536//1315 1555//1315 
f 1539//1315 1572//1315 1504//1315 
f 1504//1315 1525//1315 1588//1315 
f 1250//1315 1589//1315 1590//1315 
f 1250//1315 1591//1315 1592//1315 
f 1244//1315 1593//1315 1541//1315 
f 1244//1315 1594//1315 1595//1315 
f 1244//1315 1596//1315 1597//1315 
f 1244//1315 1598//1315 1599//1315 
f 1244//1315 1600//1315 1575//1315 
f 1578//1315 1563//1315 1246//1315 
f 1544//1315 1531//1315 1246//1315 
f 1246//1315 1601//1315 1602//1315 
f 1249//1315 1603//1315 1604//1315 
f 1580//1315 1566//1315 1249//1315 
f 1583//1315 1581//1315 1249//1315 
f 1587//1315 1585//1315 1584//1315 
f 1554//1315 1555//1315 1536//1315 
f 1588//1315 1573//1315 1504//1315 
f 1250//1315 1605//1315 1589//1315 
f 1592//1315 1606//1315 1250//1315 
f 1595//1315 1593//1315 1244//1315 
f 1599//1315 1596//1315 1244//1315 
f 1562//1315 1600//1315 1244//1315 
f 1602//1315 1546//1315 1246//1315 
f 1549//1315 1603//1315 1249//1315 
f 1585//1315 1582//1315 1249//1315 
f 1559//1315 1518//1315 1504//1315 
f 1586//1315 1584//1315 1607//1315 
f 1249//1315 1608//1315 1609//1315 
f 1590//1315 1249//1315 1250//1315 
f 1250//1315 1610//1315 1611//1315 
f 1250//1315 1612//1315 1613//1315 
f 1606//1315 1614//1315 1250//1315 
f 1597//1315 1594//1315 1244//1315 
f 1244//1315 1615//1315 1616//1315 
f 1564//1315 1577//1315 1246//1315 
f 1568//1315 1579//1315 1249//1315 
f 1607//1315 1569//1315 1586//1315 
f 1590//1315 1608//1315 1249//1315 
f 1611//1315 1617//1315 1250//1315 
f 1250//1315 1618//1315 1619//1315 
f 1614//1315 1612//1315 1250//1315 
f 1616//1315 1598//1315 1244//1315 
f 1246//1315 1604//1315 1601//1315 
f 1571//1315 1586//1315 1569//1315 
f 1617//1315 1605//1315 1250//1315 
f 1613//1315 1618//1315 1250//1315 
f 1576//1315 1615//1315 1244//1315 
f 1609//1315 1584//1315 1249//1315 
f 1574//1315 1591//1315 1250//1315 
f 1619//1315 1610//1315 1250//1315 
f 1604//1315 1246//1315 1249//1315 
o mesh35
f 1508//1316 1526//1317 1620//1317 
f 1509//1318 1508//1316 1621//1319 
f 1525//1320 1509//1318 1622//1321 
f 1588//1322 1525//1320 1623//1323 
f 1573//1324 1588//1322 1624//1325 
f 1560//1326 1573//1324 1625//1327 
f 1538//1328 1560//1326 1626//1329 
f 1539//1330 1538//1328 1627//1331 
f 1572//1332 1539//1330 1628//1333 
f 1558//1334 1572//1332 1629//1335 
f 1559//1336 1558//1334 1630//1337 
f 1518//1338 1559//1336 1631//1339 
f 1510//1340 1518//1338 1632//1341 
f 1505//1342 1510//1340 1633//1343 
f 1634//1342 1635//1344 1506//1345 
f 1635//1344 1502//1344 1506//1345 
f 1522//1346 1502//1344 1635//1344 
f 1523//1347 1522//1346 1636//1346 
f 1520//1348 1523//1347 1637//1347 
f 1521//1349 1520//1348 1638//1348 
f 1535//1350 1521//1349 1639//1349 
f 1554//1351 1535//1350 1640//1350 
f 1555//1352 1554//1351 1641//1351 
f 1570//1353 1555//1352 1642//1352 
f 1571//1354 1570//1353 1643//1353 
f 1586//1355 1571//1354 1644//1354 
f 1587//1356 1586//1355 1645//1355 
f 1585//1357 1587//1356 1646//1356 
f 1582//1358 1585//1357 1647//1357 
f 1583//1359 1582//1358 1648//1358 
f 1581//1360 1583//1359 1649//1359 
f 1567//1361 1581//1360 1650//1360 
f 1568//1362 1567//1361 1651//1361 
f 1579//1363 1568//1362 1652//1362 
f 1580//1364 1579//1363 1653//1363 
f 1566//1365 1580//1364 1654//1364 
f 1552//1366 1566//1365 1655//1365 
f 1553//1367 1552//1366 1656//1366 
f 1550//1368 1553//1367 1657//1367 
f 1551//1369 1550//1368 1658//1368 
f 1548//1370 1551//1369 1659//1369 
f 1549//1371 1548//1370 1660//1370 
f 1603//1372 1549//1371 1661//1371 
f 1604//1373 1603//1372 1662//1372 
f 1601//1374 1604//1373 1663//1373 
f 1602//1375 1601//1374 1664//1374 
f 1546//1376 1602//1375 1665//1375 
f 1547//1377 1546//1376 1666//1376 
f 1565//1378 1547//1377 1667//1377 
f 1533//1379 1565//1378 1668//1378 
f 1534//1380 1533//1379 1669//1379 
f 1545//1381 1534//1380 1670//1380 
f 1543//1382 1545//1381 1671//1381 
f 1544//1383 1543//1382 1672//1382 
f 1531//1384 1544//1383 1673//1383 
f 1532//1385 1531//1384 1674//1384 
f 1542//1386 1532//1385 1675//1385 
f 1530//1387 1542//1386 1676//1386 
f 1526//1317 1530//1387 1677//1387 
f 1677//1387 1620//1317 1526//1317 
f 1676//1386 1677//1387 1530//1387 
f 1675//1385 1676//1386 1542//1386 
f 1674//1384 1675//1385 1532//1385 
f 1673//1383 1674//1384 1531//1384 
f 1672//1382 1673//1383 1544//1383 
f 1671//1381 1672//1382 1543//1382 
f 1670//1380 1671//1381 1545//1381 
f 1669//1379 1670//1380 1534//1380 
f 1668//1378 1669//1379 1533//1379 
f 1667//1377 1668//1378 1565//1378 
f 1666//1376 1667//1377 1547//1377 
f 1665//1375 1666//1376 1546//1376 
f 1664//1374 1665//1375 1602//1375 
f 1663//1373 1664//1374 1601//1374 
f 1662//1372 1663//1373 1604//1373 
f 1661//1371 1662//1372 1603//1372 
f 1660//1370 1661//1371 1549//1371 
f 1659//1369 1660//1370 1548//1370 
f 1658//1368 1659//1369 1551//1369 
f 1657//1367 1658//1368 1550//1368 
f 1656//1366 1657//1367 1553//1367 
f 1655//1365 1656//1366 1552//1366 
f 1654//1364 1655//1365 1566//1365 
f 1653//1363 1654//1364 1580//1364 
f 1652//1362 1653//1363 1579//1363 
f 1651//1361 1652//1362 1568//1362 
f 1650//1360 1651//1361 1567//1361 
f 1649//1359 1650//1360 1581//1360 
f 1648//1358 1649//1359 1583//1359 
f 1647//1357 1648//1358 1582//1358 
f 1646//1356 1647//1357 1585//1357 
f 1645//1355 1646//1356 1587//1356 
f 1644//1354 1645//1355 1586//1355 
f 1643//1353 1644//1354 1571//1354 
f 1642//1352 1643//1353 1570//1353 
f 1641//1351 1642//1352 1555//1352 
f 1640//1350 1641//1351 1554//1351 
f 1639//1349 1640//1350 1535//1350 
f 1638//1348 1639//1349 1521//1349 
f 1637//1347 1638//1348 1520//1348 
f 1636//1346 1637//1347 1523//1347 
f 1635//1344 1636//1346 1522//1346 
f 1506//1345 1505//1342 1634//1342 
f 1633//1343 1634//1342 1505//1342 
f 1632//1341 1633//1343 1510//1340 
f 1631//1339 1632//1341 1518//1338 
f 1630//1337 1631//1339 1559//1336 
f 1629//1335 1630//1337 1558//1334 
f 1628//1333 1629//1335 1572//1332 
f 1627//1331 1628//1333 1539//1330 
f 1626//1329 1627//1331 1538//1328 
f 1625//1327 1626//1329 1560//1326 
f 1624//1325 1625//1327 1573//1324 
f 1623//1323 1624//1325 1588//1322 
f 1622//1321 1623//1323 1525//1320 
f 1621//1319 1622//1321 1509//1318 
f 1620//1317 1621//1319 1508//1316 
o mesh36
f 1600//1388 1562//1389 1678//1389 
f 1575//1390 1600//1388 1679//1391 
f 1576//1392 1575//1390 1680//1393 
f 1615//1394 1576//1392 1681//1395 
f 1616//1396 1615//1394 1682//1397 
f 1598//1398 1616//1396 1683//1399 
f 1599//1400 1598//1398 1684//1401 
f 1596//1402 1599//1400 1685//1403 
f 1597//1404 1596//1402 1686//1405 
f 1594//1406 1597//1404 1687//1407 
f 1595//1408 1594//1406 1688//1409 
f 1593//1410 1595//1408 1689//1411 
f 1541//1412 1593//1410 1690//1413 
f 1527//1414 1541//1412 1691//1415 
f 1692//1414 1693//1416 1528//1417 
f 1693//1416 1540//1416 1528//1417 
f 1574//1418 1540//1416 1693//1416 
f 1591//1419 1574//1418 1694//1418 
f 1592//1420 1591//1419 1695//1419 
f 1606//1421 1592//1420 1696//1420 
f 1614//1422 1606//1421 1697//1421 
f 1612//1423 1614//1422 1698//1422 
f 1613//1424 1612//1423 1699//1423 
f 1618//1425 1613//1424 1700//1424 
f 1619//1426 1618//1425 1701//1425 
f 1610//1427 1619//1426 1702//1426 
f 1611//1428 1610//1427 1703//1427 
f 1617//1429 1611//1428 1704//1428 
f 1605//1430 1617//1429 1705//1429 
f 1589//1431 1605//1430 1706//1430 
f 1590//1432 1589//1431 1707//1431 
f 1608//1433 1590//1432 1708//1432 
f 1609//1434 1608//1433 1709//1433 
f 1584//1435 1609//1434 1710//1434 
f 1607//1436 1584//1435 1711//1435 
f 1569//1437 1607//1436 1712//1436 
f 1556//1438 1569//1437 1713//1437 
f 1557//1439 1556//1438 1714//1438 
f 1536//1440 1557//1439 1715//1439 
f 1536//1440 1716//1440 1717//1441 
f 1717//1441 1537//1442 1536//1440 
f 1519//1443 1537//1442 1718//1442 
f 1524//1444 1519//1443 1719//1443 
f 1503//1445 1524//1444 1720//1444 
f 1504//1446 1503//1445 1721//1445 
f 1516//1447 1504//1446 1722//1446 
f 1517//1448 1516//1447 1723//1447 
f 1514//1449 1517//1448 1724//1448 
f 1515//1450 1514//1449 1725//1449 
f 1507//1451 1515//1450 1726//1450 
f 1513//1452 1507//1451 1727//1453 
f 1507//1451 1728//1454 1727//1453 
f 1511//1455 1513//1452 1729//1456 
f 1512//1457 1511//1455 1730//1458 
f 1529//1459 1512//1457 1731//1460 
f 1564//1461 1529//1459 1732//1462 
f 1577//1463 1564//1461 1733//1464 
f 1578//1465 1577//1463 1734//1466 
f 1563//1467 1578//1465 1735//1468 
f 1561//1469 1563//1467 1736//1470 
f 1562//1389 1561//1469 1737//1469 
f 1737//1469 1678//1389 1562//1389 
f 1736//1470 1737//1469 1561//1469 
f 1735//1468 1736//1470 1563//1467 
f 1734//1466 1735//1468 1578//1465 
f 1733//1464 1734//1466 1577//1463 
f 1732//1462 1733//1464 1564//1461 
f 1731//1460 1732//1462 1529//1459 
f 1730//1458 1731//1460 1512//1457 
f 1729//1456 1730//1458 1511//1455 
f 1727//1453 1729//1456 1513//1452 
f 1726//1450 1728//1454 1507//1451 
f 1725//1449 1726//1450 1515//1450 
f 1724//1448 1725//1449 1514//1449 
f 1723//1447 1724//1448 1517//1448 
f 1722//1446 1723//1447 1516//1447 
f 1721//1445 1722//1446 1504//1446 
f 1720//1444 1721//1445 1503//1445 
f 1719//1443 1720//1444 1524//1444 
f 1718//1442 1719//1443 1519//1443 
f 1717//1441 1718//1442 1537//1442 
f 1715//1439 1716//1440 1536//1440 
f 1714//1438 1715//1439 1557//1439 
f 1713//1437 1714//1438 1556//1438 
f 1712//1436 1713//1437 1569//1437 
f 1711//1435 1712//1436 1607//1436 
f 1710//1434 1711//1435 1584//1435 
f 1709//1433 1710//1434 1609//1434 
f 1708//1432 1709//1433 1608//1433 
f 1707//1431 1708//1432 1590//1432 
f 1706//1430 1707//1431 1589//1431 
f 1705//1429 1706//1430 1605//1430 
f 1704//1428 1705//1429 1617//1429 
f 1703//1427 1704//1428 1611//1428 
f 1702//1426 1703//1427 1610//1427 
f 1701//1425 1702//1426 1619//1426 
f 1700//1424 1701//1425 1618//1425 
f 1699//1423 1700//1424 1613//1424 
f 1698//1422 1699//1423 1612//1423 
f 1697//1421 1698//1422 1614//1422 
f 1696//1420 1697//1421 1606//1421 
f 1695//1419 1696//1420 1592//1420 
f 1694//1418 1695//1419 1591//1419 
f 1693//1416 1694//1418 1574//1418 
f 1528//1417 1527//1414 1692//1414 
f 1691//1415 1692//1414 1527//1414 
f 1690//1413 1691//1415 1541//1412 
f 1689//1411 1690//1413 1593//1410 
f 1688//1409 1689//1411 1595//1408 
f 1687//1407 1688//1409 1594//1406 
f 1686//1405 1687//1407 1597//1404 
f 1685//1403 1686//1405 1596//1402 
f 1684//1401 1685//1403 1599//1400 
f 1683//1399 1684//1401 1598//1398 
f 1682//1397 1683//1399 1616//1396 
f 1681//1395 1682//1397 1615//1394 
f 1680//1393 1681//1395 1576//1392 
f 1679//1391 1680//1393 1575//1390 
f 1678//1389 1679//1391 1600//1388 
o mesh37
f 1738//1471 1739//1471 1740//1471 
f 1741//1471 1739//1471 1738//1471 
f 1738//1471 1742//1471 1741//1471 
f 1742//1471 1743//1471 987//1471 
f 987//1471 1741//1471 1742//1471 
f 1744//1471 1745//1471 1746//1471 
f 1743//1471 986//1471 987//1471 
f 1744//1471 1747//1471 1745//1471 
f 1740//1471 1744//1471 1738//1471 
f 1746//1471 1748//1471 1744//1471 
f 1740//1471 1749//1471 1744//1471 
f 1743//1471 331//1471 982//1471 
f 1749//1471 1747//1471 1744//1471 
f 1743//1471 984//1471 985//1471 
f 331//1471 981//1471 982//1471 
f 985//1471 986//1471 1743//1471 
f 982//1471 983//1471 1743//1471 
f 1744//1471 1750//1471 1751//1471 
f 1744//1471 1752//1471 1753//1471 
f 1744//1471 1754//1471 1755//1471 
f 983//1471 984//1471 1743//1471 
f 331//1471 977//1471 978//1471 
f 331//1471 975//1471 976//1471 
f 831//1471 950//1471 381//1471 
f 1756//1471 1757//1471 1758//1471 
f 1753//1471 1750//1471 1744//1471 
f 1748//1471 1754//1471 1744//1471 
f 976//1471 977//1471 331//1471 
f 331//1471 973//1471 974//1471 
f 381//1471 950//1471 973//1471 
f 381//1471 349//1471 831//1471 
f 1756//1471 1759//1471 1757//1471 
f 1758//1471 1744//1471 1760//1471 
f 1755//1471 1752//1471 1744//1471 
f 331//1471 979//1471 980//1471 
f 974//1471 975//1471 331//1471 
f 349//1471 624//1471 831//1471 
f 1760//1471 1761//1471 1758//1471 
f 1744//1471 1762//1471 1763//1471 
f 980//1471 981//1471 331//1471 
f 973//1471 331//1471 381//1471 
f 1763//1471 1760//1471 1744//1471 
f 978//1471 979//1471 331//1471 
f 1751//1471 1762//1471 1744//1471 
f 1758//1471 1761//1471 1756//1471 
o mesh38
f 1764//1472 1765//1472 1766//1472 
f 1766//1472 1756//1472 1764//1472 
f 1766//1472 1759//1472 1756//1472 
o mesh39
f 1764//1473 1767//1473 1768//1473 
f 1768//1473 1769//1473 1764//1473 
f 1767//1473 1770//1473 1768//1473 
f 1769//1473 1765//1473 1764//1473 
o mesh40
f 1770//1473 1767//1473 1771//1474 
f 1771//1474 1772//1475 1770//1473 
f 1773//1476 1772//1475 1774//1475 
f 1774//1475 1775//1477 1773//1476 
f 1776//1478 1773//1476 1777//1479 
f 1777//1479 1778//1480 1776//1478 
f 1779//1481 1776//1478 1780//1482 
f 1780//1482 1781//1483 1779//1481 
f 1782//1484 1779//1481 1783//1485 
f 1783//1485 1784//1486 1782//1484 
f 1785//1487 1782//1484 1786//1488 
f 1786//1488 1787//1489 1785//1487 
f 1788//1490 1785//1487 1789//1491 
f 1790//1492 1788//1490 1791//1493 
f 1792//1494 1790//1492 1793//1495 
f 1794//1496 1792//1494 1795//1497 
f 1796//1498 1794//1496 1797//1499 
f 1798//1500 1796//1498 1799//1501 
f 1800//1502 1798//1500 1801//1503 
f 1802//1504 1800//1502 1803//1505 
f 1804//1506 1802//1504 1805//1507 
f 1805//1507 1806//1506 1804//1506 
f 1803//1505 1805//1507 1802//1504 
f 1801//1503 1803//1505 1800//1502 
f 1799//1501 1801//1503 1798//1500 
f 1797//1499 1799//1501 1796//1498 
f 1795//1497 1797//1499 1794//1496 
f 1793//1495 1795//1497 1792//1494 
f 1791//1493 1793//1495 1790//1492 
f 1789//1491 1791//1493 1788//1490 
f 1787//1489 1789//1491 1785//1487 
f 1784//1486 1786//1488 1782//1484 
f 1781//1483 1783//1485 1779//1481 
f 1778//1480 1780//1482 1776//1478 
f 1775//1477 1777//1479 1773//1476 
f 1771//1474 1774//1475 1772//1475 
o mesh41
f 1740//1506 1806//1506 1805//1508 
f 1749//1508 1805//1508 1803//1509 
f 1747//1509 1803//1509 1801//1510 
f 1745//1510 1801//1510 1799//1511 
f 1746//1511 1799//1511 1797//1512 
f 1748//1512 1797//1512 1795//1513 
f 1754//1513 1795//1513 1793//1514 
f 1755//1514 1793//1514 1791//1515 
f 1752//1515 1791//1515 1789//1516 
f 1753//1516 1787//1517 1786//1518 
f 1753//1516 1789//1516 1787//1517 
f 1750//1518 1784//1519 1783//1520 
f 1750//1518 1786//1518 1784//1519 
f 1751//1520 1781//1521 1780//1522 
f 1751//1520 1783//1520 1781//1521 
f 1762//1522 1778//1523 1777//1524 
f 1762//1522 1780//1522 1778//1523 
f 1763//1524 1775//1525 1774//1526 
f 1763//1524 1777//1524 1775//1525 
f 1760//1526 1771//1527 1767//1528 
f 1760//1526 1774//1526 1771//1527 
f 1767//1528 1761//1528 1760//1526 
f 1774//1526 1760//1526 1763//1524 
f 1777//1524 1763//1524 1762//1522 
f 1780//1522 1762//1522 1751//1520 
f 1783//1520 1751//1520 1750//1518 
f 1786//1518 1750//1518 1753//1516 
f 1789//1516 1753//1516 1752//1515 
f 1791//1515 1752//1515 1755//1514 
f 1793//1514 1755//1514 1754//1513 
f 1795//1513 1754//1513 1748//1512 
f 1797//1512 1748//1512 1746//1511 
f 1799//1511 1746//1511 1745//1510 
f 1801//1510 1745//1510 1747//1509 
f 1803//1509 1747//1509 1749//1508 
f 1805//1508 1749//1508 1740//1506 
o mesh42
f 1761//1528 1807//1528 1808//1528 
f 1808//1528 1809//1528 1761//1528 
f 1767//1528 1810//1528 1811//1528 
f 1761//1528 1812//1528 1807//1528 
f 1811//1528 1813//1528 1767//1528 
f 1761//1528 1814//1528 1812//1528 
f 1761//1528 1815//1528 1816//1528 
f 1817//1528 1818//1528 1815//1528 
f 1817//1528 1819//1528 1820//1528 
f 1821//1528 1822//1528 1823//1528 
f 1824//1528 1825//1528 1826//1528 
f 1827//1528 1828//1528 1826//1528 
f 1767//1528 1829//1528 1810//1528 
f 1761//1528 1830//1528 1831//1528 
f 1761//1528 1832//1528 1833//1528 
f 1809//1528 1834//1528 1761//1528 
f 1815//1528 1761//1528 1817//1528 
f 1817//1528 1835//1528 1836//1528 
f 1820//1528 1837//1528 1817//1528 
f 1838//1528 1821//1528 1839//1528 
f 1821//1528 1838//1528 1822//1528 
f 1826//1528 1825//1528 1827//1528 
f 1756//1528 1840//1528 1841//1528 
f 1761//1528 1767//1528 1842//1528 
f 1767//1528 1843//1528 1829//1528 
f 1767//1528 1844//1528 1845//1528 
f 1767//1528 1846//1528 1847//1528 
f 1756//1528 1848//1528 1849//1528 
f 1761//1528 1850//1528 1830//1528 
f 1833//1528 1851//1528 1761//1528 
f 1816//1528 1814//1528 1761//1528 
f 1837//1528 1835//1528 1817//1528 
f 1852//1528 1853//1528 1854//1528 
f 1823//1528 1855//1528 1821//1528 
f 1855//1528 1823//1528 1824//1528 
f 1756//1528 1856//1528 1840//1528 
f 1756//1528 1857//1528 1858//1528 
f 1761//1528 1859//1528 1860//1528 
f 1761//1528 1861//1528 1862//1528 
f 1813//1528 1842//1528 1767//1528 
f 1767//1528 1863//1528 1844//1528 
f 1767//1528 1864//1528 1865//1528 
f 1847//1528 1866//1528 1767//1528 
f 1849//1528 1764//1528 1756//1528 
f 1851//1528 1850//1528 1761//1528 
f 1836//1528 1818//1528 1817//1528 
f 1817//1528 1852//1528 1867//1528 
f 1852//1528 1817//1528 1853//1528 
f 1826//1528 1855//1528 1824//1528 
f 1868//1528 1869//1528 1870//1528 
f 1868//1528 1841//1528 1871//1528 
f 1858//1528 1856//1528 1756//1528 
f 1761//1528 1872//1528 1859//1528 
f 1862//1528 1873//1528 1761//1528 
f 1845//1528 1843//1528 1767//1528 
f 1866//1528 1864//1528 1767//1528 
f 1767//1528 1764//1528 1874//1528 
f 1764//1528 1875//1528 1876//1528 
f 1764//1528 1877//1528 1878//1528 
f 1764//1528 1879//1528 1880//1528 
f 1756//1528 1881//1528 1882//1528 
f 1756//1528 1883//1528 1848//1528 
f 1756//1528 1884//1528 1885//1528 
f 1756//1528 1886//1528 1887//1528 
f 1761//1528 1888//1528 1889//1528 
f 1834//1528 1832//1528 1761//1528 
f 1854//1528 1827//1528 1852//1528 
f 1827//1528 1854//1528 1828//1528 
f 1871//1528 1869//1528 1868//1528 
f 1756//1528 1890//1528 1857//1528 
f 1873//1528 1872//1528 1761//1528 
f 1865//1528 1863//1528 1767//1528 
f 1767//1528 1891//1528 1892//1528 
f 1764//1528 1893//1528 1874//1528 
f 1876//1528 1894//1528 1764//1528 
f 1764//1528 1895//1528 1896//1528 
f 1764//1528 1897//1528 1898//1528 
f 1880//1528 1877//1528 1764//1528 
f 1756//1528 1899//1528 1881//1528 
f 1756//1528 1900//1528 1901//1528 
f 1756//1528 1902//1528 1903//1528 
f 1756//1528 1904//1528 1905//1528 
f 1761//1528 1906//1528 1907//1528 
f 1885//1528 1883//1528 1756//1528 
f 1756//1528 1908//1528 1886//1528 
f 1831//1528 1888//1528 1761//1528 
f 1839//1528 1868//1528 1838//1528 
f 1868//1528 1909//1528 1910//1528 
f 1841//1528 1868//1528 1756//1528 
f 1761//1528 1911//1528 1912//1528 
f 1842//1528 1861//1528 1761//1528 
f 1767//1528 1913//1528 1891//1528 
f 1894//1528 1893//1528 1764//1528 
f 1898//1528 1895//1528 1764//1528 
f 1764//1528 1914//1528 1879//1528 
f 1901//1528 1899//1528 1756//1528 
f 1756//1528 1915//1528 1902//1528 
f 1756//1528 1916//1528 1904//1528 
f 1907//1528 1756//1528 1761//1528 
f 1761//1528 1917//1528 1918//1528 
f 1887//1528 1884//1528 1756//1528 
f 1756//1528 1868//1528 1919//1528 
f 1867//1528 1819//1528 1817//1528 
f 1870//1528 1909//1528 1868//1528 
f 1860//1528 1911//1528 1761//1528 
f 1874//1528 1913//1528 1767//1528 
f 1764//1528 1920//1528 1921//1528 
f 1878//1528 1897//1528 1764//1528 
f 1903//1528 1900//1528 1756//1528 
f 1756//1528 1922//1528 1923//1528 
f 1907//1528 1916//1528 1756//1528 
f 1918//1528 1924//1528 1761//1528 
f 1919//1528 1908//1528 1756//1528 
f 1910//1528 1838//1528 1868//1528 
f 1892//1528 1846//1528 1767//1528 
f 1896//1528 1920//1528 1764//1528 
f 1923//1528 1915//1528 1756//1528 
f 1924//1528 1906//1528 1761//1528 
f 1889//1528 1917//1528 1761//1528 
f 1921//1528 1875//1528 1764//1528 
f 1905//1528 1922//1528 1756//1528 
f 1912//1528 1817//1528 1761//1528 
f 1849//1528 1914//1528 1764//1528 
f 1882//1528 1890//1528 1756//1528 
o mesh43
f 1913//1529 1874//1530 1925//1530 
f 1891//1531 1913//1529 1926//1532 
f 1892//1533 1891//1531 1927//1534 
f 1846//1535 1892//1533 1928//1536 
f 1847//1537 1846//1535 1929//1538 
f 1866//1539 1847//1537 1930//1540 
f 1864//1541 1866//1539 1931//1542 
f 1865//1543 1864//1541 1932//1544 
f 1863//1545 1865//1543 1933//1546 
f 1863//1545 1934//1545 1935//1547 
f 1935//1547 1844//1548 1863//1545 
f 1845//1549 1844//1548 1936//1548 
f 1843//1550 1845//1549 1937//1549 
f 1829//1551 1843//1550 1938//1550 
f 1810//1552 1829//1551 1939//1551 
f 1940//1552 1941//1553 1811//1554 
f 1941//1553 1813//1553 1811//1554 
f 1842//1555 1813//1553 1941//1553 
f 1861//1556 1842//1555 1942//1555 
f 1862//1557 1861//1556 1943//1556 
f 1873//1558 1862//1557 1944//1557 
f 1872//1559 1873//1558 1945//1560 
f 1873//1558 1946//1561 1945//1560 
f 1859//1562 1872//1559 1947//1563 
f 1860//1564 1859//1562 1948//1565 
f 1911//1566 1860//1564 1949//1567 
f 1912//1568 1911//1566 1950//1569 
f 1817//1570 1912//1568 1951//1571 
f 1853//1572 1817//1570 1952//1573 
f 1854//1574 1853//1572 1953//1575 
f 1828//1576 1854//1574 1954//1577 
f 1826//1578 1828//1576 1955//1579 
f 1855//1580 1826//1578 1956//1581 
f 1821//1582 1855//1580 1957//1583 
f 1839//1584 1821//1582 1958//1585 
f 1868//1586 1839//1584 1959//1587 
f 1919//1588 1868//1586 1960//1589 
f 1908//1590 1919//1588 1961//1591 
f 1886//1592 1908//1590 1962//1593 
f 1887//1594 1886//1592 1963//1595 
f 1884//1596 1887//1594 1964//1597 
f 1885//1598 1884//1596 1965//1599 
f 1883//1600 1885//1598 1966//1601 
f 1848//1602 1883//1600 1967//1603 
f 1849//1604 1848//1602 1968//1605 
f 1914//1606 1849//1604 1969//1607 
f 1879//1608 1914//1606 1970//1609 
f 1880//1610 1879//1608 1971//1611 
f 1877//1612 1880//1610 1972//1613 
f 1878//1614 1877//1612 1973//1615 
f 1897//1616 1878//1614 1974//1617 
f 1898//1618 1897//1616 1975//1619 
f 1895//1620 1898//1618 1976//1621 
f 1896//1622 1895//1620 1977//1623 
f 1920//1624 1896//1622 1978//1625 
f 1921//1626 1920//1624 1979//1627 
f 1875//1628 1921//1626 1980//1629 
f 1876//1630 1875//1628 1981//1631 
f 1894//1632 1876//1630 1982//1633 
f 1893//1634 1894//1632 1983//1635 
f 1874//1530 1893//1634 1984//1634 
f 1984//1634 1925//1530 1874//1530 
f 1983//1635 1984//1634 1893//1634 
f 1982//1633 1983//1635 1894//1632 
f 1981//1631 1982//1633 1876//1630 
f 1980//1629 1981//1631 1875//1628 
f 1979//1627 1980//1629 1921//1626 
f 1978//1625 1979//1627 1920//1624 
f 1977//1623 1978//1625 1896//1622 
f 1976//1621 1977//1623 1895//1620 
f 1975//1619 1976//1621 1898//1618 
f 1974//1617 1975//1619 1897//1616 
f 1973//1615 1974//1617 1878//1614 
f 1972//1613 1973//1615 1877//1612 
f 1971//1611 1972//1613 1880//1610 
f 1970//1609 1971//1611 1879//1608 
f 1969//1607 1970//1609 1914//1606 
f 1968//1605 1969//1607 1849//1604 
f 1967//1603 1968//1605 1848//1602 
f 1966//1601 1967//1603 1883//1600 
f 1965//1599 1966//1601 1885//1598 
f 1964//1597 1965//1599 1884//1596 
f 1963//1595 1964//1597 1887//1594 
f 1962//1593 1963//1595 1886//1592 
f 1961//1591 1962//1593 1908//1590 
f 1960//1589 1961//1591 1919//1588 
f 1959//1587 1960//1589 1868//1586 
f 1958//1585 1959//1587 1839//1584 
f 1957//1583 1958//1585 1821//1582 
f 1956//1581 1957//1583 1855//1580 
f 1955//1579 1956//1581 1826//1578 
f 1954//1577 1955//1579 1828//1576 
f 1953//1575 1954//1577 1854//1574 
f 1952//1573 1953//1575 1853//1572 
f 1951//1571 1952//1573 1817//1570 
f 1950//1569 1951//1571 1912//1568 
f 1949//1567 1950//1569 1911//1566 
f 1948//1565 1949//1567 1860//1564 
f 1947//1563 1948//1565 1859//1562 
f 1945//1560 1947//1563 1872//1559 
f 1944//1557 1946//1561 1873//1558 
f 1943//1556 1944//1557 1862//1557 
f 1942//1555 1943//1556 1861//1556 
f 1941//1553 1942//1555 1842//1555 
f 1811//1554 1810//1552 1940//1552 
f 1939//1551 1940//1552 1810//1552 
f 1938//1550 1939//1551 1829//1551 
f 1937//1549 1938//1550 1843//1550 
f 1936//1548 1937//1549 1845//1549 
f 1935//1547 1936//1548 1844//1548 
f 1933//1546 1934//1545 1863//1545 
f 1932//1544 1933//1546 1865//1543 
f 1931//1542 1932//1544 1864//1541 
f 1930//1540 1931//1542 1866//1539 
f 1929//1538 1930//1540 1847//1537 
f 1928//1536 1929//1538 1846//1535 
f 1927//1534 1928//1536 1892//1533 
f 1926//1532 1927//1534 1891//1531 
f 1925//1530 1926//1532 1913//1529 
o mesh44
f 1827//1636 1825//1637 1985//1637 
f 1852//1638 1827//1636 1986//1639 
f 1867//1640 1852//1638 1987//1641 
f 1819//1642 1867//1640 1988//1643 
f 1820//1644 1819//1642 1989//1645 
f 1837//1646 1820//1644 1990//1647 
f 1835//1648 1837//1646 1991//1649 
f 1836//1650 1835//1648 1992//1651 
f 1818//1652 1836//1650 1993//1653 
f 1818//1652 1994//1652 1995//1654 
f 1995//1654 1815//1655 1818//1652 
f 1816//1656 1815//1655 1996//1655 
f 1814//1657 1816//1656 1997//1656 
f 1812//1658 1814//1657 1998//1657 
f 1807//1659 1812//1658 1999//1658 
f 2000//1659 2001//1660 1808//1661 
f 2001//1660 1809//1660 1808//1661 
f 1834//1662 1809//1660 2001//1660 
f 1832//1663 1834//1662 2002//1662 
f 1833//1664 1832//1663 2003//1663 
f 1851//1665 1833//1664 2004//1664 
f 1850//1666 1851//1665 2005//1667 
f 1851//1665 2006//1668 2005//1667 
f 1830//1669 1850//1666 2007//1670 
f 1831//1671 1830//1669 2008//1672 
f 1888//1673 1831//1671 2009//1674 
f 1889//1675 1888//1673 2010//1676 
f 1917//1677 1889//1675 2011//1678 
f 1918//1679 1917//1677 2012//1680 
f 1924//1681 1918//1679 2013//1682 
f 1906//1683 1924//1681 2014//1684 
f 1907//1685 1906//1683 2015//1686 
f 1916//1687 1907//1685 2016//1688 
f 1904//1689 1916//1687 2017//1690 
f 1905//1691 1904//1689 2018//1692 
f 1922//1693 1905//1691 2019//1694 
f 1923//1695 1922//1693 2020//1696 
f 1915//1697 1923//1695 2021//1698 
f 1902//1699 1915//1697 2022//1700 
f 1903//1701 1902//1699 2023//1702 
f 1900//1703 1903//1701 2024//1704 
f 1901//1705 1900//1703 2025//1706 
f 1899//1707 1901//1705 2026//1708 
f 1881//1709 1899//1707 2027//1710 
f 1882//1711 1881//1709 2028//1712 
f 1890//1713 1882//1711 2029//1714 
f 1857//1715 1890//1713 2030//1716 
f 1858//1717 1857//1715 2031//1718 
f 1856//1719 1858//1717 2032//1720 
f 1840//1721 1856//1719 2033//1722 
f 1841//1723 1840//1721 2034//1724 
f 1871//1725 1841//1723 2035//1726 
f 1869//1727 1871//1725 2036//1728 
f 1870//1729 1869//1727 2037//1730 
f 1909//1731 1870//1729 2038//1732 
f 1910//1733 1909//1731 2039//1734 
f 1838//1735 1910//1733 2040//1736 
f 1822//1737 1838//1735 2041//1738 
f 1823//1739 1822//1737 2042//1740 
f 1824//1741 1823//1739 2043//1742 
f 1825//1637 1824//1741 2044//1741 
f 2044//1741 1985//1637 1825//1637 
f 2043//1742 2044//1741 1824//1741 
f 2042//1740 2043//1742 1823//1739 
f 2041//1738 2042//1740 1822//1737 
f 2040//1736 2041//1738 1838//1735 
f 2039//1734 2040//1736 1910//1733 
f 2038//1732 2039//1734 1909//1731 
f 2037//1730 2038//1732 1870//1729 
f 2036//1728 2037//1730 1869//1727 
f 2035//1726 2036//1728 1871//1725 
f 2034//1724 2035//1726 1841//1723 
f 2033//1722 2034//1724 1840//1721 
f 2032//1720 2033//1722 1856//1719 
f 2031//1718 2032//1720 1858//1717 
f 2030//1716 2031//1718 1857//1715 
f 2029//1714 2030//1716 1890//1713 
f 2028//1712 2029//1714 1882//1711 
f 2027//1710 2028//1712 1881//1709 
f 2026//1708 2027//1710 1899//1707 
f 2025//1706 2026//1708 1901//1705 
f 2024//1704 2025//1706 1900//1703 
f 2023//1702 2024//1704 1903//1701 
f 2022//1700 2023//1702 1902//1699 
f 2021//1698 2022//1700 1915//1697 
f 2020//1696 2021//1698 1923//1695 
f 2019//1694 2020//1696 1922//1693 
f 2018//1692 2019//1694 1905//1691 
f 2017//1690 2018//1692 1904//1689 
f 2016//1688 2017//1690 1916//1687 
f 2015//1686 2016//1688 1907//1685 
f 2014//1684 2015//1686 1906//1683 
f 2013//1682 2014//1684 1924//1681 
f 2012//1680 2013//1682 1918//1679 
f 2011//1678 2012//1680 1917//1677 
f 2010//1676 2011//1678 1889//1675 
f 2009//1674 2010//1676 1888//1673 
f 2008//1672 2009//1674 1831//1671 
f 2007//1670 2008//1672 1830//1669 
f 2005//1667 2007//1670 1850//1666 
f 2004//1664 2006//1668 1851//1665 
f 2003//1663 2004//1664 1833//1664 
f 2002//1662 2003//1663 1832//1663 
f 2001//1660 2002//1662 1834//1662 
f 1808//1661 1807//1659 2000//1659 
f 1999//1658 2000//1659 1807//1659 
f 1998//1657 1999//1658 1812//1658 
f 1997//1656 1998//1657 1814//1657 
f 1996//1655 1997//1656 1816//1656 
f 1995//1654 1996//1655 1815//1655 
f 1993//1653 1994//1652 1818//1652 
f 1992//1651 1993//1653 1836//1650 
f 1991//1649 1992//1651 1835//1648 
f 1990//1647 1991//1649 1837//1646 
f 1989//1645 1990//1647 1820//1644 
f 1988//1643 1989//1645 1819//1642 
f 1987//1641 1988//1643 1867//1640 
f 1986//1639 1987//1641 1852//1638 
f 1985//1637 1986//1639 1827//1636 
o mesh45
f 2401//1743 543//1743 334//1743 
f 334//1743 1743//1743 2401//1743 
f 1743//1743 1742//1743 2402//1743 
f 1738//1743 2045//1743 2046//1743 
f 1738//1743 2047//1743 2048//1743 
f 2403//1743 2049//1743 2047//1743 
f 1742//1743 2050//1743 2051//1743 
f 2048//1743 2045//1743 1738//1743 
f 2403//1743 2052//1743 2049//1743 
f 2403//1743 2053//1743 2054//1743 
f 2402//1743 2055//1743 2056//1743 
f 2402//1743 1742//1743 2057//1743 
f 1742//1743 2058//1743 2050//1743 
f 1738//1743 2059//1743 2060//1743 
f 2047//1743 1738//1743 2403//1743 
f 2403//1743 2061//1743 2053//1743 
f 2402//1743 2062//1743 2055//1743 
f 2402//1743 2063//1743 2064//1743 
f 2051//1743 2057//1743 1742//1743 
f 1742//1743 2065//1743 2066//1743 
f 1742//1743 2067//1743 2068//1743 
f 1742//1743 2069//1743 2070//1743 
f 1738//1743 2071//1743 2059//1743 
f 2054//1743 2052//1743 2403//1743 
f 2403//1743 2072//1743 2073//1743 
f 2402//1743 2074//1743 2075//1743 
f 2402//1743 2076//1743 2077//1743 
f 2064//1743 2062//1743 2402//1743 
f 2066//1743 2058//1743 1742//1743 
f 2068//1743 2078//1743 1742//1743 
f 1742//1743 2079//1743 2069//1743 
f 1742//1743 2080//1743 2081//1743 
f 1738//1743 2082//1743 2083//1743 
f 2046//1743 2071//1743 1738//1743 
f 2403//1743 2084//1743 2085//1743 
f 2073//1743 2086//1743 2403//1743 
f 2402//1743 2087//1743 2088//1743 
f 2402//1743 2089//1743 2090//1743 
f 2077//1743 2074//1743 2402//1743 
f 2056//1743 2091//1743 2402//1743 
f 2078//1743 2065//1743 1742//1743 
f 2081//1743 2079//1743 1742//1743 
f 1738//1743 2092//1743 2093//1743 
f 1738//1743 2094//1743 2095//1743 
f 2060//1743 2082//1743 1738//1743 
f 2086//1743 2084//1743 2403//1743 
f 2403//1743 2096//1743 2097//1743 
f 2090//1743 2087//1743 2402//1743 
f 2091//1743 2076//1743 2402//1743 
f 2070//1743 2067//1743 1742//1743 
f 1742//1743 1738//1743 2098//1743 
f 2095//1743 2092//1743 1738//1743 
f 2085//1743 2061//1743 2403//1743 
f 2403//1743 2099//1743 2100//1743 
f 2097//1743 2101//1743 2403//1743 
f 2403//1743 2402//1743 2102//1743 
f 2075//1743 2089//1743 2402//1743 
f 2098//1743 2080//1743 1742//1743 
f 2083//1743 2094//1743 1738//1743 
f 2101//1743 2099//1743 2403//1743 
f 2088//1743 2102//1743 2402//1743 
f 2093//1743 2098//1743 1738//1743 
f 2102//1743 2096//1743 2403//1743 
f 2100//1743 2072//1743 2403//1743 
f 2403//1743 1738//1743 2103//1743 
f 1738//1743 1744//1743 2103//1743 
f 2401//1743 2404//1743 538//1743 
f 2404//1743 539//1743 538//1743 
f 2401//1743 2402//1743 2405//1743 
f 2403//1743 2104//1743 2105//1743 
f 2403//1743 2106//1743 2107//1743 
f 2105//1743 2108//1743 2403//1743 
f 2403//1743 2406//1743 2109//1743 
f 2403//1743 2110//1743 2111//1743 
f 2108//1743 2106//1743 2403//1743 
f 2109//1743 2112//1743 2403//1743 
f 2406//1743 2113//1743 2114//1743 
f 2402//1743 2115//1743 2116//1743 
f 2111//1743 2117//1743 2403//1743 
f 2112//1743 2104//1743 2403//1743 
f 2406//1743 2118//1743 2113//1743 
f 2402//1743 2119//1743 2115//1743 
f 2402//1743 2120//1743 2121//1743 
f 2402//1743 2122//1743 2123//1743 
f 2403//1743 2124//1743 2110//1743 
f 2114//1743 2109//1743 2406//1743 
f 2405//1743 2125//1743 2126//1743 
f 2402//1743 2127//1743 2128//1743 
f 2121//1743 2119//1743 2402//1743 
f 2402//1743 2129//1743 2122//1743 
f 2107//1743 2124//1743 2403//1743 
f 2406//1743 2130//1743 2131//1743 
f 2405//1743 2132//1743 2133//1743 
f 2405//1743 2134//1743 2125//1743 
f 2128//1743 2405//1743 2402//1743 
f 2116//1743 2135//1743 2402//1743 
f 2123//1743 2136//1743 2402//1743 
f 2402//1743 2137//1743 2138//1743 
f 2403//1743 2139//1743 2140//1743 
f 2131//1743 2118//1743 2406//1743 
f 2406//1743 2141//1743 2142//1743 
f 2406//1743 2143//1743 2144//1743 
f 2405//1743 2145//1743 2132//1743 
f 2128//1743 2134//1743 2405//1743 
f 2136//1743 2120//1743 2402//1743 
f 2138//1743 2146//1743 2402//1743 
f 2402//1743 2147//1743 2148//1743 
f 2403//1743 2149//1743 2147//1743 
f 2403//1743 2150//1743 2139//1743 
f 2142//1743 2130//1743 2406//1743 
f 2406//1743 2151//1743 2152//1743 
f 2144//1743 2153//1743 2406//1743 
f 2405//1743 2154//1743 2155//1743 
f 2133//1743 2156//1743 2405//1743 
f 2126//1743 2157//1743 2405//1743 
f 2146//1743 2129//1743 2402//1743 
f 2147//1743 2402//1743 2403//1743 
f 2117//1743 2150//1743 2403//1743 
f 2153//1743 2151//1743 2406//1743 
f 2406//1743 2158//1743 2159//1743 
f 2405//1743 2160//1743 2158//1743 
f 2405//1743 2161//1743 2154//1743 
f 2157//1743 2145//1743 2405//1743 
f 2148//1743 2137//1743 2402//1743 
f 2152//1743 2141//1743 2406//1743 
f 2158//1743 2406//1743 2405//1743 
f 2156//1743 2161//1743 2405//1743 
f 2140//1743 2149//1743 2403//1743 
f 2155//1743 2160//1743 2405//1743 
f 2159//1743 2143//1743 2406//1743 
f 2403//1743 2162//1743 2163//1743 
f 2163//1743 2406//1743 2403//1743 
f 2404//1743 2407//1743 537//1743 
f 2407//1743 517//1743 537//1743 
f 2404//1743 2164//1743 2165//1743 
f 2404//1743 2166//1743 2167//1743 
f 2404//1743 2405//1743 2168//1743 
f 2404//1743 2169//1743 2164//1743 
f 2404//1743 2170//1743 2166//1743 
f 2168//1743 2171//1743 2404//1743 
f 2408//1743 2407//1743 2172//1743 
f 2407//1743 2173//1743 2174//1743 
f 2404//1743 2175//1743 2169//1743 
f 2171//1743 2170//1743 2404//1743 
f 2405//1743 2176//1743 2177//1743 
f 2405//1743 2178//1743 2179//1743 
f 2408//1743 2180//1743 2181//1743 
f 2408//1743 2182//1743 2183//1743 
f 2172//1743 2184//1743 2408//1743 
f 2407//1743 2185//1743 2173//1743 
f 2407//1743 2186//1743 2187//1743 
f 2167//1743 2175//1743 2404//1743 
f 2179//1743 2176//1743 2405//1743 
f 2183//1743 2180//1743 2408//1743 
f 2184//1743 2188//1743 2408//1743 
f 2407//1743 2189//1743 2185//1743 
f 2187//1743 2190//1743 2407//1743 
f 2404//1743 2191//1743 2192//1743 
f 2177//1743 2168//1743 2405//1743 
f 2188//1743 2182//1743 2408//1743 
f 2407//1743 2193//1743 2189//1743 
f 2407//1743 2194//1743 2186//1743 
f 2404//1743 2195//1743 2196//1743 
f 2165//1743 2191//1743 2404//1743 
f 2405//1743 2197//1743 2198//1743 
f 2405//1743 2199//1743 2200//1743 
f 2408//1743 2201//1743 2202//1743 
f 2174//1743 2172//1743 2407//1743 
f 2407//1743 2203//1743 2194//1743 
f 2192//1743 2195//1743 2404//1743 
f 2200//1743 2197//1743 2405//1743 
f 2408//1743 2204//1743 2201//1743 
f 2408//1743 2205//1743 2206//1743 
f 2190//1743 2193//1743 2407//1743 
f 2404//1743 2207//1743 2208//1743 
f 2198//1743 2178//1743 2405//1743 
f 2202//1743 2405//1743 2408//1743 
f 2181//1743 2205//1743 2408//1743 
f 2407//1743 2209//1743 2210//1743 
f 2196//1743 2207//1743 2404//1743 
f 2405//1743 2211//1743 2212//1743 
f 2408//1743 2213//1743 2204//1743 
f 2210//1743 2203//1743 2407//1743 
f 2404//1743 2214//1743 2215//1743 
f 2212//1743 2199//1743 2405//1743 
f 2206//1743 2213//1743 2408//1743 
f 2407//1743 2216//1743 2217//1743 
f 2404//1743 2218//1743 2219//1743 
f 2208//1743 2214//1743 2404//1743 
f 2405//1743 2220//1743 2221//1743 
f 2217//1743 2209//1743 2407//1743 
f 2219//1743 2407//1743 2404//1743 
f 2221//1743 2211//1743 2405//1743 
f 2219//1743 2216//1743 2407//1743 
f 2202//1743 2220//1743 2405//1743 
f 2405//1743 2406//1743 2409//1743 
f 2222//1743 2223//1743 2224//1743 
f 2406//1743 2225//1743 2226//1743 
f 2224//1743 2406//1743 2222//1743 
f 2406//1743 2227//1743 2225//1743 
f 2222//1743 2228//1743 2223//1743 
f 2222//1743 2229//1743 2230//1743 
f 2231//1743 2232//1743 2233//1743 
f 2231//1743 2409//1743 2234//1743 
f 2406//1743 2235//1743 2227//1743 
f 2230//1743 2228//1743 2222//1743 
f 2222//1743 2236//1743 2237//1743 
f 2222//1743 2238//1743 2239//1743 
f 2240//1743 2241//1743 2242//1743 
f 2240//1743 2243//1743 2244//1743 
f 2245//1743 2243//1743 2240//1743 
f 2231//1743 2246//1743 2247//1743 
f 2234//1743 2232//1743 2231//1743 
f 2409//1743 2248//1743 2249//1743 
f 2224//1743 2235//1743 2406//1743 
f 2239//1743 2236//1743 2222//1743 
f 2244//1743 2241//1743 2240//1743 
f 2247//1743 2245//1743 2231//1743 
f 2409//1743 2250//1743 2234//1743 
f 2249//1743 2251//1743 2409//1743 
f 2406//1743 2252//1743 2253//1743 
f 2237//1743 2229//1743 2222//1743 
f 2240//1743 2231//1743 2245//1743 
f 2409//1743 2254//1743 2250//1743 
f 2409//1743 2255//1743 2248//1743 
f 2406//1743 2256//1743 2257//1743 
f 2226//1743 2252//1743 2406//1743 
f 2222//1743 2258//1743 2259//1743 
f 2222//1743 2260//1743 2261//1743 
f 2233//1743 2246//1743 2231//1743 
f 2409//1743 2262//1743 2255//1743 
f 2253//1743 2256//1743 2406//1743 
f 2261//1743 2258//1743 2222//1743 
f 2222//1743 2240//1743 2263//1743 
f 2240//1743 2264//1743 2265//1743 
f 2240//1743 2266//1743 2267//1743 
f 2251//1743 2254//1743 2409//1743 
f 2406//1743 2268//1743 2269//1743 
f 2259//1743 2238//1743 2222//1743 
f 2265//1743 2263//1743 2240//1743 
f 2242//1743 2266//1743 2240//1743 
f 2409//1743 2270//1743 2271//1743 
f 2257//1743 2268//1743 2406//1743 
f 2222//1743 2272//1743 2273//1743 
f 2240//1743 2274//1743 2264//1743 
f 2271//1743 2262//1743 2409//1743 
f 2406//1743 2275//1743 2276//1743 
f 2273//1743 2260//1743 2222//1743 
f 2267//1743 2274//1743 2240//1743 
f 2409//1743 2277//1743 2278//1743 
f 2409//1743 2406//1743 2279//1743 
f 2269//1743 2275//1743 2406//1743 
f 2222//1743 2280//1743 2281//1743 
f 2278//1743 2270//1743 2409//1743 
f 2406//1743 2282//1743 2279//1743 
f 2281//1743 2272//1743 2222//1743 
f 2279//1743 2277//1743 2409//1743 
f 2263//1743 2280//1743 2222//1743 
f 517//1743 2407//1743 2410//1743 
f 2411//1743 2410//1743 2283//1743 
f 2410//1743 2284//1743 2285//1743 
f 2407//1743 2286//1743 2287//1743 
f 2407//1743 2288//1743 2289//1743 
f 2283//1743 2290//1743 2411//1743 
f 2410//1743 2291//1743 2284//1743 
f 2410//1743 2292//1743 2293//1743 
f 2407//1743 2294//1743 2295//1743 
f 2407//1743 2296//1743 2297//1743 
f 2407//1743 2298//1743 2286//1743 
f 2407//1743 2299//1743 2300//1743 
f 2407//1743 2301//1743 2302//1743 
f 2407//1743 2303//1743 2288//1743 
f 2408//1743 2304//1743 2303//1743 
f 2408//1743 2305//1743 2306//1743 
f 2408//1743 2411//1743 2307//1743 
f 2411//1743 2308//1743 2309//1743 
f 2411//1743 2310//1743 2311//1743 
f 2285//1743 2283//1743 2410//1743 
f 2410//1743 2312//1743 2313//1743 
f 2410//1743 2314//1743 2315//1743 
f 2293//1743 2316//1743 2410//1743 
f 2410//1743 2317//1743 2318//1743 
f 2410//1743 2319//1743 2320//1743 
f 2297//1743 2294//1743 2407//1743 
f 2300//1743 2298//1743 2407//1743 
f 2289//1743 2301//1743 2407//1743 
f 2408//1743 2321//1743 2304//1743 
f 2408//1743 2322//1743 2323//1743 
f 2306//1743 2324//1743 2408//1743 
f 2408//1743 2325//1743 2326//1743 
f 2307//1743 2327//1743 2408//1743 
f 2411//1743 2328//1743 2329//1743 
f 2311//1743 2308//1743 2411//1743 
f 2313//1743 2291//1743 2410//1743 
f 2316//1743 2314//1743 2410//1743 
f 2320//1743 2317//1743 2410//1743 
f 2287//1743 2296//1743 2407//1743 
f 2303//1743 2407//1743 2408//1743 
f 2324//1743 2322//1743 2408//1743 
f 2327//1743 2325//1743 2408//1743 
f 2411//1743 2330//1743 2331//1743 
f 2411//1743 2332//1743 2328//1743 
f 2290//1743 2310//1743 2411//1743 
f 2318//1743 2292//1743 2410//1743 
f 2410//1743 2407//1743 2333//1743 
f 2302//1743 2299//1743 2407//1743 
f 2326//1743 2305//1743 2408//1743 
f 2329//1743 2330//1743 2411//1743 
f 2315//1743 2312//1743 2410//1743 
f 2333//1743 2334//1743 2410//1743 
f 2323//1743 2321//1743 2408//1743 
f 2411//1743 2335//1743 2336//1743 
f 2309//1743 2332//1743 2411//1743 
f 2295//1743 2333//1743 2407//1743 
f 2411//1743 2337//1743 2338//1743 
f 2331//1743 2335//1743 2411//1743 
f 2410//1743 2339//1743 2340//1743 
f 2338//1743 2307//1743 2411//1743 
f 2340//1743 2319//1743 2410//1743 
f 2336//1743 2337//1743 2411//1743 
f 2408//1743 2409//1743 2412//1743 
f 2231//1743 2341//1743 2342//1743 
f 2343//1743 2344//1743 2345//1743 
f 2412//1743 2346//1743 2344//1743 
f 2409//1743 2347//1743 2348//1743 
f 2409//1743 2349//1743 2350//1743 
f 2231//1743 2351//1743 2341//1743 
f 2343//1743 2352//1743 2353//1743 
f 2344//1743 2343//1743 2412//1743 
f 2412//1743 2354//1743 2355//1743 
f 2409//1743 2356//1743 2347//1743 
f 2409//1743 2357//1743 2358//1743 
f 2409//1743 2359//1743 2349//1743 
f 2409//1743 2360//1743 2361//1743 
f 2409//1743 2342//1743 2362//1743 
f 2231//1743 2363//1743 2351//1743 
f 2231//1743 2364//1743 2365//1743 
f 2231//1743 2343//1743 2366//1743 
f 2343//1743 2367//1743 2368//1743 
f 2343//1743 2369//1743 2370//1743 
f 2345//1743 2352//1743 2343//1743 
f 2412//1743 2371//1743 2372//1743 
f 2412//1743 2373//1743 2374//1743 
f 2355//1743 2375//1743 2412//1743 
f 2412//1743 2376//1743 2377//1743 
f 2412//1743 2378//1743 2379//1743 
f 2358//1743 2356//1743 2409//1743 
f 2361//1743 2359//1743 2409//1743 
f 2342//1743 2409//1743 2231//1743 
f 2231//1743 2380//1743 2381//1743 
f 2231//1743 2382//1743 2383//1743 
f 2365//1743 2384//1743 2231//1743 
f 2231//1743 2385//1743 2386//1743 
f 2366//1743 2387//1743 2231//1743 
f 2343//1743 2388//1743 2389//1743 
f 2370//1743 2367//1743 2343//1743 
f 2372//1743 2346//1743 2412//1743 
f 2375//1743 2373//1743 2412//1743 
f 2379//1743 2376//1743 2412//1743 
f 2350//1743 2357//1743 2409//1743 
f 2381//1743 2363//1743 2231//1743 
f 2384//1743 2382//1743 2231//1743 
f 2387//1743 2385//1743 2231//1743 
f 2343//1743 2390//1743 2391//1743 
f 2343//1743 2392//1743 2388//1743 
f 2353//1743 2369//1743 2343//1743 
f 2377//1743 2354//1743 2412//1743 
f 2362//1743 2360//1743 2409//1743 
f 2386//1743 2364//1743 2231//1743 
f 2389//1743 2390//1743 2343//1743 
f 2374//1743 2371//1743 2412//1743 
f 2412//1743 2348//1743 2393//1743 
f 2383//1743 2380//1743 2231//1743 
f 2343//1743 2394//1743 2395//1743 
f 2368//1743 2392//1743 2343//1743 
f 2348//1743 2412//1743 2409//1743 
f 2343//1743 2396//1743 2397//1743 
f 2391//1743 2394//1743 2343//1743 
f 2412//1743 2398//1743 2399//1743 
f 2397//1743 2366//1743 2343//1743 
f 2399//1743 2378//1743 2412//1743 
f 2395//1743 2396//1743 2343//1743 
f 638//1743 625//1743 330//1743 
f 330//1743 2410//1743 638//1743 
f 2410//1743 2411//1743 637//1743 
f 2411//1743 2412//1743 631//1743 
f 631//1743 2412//1743 2400//1743 
f 2412//1743 2343//1743 2400//1743 
f 2400//1743 635//1743 631//1743 
f 631//1743 637//1743 2411//1743 
f 637//1743 638//1743 2410//1743 
f 330//1743 520//1743 2410//1743 
f 2393//1743 2398//1743 2412//1743 
f 2412//1743 2411//1743 2408//1743 
f 2334//1743 2339//1743 2410//1743 
f 2410//1743 520//1743 517//1743 
f 2276//1743 2282//1743 2406//1743 
f 2409//1743 2408//1743 2405//1743 
f 2215//1743 2218//1743 2404//1743 
f 537//1743 539//1743 2404//1743 
f 2163//1743 2222//1743 2406//1743 
f 2135//1743 2127//1743 2402//1743 
f 2405//1743 2404//1743 2401//1743 
f 538//1743 543//1743 2401//1743 
f 2103//1743 2162//1743 2403//1743 
f 2057//1743 2063//1743 2402//1743 
f 2402//1743 2401//1743 1743//1743 
f 334//1743 331//1743 1743//1743 
o mesh46
f 2340//1744 2339//1745 2413//1745 
f 2319//1746 2340//1744 2414//1747 
f 2320//1748 2319//1746 2415//1749 
f 2317//1750 2320//1748 2416//1751 
f 2318//1752 2317//1750 2417//1753 
f 2292//1754 2318//1752 2418//1755 
f 2293//1756 2292//1754 2419//1757 
f 2316//1758 2293//1756 2420//1759 
f 2314//1760 2316//1758 2421//1761 
f 2315//1762 2314//1760 2422//1763 
f 2312//1764 2315//1762 2423//1765 
f 2313//1766 2312//1764 2424//1767 
f 2291//1768 2313//1766 2425//1769 
f 2284//1770 2291//1768 2426//1771 
f 2285//1772 2284//1770 2427//1773 
f 2283//1774 2285//1772 2428//1775 
f 2290//1776 2283//1774 2429//1777 
f 2310//1778 2290//1776 2430//1779 
f 2311//1780 2310//1778 2431//1781 
f 2308//1782 2311//1780 2432//1783 
f 2309//1784 2308//1782 2433//1785 
f 2332//1786 2309//1784 2434//1787 
f 2328//1788 2332//1786 2435//1789 
f 2329//1790 2328//1788 2436//1791 
f 2330//1792 2329//1790 2437//1793 
f 2331//1794 2330//1792 2438//1795 
f 2335//1796 2331//1794 2439//1797 
f 2336//1798 2335//1796 2440//1799 
f 2337//1800 2336//1798 2441//1801 
f 2338//1802 2337//1800 2442//1803 
f 2307//1804 2338//1802 2443//1805 
f 2327//1806 2307//1804 2444//1807 
f 2325//1808 2327//1806 2445//1809 
f 2326//1810 2325//1808 2446//1811 
f 2305//1812 2326//1810 2447//1813 
f 2306//1814 2305//1812 2448//1815 
f 2324//1816 2306//1814 2449//1817 
f 2322//1818 2324//1816 2450//1819 
f 2323//1820 2322//1818 2451//1821 
f 2321//1822 2323//1820 2452//1823 
f 2304//1824 2321//1822 2453//1825 
f 2303//1826 2304//1824 2454//1827 
f 2288//1828 2303//1826 2455//1829 
f 2289//1830 2288//1828 2456//1831 
f 2301//1832 2289//1830 2457//1833 
f 2302//1834 2301//1832 2458//1835 
f 2299//1836 2302//1834 2459//1837 
f 2300//1838 2299//1836 2460//1839 
f 2298//1840 2300//1838 2461//1841 
f 2286//1842 2298//1840 2462//1843 
f 2287//1844 2286//1842 2463//1845 
f 2296//1846 2287//1844 2464//1847 
f 2297//1848 2296//1846 2465//1849 
f 2294//1850 2297//1848 2466//1851 
f 2295//1852 2294//1850 2467//1853 
f 2333//1854 2295//1852 2468//1855 
f 2334//1856 2333//1854 2469//1857 
f 2339//1745 2334//1856 2470//1856 
f 2470//1856 2413//1745 2339//1745 
f 2469//1857 2470//1856 2334//1856 
f 2468//1855 2469//1857 2333//1854 
f 2467//1853 2468//1855 2295//1852 
f 2466//1851 2467//1853 2294//1850 
f 2465//1849 2466//1851 2297//1848 
f 2464//1847 2465//1849 2296//1846 
f 2463//1845 2464//1847 2287//1844 
f 2462//1843 2463//1845 2286//1842 
f 2461//1841 2462//1843 2298//1840 
f 2460//1839 2461//1841 2300//1838 
f 2459//1837 2460//1839 2299//1836 
f 2458//1835 2459//1837 2302//1834 
f 2457//1833 2458//1835 2301//1832 
f 2456//1831 2457//1833 2289//1830 
f 2455//1829 2456//1831 2288//1828 
f 2454//1827 2455//1829 2303//1826 
f 2453//1825 2454//1827 2304//1824 
f 2452//1823 2453//1825 2321//1822 
f 2451//1821 2452//1823 2323//1820 
f 2450//1819 2451//1821 2322//1818 
f 2449//1817 2450//1819 2324//1816 
f 2448//1815 2449//1817 2306//1814 
f 2447//1813 2448//1815 2305//1812 
f 2446//1811 2447//1813 2326//1810 
f 2445//1809 2446//1811 2325//1808 
f 2444//1807 2445//1809 2327//1806 
f 2443//1805 2444//1807 2307//1804 
f 2442//1803 2443//1805 2338//1802 
f 2441//1801 2442//1803 2337//1800 
f 2440//1799 2441//1801 2336//1798 
f 2439//1797 2440//1799 2335//1796 
f 2438//1795 2439//1797 2331//1794 
f 2437//1793 2438//1795 2330//1792 
f 2436//1791 2437//1793 2329//1790 
f 2435//1789 2436//1791 2328//1788 
f 2434//1787 2435//1789 2332//1786 
f 2433//1785 2434//1787 2309//1784 
f 2432//1783 2433//1785 2308//1782 
f 2431//1781 2432//1783 2311//1780 
f 2430//1779 2431//1781 2310//1778 
f 2429//1777 2430//1779 2290//1776 
f 2428//1775 2429//1777 2283//1774 
f 2427//1773 2428//1775 2285//1772 
f 2426//1771 2427//1773 2284//1770 
f 2425//1769 2426//1771 2291//1768 
f 2424//1767 2425//1769 2313//1766 
f 2423//1765 2424//1767 2312//1764 
f 2422//1763 2423//1765 2315//1762 
f 2421//1761 2422//1763 2314//1760 
f 2420//1759 2421//1761 2316//1758 
f 2419//1757 2420//1759 2293//1756 
f 2418//1755 2419//1757 2292//1754 
f 2417//1753 2418//1755 2318//1752 
f 2416//1751 2417//1753 2317//1750 
f 2415//1749 2416//1751 2320//1748 
f 2414//1747 2415//1749 2319//1746 
f 2413//1745 2414//1747 2340//1744 
o mesh47
f 2219//1858 2218//1859 2471//1859 
f 2216//1860 2219//1858 2472//1861 
f 2217//1862 2216//1860 2473//1863 
f 2209//1864 2217//1862 2474//1865 
f 2210//1866 2209//1864 2475//1867 
f 2203//1868 2210//1866 2476//1869 
f 2194//1870 2203//1868 2477//1871 
f 2186//1872 2194//1870 2478//1873 
f 2187//1874 2186//1872 2479//1875 
f 2190//1876 2187//1874 2480//1877 
f 2193//1878 2190//1876 2481//1879 
f 2189//1880 2193//1878 2482//1881 
f 2185//1882 2189//1880 2483//1883 
f 2173//1884 2185//1882 2484//1885 
f 2174//1886 2173//1884 2485//1887 
f 2172//1888 2174//1886 2486//1889 
f 2184//1890 2172//1888 2487//1891 
f 2188//1892 2184//1890 2488//1893 
f 2182//1894 2188//1892 2489//1895 
f 2183//1896 2182//1894 2490//1897 
f 2180//1898 2183//1896 2491//1899 
f 2181//1900 2180//1898 2492//1901 
f 2205//1902 2181//1900 2493//1903 
f 2206//1904 2205//1902 2494//1905 
f 2213//1906 2206//1904 2495//1907 
f 2204//1908 2213//1906 2496//1909 
f 2201//1910 2204//1908 2497//1911 
f 2202//1912 2201//1910 2498//1913 
f 2220//1914 2202//1912 2499//1915 
f 2221//1916 2220//1914 2500//1917 
f 2211//1918 2221//1916 2501//1919 
f 2212//1920 2211//1918 2502//1921 
f 2199//1922 2212//1920 2503//1923 
f 2200//1924 2199//1922 2504//1925 
f 2197//1926 2200//1924 2505//1927 
f 2198//1928 2197//1926 2506//1929 
f 2178//1930 2198//1928 2507//1931 
f 2179//1932 2178//1930 2508//1933 
f 2176//1934 2179//1932 2509//1935 
f 2177//1936 2176//1934 2510//1937 
f 2168//1938 2177//1936 2511//1939 
f 2171//1940 2168//1938 2512//1941 
f 2170//1942 2171//1940 2513//1943 
f 2166//1944 2170//1942 2514//1945 
f 2167//1946 2166//1944 2515//1947 
f 2175//1948 2167//1946 2516//1949 
f 2169//1950 2175//1948 2517//1951 
f 2164//1952 2169//1950 2518//1953 
f 2165//1954 2164//1952 2519//1955 
f 2191//1956 2165//1954 2520//1957 
f 2192//1958 2191//1956 2521//1959 
f 2195//1960 2192//1958 2522//1961 
f 2196//1962 2195//1960 2523//1963 
f 2207//1964 2196//1962 2524//1965 
f 2208//1966 2207//1964 2525//1967 
f 2214//1968 2208//1966 2526//1969 
f 2215//1970 2214//1968 2527//1971 
f 2218//1859 2215//1970 2528//1970 
f 2528//1970 2471//1859 2218//1859 
f 2527//1971 2528//1970 2215//1970 
f 2526//1969 2527//1971 2214//1968 
f 2525//1967 2526//1969 2208//1966 
f 2524//1965 2525//1967 2207//1964 
f 2523//1963 2524//1965 2196//1962 
f 2522//1961 2523//1963 2195//1960 
f 2521//1959 2522//1961 2192//1958 
f 2520//1957 2521//1959 2191//1956 
f 2519//1955 2520//1957 2165//1954 
f 2518//1953 2519//1955 2164//1952 
f 2517//1951 2518//1953 2169//1950 
f 2516//1949 2517//1951 2175//1948 
f 2515//1947 2516//1949 2167//1946 
f 2514//1945 2515//1947 2166//1944 
f 2513//1943 2514//1945 2170//1942 
f 2512//1941 2513//1943 2171//1940 
f 2511//1939 2512//1941 2168//1938 
f 2510//1937 2511//1939 2177//1936 
f 2509//1935 2510//1937 2176//1934 
f 2508//1933 2509//1935 2179//1932 
f 2507//1931 2508//1933 2178//1930 
f 2506//1929 2507//1931 2198//1928 
f 2505//1927 2506//1929 2197//1926 
f 2504//1925 2505//1927 2200//1924 
f 2503//1923 2504//1925 2199//1922 
f 2502//1921 2503//1923 2212//1920 
f 2501//1919 2502//1921 2211//1918 
f 2500//1917 2501//1919 2221//1916 
f 2499//1915 2500//1917 2220//1914 
f 2498//1913 2499//1915 2202//1912 
f 2497//1911 2498//1913 2201//1910 
f 2496//1909 2497//1911 2204//1908 
f 2495//1907 2496//1909 2213//1906 
f 2494//1905 2495//1907 2206//1904 
f 2493//1903 2494//1905 2205//1902 
f 2492//1901 2493//1903 2181//1900 
f 2491//1899 2492//1901 2180//1898 
f 2490//1897 2491//1899 2183//1896 
f 2489//1895 2490//1897 2182//1894 
f 2488//1893 2489//1895 2188//1892 
f 2487//1891 2488//1893 2184//1890 
f 2486//1889 2487//1891 2172//1888 
f 2485//1887 2486//1889 2174//1886 
f 2484//1885 2485//1887 2173//1884 
f 2483//1883 2484//1885 2185//1882 
f 2482//1881 2483//1883 2189//1880 
f 2481//1879 2482//1881 2193//1878 
f 2480//1877 2481//1879 2190//1876 
f 2479//1875 2480//1877 2187//1874 
f 2478//1873 2479//1875 2186//1872 
f 2477//1871 2478//1873 2194//1870 
f 2476//1869 2477//1871 2203//1868 
f 2475//1867 2476//1869 2210//1866 
f 2474//1865 2475//1867 2209//1864 
f 2473//1863 2474//1865 2217//1862 
f 2472//1861 2473//1863 2216//1860 
f 2471//1859 2472//1861 2219//1858 
o mesh48
f 2279//1972 2282//1973 2529//1973 
f 2277//1974 2279//1972 2530//1975 
f 2278//1976 2277//1974 2531//1977 
f 2270//1978 2278//1976 2532//1979 
f 2271//1980 2270//1978 2533//1981 
f 2262//1982 2271//1980 2534//1983 
f 2255//1984 2262//1982 2535//1985 
f 2248//1986 2255//1984 2536//1987 
f 2249//1988 2248//1986 2537//1989 
f 2251//1990 2249//1988 2538//1991 
f 2254//1992 2251//1990 2539//1993 
f 2250//1994 2254//1992 2540//1995 
f 2234//1996 2250//1994 2541//1997 
f 2232//1998 2234//1996 2542//1999 
f 2233//2000 2232//1998 2543//2001 
f 2246//2002 2233//2000 2544//2003 
f 2247//2004 2246//2002 2545//2005 
f 2245//2006 2247//2004 2546//2007 
f 2243//2008 2245//2006 2547//2009 
f 2244//2010 2243//2008 2548//2011 
f 2241//2012 2244//2010 2549//2013 
f 2242//2014 2241//2012 2550//2015 
f 2266//2016 2242//2014 2551//2017 
f 2267//2018 2266//2016 2552//2019 
f 2274//2020 2267//2018 2553//2021 
f 2264//2022 2274//2020 2554//2023 
f 2265//2024 2264//2022 2555//2025 
f 2263//2026 2265//2024 2556//2027 
f 2280//2028 2263//2026 2557//2029 
f 2281//2030 2280//2028 2558//2031 
f 2272//2032 2281//2030 2559//2033 
f 2273//2034 2272//2032 2560//2035 
f 2260//2036 2273//2034 2561//2037 
f 2261//2038 2260//2036 2562//2039 
f 2258//2040 2261//2038 2563//2041 
f 2259//2042 2258//2040 2564//2043 
f 2238//2044 2259//2042 2565//2045 
f 2239//2046 2238//2044 2566//2047 
f 2236//2048 2239//2046 2567//2049 
f 2237//2050 2236//2048 2568//2051 
f 2229//2052 2237//2050 2569//2053 
f 2230//2054 2229//2052 2570//2055 
f 2228//2056 2230//2054 2571//2057 
f 2223//2058 2228//2056 2572//2059 
f 2224//2060 2223//2058 2573//2061 
f 2235//2062 2224//2060 2574//2063 
f 2227//2064 2235//2062 2575//2065 
f 2225//2066 2227//2064 2576//2067 
f 2226//2068 2225//2066 2577//2069 
f 2252//2070 2226//2068 2578//2071 
f 2253//2072 2252//2070 2579//2073 
f 2256//2074 2253//2072 2580//2075 
f 2257//2076 2256//2074 2581//2077 
f 2268//2078 2257//2076 2582//2079 
f 2269//2080 2268//2078 2583//2081 
f 2275//2082 2269//2080 2584//2083 
f 2276//2084 2275//2082 2585//2085 
f 2282//1973 2276//2084 2586//2084 
f 2586//2084 2529//1973 2282//1973 
f 2585//2085 2586//2084 2276//2084 
f 2584//2083 2585//2085 2275//2082 
f 2583//2081 2584//2083 2269//2080 
f 2582//2079 2583//2081 2268//2078 
f 2581//2077 2582//2079 2257//2076 
f 2580//2075 2581//2077 2256//2074 
f 2579//2073 2580//2075 2253//2072 
f 2578//2071 2579//2073 2252//2070 
f 2577//2069 2578//2071 2226//2068 
f 2576//2067 2577//2069 2225//2066 
f 2575//2065 2576//2067 2227//2064 
f 2574//2063 2575//2065 2235//2062 
f 2573//2061 2574//2063 2224//2060 
f 2572//2059 2573//2061 2223//2058 
f 2571//2057 2572//2059 2228//2056 
f 2570//2055 2571//2057 2230//2054 
f 2569//2053 2570//2055 2229//2052 
f 2568//2051 2569//2053 2237//2050 
f 2567//2049 2568//2051 2236//2048 
f 2566//2047 2567//2049 2239//2046 
f 2565//2045 2566//2047 2238//2044 
f 2564//2043 2565//2045 2259//2042 
f 2563//2041 2564//2043 2258//2040 
f 2562//2039 2563//2041 2261//2038 
f 2561//2037 2562//2039 2260//2036 
f 2560//2035 2561//2037 2273//2034 
f 2559//2033 2560//2035 2272//2032 
f 2558//2031 2559//2033 2281//2030 
f 2557//2029 2558//2031 2280//2028 
f 2556//2027 2557//2029 2263//2026 
f 2555//2025 2556//2027 2265//2024 
f 2554//2023 2555//2025 2264//2022 
f 2553//2021 2554//2023 2274//2020 
f 2552//2019 2553//2021 2267//2018 
f 2551//2017 2552//2019 2266//2016 
f 2550//2015 2551//2017 2242//2014 
f 2549//2013 2550//2015 2241//2012 
f 2548//2011 2549//2013 2244//2010 
f 2547//2009 2548//2011 2243//2008 
f 2546//2007 2547//2009 2245//2006 
f 2545//2005 2546//2007 2247//2004 
f 2544//2003 2545//2005 2246//2002 
f 2543//2001 2544//2003 2233//2000 
f 2542//1999 2543//2001 2232//1998 
f 2541//1997 2542//1999 2234//1996 
f 2540//1995 2541//1997 2250//1994 
f 2539//1993 2540//1995 2254//1992 
f 2538//1991 2539//1993 2251//1990 
f 2537//1989 2538//1991 2249//1988 
f 2536//1987 2537//1989 2248//1986 
f 2535//1985 2536//1987 2255//1984 
f 2534//1983 2535//1985 2262//1982 
f 2533//1981 2534//1983 2271//1980 
f 2532//1979 2533//1981 2270//1978 
f 2531//1977 2532//1979 2278//1976 
f 2530//1975 2531//1977 2277//1974 
f 2529//1973 2530//1975 2279//1972 
o mesh49
f 2399//2086 2398//2087 2587//2087 
f 2378//2088 2399//2086 2588//2089 
f 2379//2090 2378//2088 2589//2091 
f 2376//2092 2379//2090 2590//2093 
f 2377//2094 2376//2092 2591//2095 
f 2354//2096 2377//2094 2592//2097 
f 2355//2098 2354//2096 2593//2099 
f 2375//2100 2355//2098 2594//2101 
f 2373//2102 2375//2100 2595//2103 
f 2374//2104 2373//2102 2596//2105 
f 2371//2106 2374//2104 2597//2107 
f 2372//2108 2371//2106 2598//2109 
f 2346//2110 2372//2108 2599//2111 
f 2344//2112 2346//2110 2600//2113 
f 2345//2114 2344//2112 2601//2115 
f 2352//2116 2345//2114 2602//2117 
f 2353//2118 2352//2116 2603//2119 
f 2369//2120 2353//2118 2604//2121 
f 2370//2122 2369//2120 2605//2123 
f 2367//2124 2370//2122 2606//2125 
f 2368//2126 2367//2124 2607//2127 
f 2392//2128 2368//2126 2608//2129 
f 2388//2130 2392//2128 2609//2131 
f 2389//2132 2388//2130 2610//2133 
f 2390//2134 2389//2132 2611//2135 
f 2391//2136 2390//2134 2612//2137 
f 2394//2138 2391//2136 2613//2139 
f 2395//2140 2394//2138 2614//2141 
f 2396//2142 2395//2140 2615//2143 
f 2397//2144 2396//2142 2616//2145 
f 2366//2146 2397//2144 2617//2147 
f 2387//2148 2366//2146 2618//2149 
f 2385//2150 2387//2148 2619//2151 
f 2386//2152 2385//2150 2620//2153 
f 2364//2154 2386//2152 2621//2155 
f 2365//2156 2364//2154 2622//2157 
f 2384//2158 2365//2156 2623//2159 
f 2382//2160 2384//2158 2624//2161 
f 2383//2162 2382//2160 2625//2163 
f 2380//2164 2383//2162 2626//2165 
f 2381//2166 2380//2164 2627//2167 
f 2363//2168 2381//2166 2628//2169 
f 2351//2170 2363//2168 2629//2171 
f 2341//2172 2351//2170 2630//2173 
f 2342//2174 2341//2172 2631//2175 
f 2362//2176 2342//2174 2632//2177 
f 2360//2178 2362//2176 2633//2179 
f 2361//2180 2360//2178 2634//2181 
f 2359//2182 2361//2180 2635//2183 
f 2349//2184 2359//2182 2636//2185 
f 2350//2186 2349//2184 2637//2187 
f 2357//2188 2350//2186 2638//2189 
f 2358//2190 2357//2188 2639//2191 
f 2356//2192 2358//2190 2640//2193 
f 2347//2194 2356//2192 2641//2195 
f 2348//2196 2347//2194 2642//2197 
f 2393//2198 2348//2196 2643//2199 
f 2398//2087 2393//2198 2644//2198 
f 2644//2198 2587//2087 2398//2087 
f 2643//2199 2644//2198 2393//2198 
f 2642//2197 2643//2199 2348//2196 
f 2641//2195 2642//2197 2347//2194 
f 2640//2193 2641//2195 2356//2192 
f 2639//2191 2640//2193 2358//2190 
f 2638//2189 2639//2191 2357//2188 
f 2637//2187 2638//2189 2350//2186 
f 2636//2185 2637//2187 2349//2184 
f 2635//2183 2636//2185 2359//2182 
f 2634//2181 2635//2183 2361//2180 
f 2633//2179 2634//2181 2360//2178 
f 2632//2177 2633//2179 2362//2176 
f 2631//2175 2632//2177 2342//2174 
f 2630//2173 2631//2175 2341//2172 
f 2629//2171 2630//2173 2351//2170 
f 2628//2169 2629//2171 2363//2168 
f 2627//2167 2628//2169 2381//2166 
f 2626//2165 2627//2167 2380//2164 
f 2625//2163 2626//2165 2383//2162 
f 2624//2161 2625//2163 2382//2160 
f 2623//2159 2624//2161 2384//2158 
f 2622//2157 2623//2159 2365//2156 
f 2621//2155 2622//2157 2364//2154 
f 2620//2153 2621//2155 2386//2152 
f 2619//2151 2620//2153 2385//2150 
f 2618//2149 2619//2151 2387//2148 
f 2617//2147 2618//2149 2366//2146 
f 2616//2145 2617//2147 2397//2144 
f 2615//2143 2616//2145 2396//2142 
f 2614//2141 2615//2143 2395//2140 
f 2613//2139 2614//2141 2394//2138 
f 2612//2137 2613//2139 2391//2136 
f 2611//2135 2612//2137 2390//2134 
f 2610//2133 2611//2135 2389//2132 
f 2609//2131 2610//2133 2388//2130 
f 2608//2129 2609//2131 2392//2128 
f 2607//2127 2608//2129 2368//2126 
f 2606//2125 2607//2127 2367//2124 
f 2605//2123 2606//2125 2370//2122 
f 2604//2121 2605//2123 2369//2120 
f 2603//2119 2604//2121 2353//2118 
f 2602//2117 2603//2119 2352//2116 
f 2601//2115 2602//2117 2345//2114 
f 2600//2113 2601//2115 2344//2112 
f 2599//2111 2600//2113 2346//2110 
f 2598//2109 2599//2111 2372//2108 
f 2597//2107 2598//2109 2371//2106 
f 2596//2105 2597//2107 2374//2104 
f 2595//2103 2596//2105 2373//2102 
f 2594//2101 2595//2103 2375//2100 
f 2593//2099 2594//2101 2355//2098 
f 2592//2097 2593//2099 2354//2096 
f 2591//2095 2592//2097 2377//2094 
f 2590//2093 2591//2095 2376//2092 
f 2589//2091 2590//2093 2379//2090 
f 2588//2089 2589//2091 2378//2088 
f 2587//2087 2588//2089 2399//2086 
o mesh50
f 2064//2200 2063//2201 2645//2201 
f 2062//2202 2064//2200 2646//2203 
f 2055//2204 2062//2202 2647//2205 
f 2056//2206 2055//2204 2648//2207 
f 2091//2208 2056//2206 2649//2209 
f 2076//2210 2091//2208 2650//2211 
f 2077//2212 2076//2210 2651//2213 
f 2074//2214 2077//2212 2652//2215 
f 2075//2216 2074//2214 2653//2217 
f 2089//2218 2075//2216 2654//2219 
f 2090//2220 2089//2218 2655//2221 
f 2087//2222 2090//2220 2656//2223 
f 2088//2224 2087//2222 2657//2225 
f 2102//2226 2088//2224 2658//2227 
f 2096//2228 2102//2226 2659//2229 
f 2097//2230 2096//2228 2660//2231 
f 2101//2232 2097//2230 2661//2233 
f 2099//2234 2101//2232 2662//2235 
f 2100//2236 2099//2234 2663//2237 
f 2072//2238 2100//2236 2664//2239 
f 2073//2240 2072//2238 2665//2241 
f 2086//2242 2073//2240 2666//2243 
f 2084//2244 2086//2242 2667//2245 
f 2085//2246 2084//2244 2668//2247 
f 2061//2248 2085//2246 2669//2249 
f 2053//2250 2061//2248 2670//2251 
f 2054//2252 2053//2250 2671//2253 
f 2052//2254 2054//2252 2672//2255 
f 2049//2256 2052//2254 2673//2257 
f 2047//2258 2049//2256 2674//2259 
f 2048//2260 2047//2258 2675//2261 
f 2045//2262 2048//2260 2676//2263 
f 2046//2264 2045//2262 2677//2265 
f 2071//2266 2046//2264 2678//2267 
f 2059//2268 2071//2266 2679//2269 
f 2060//2270 2059//2268 2680//2271 
f 2082//2272 2060//2270 2681//2273 
f 2083//2274 2082//2272 2682//2275 
f 2094//2276 2083//2274 2683//2277 
f 2095//2278 2094//2276 2684//2279 
f 2092//2280 2095//2278 2685//2281 
f 2093//2282 2092//2280 2686//2283 
f 2098//2284 2093//2282 2687//2285 
f 2080//2286 2098//2284 2688//2287 
f 2081//2288 2080//2286 2689//2289 
f 2079//2290 2081//2288 2690//2291 
f 2069//2292 2079//2290 2691//2293 
f 2070//2294 2069//2292 2692//2295 
f 2067//2296 2070//2294 2693//2297 
f 2068//2298 2067//2296 2694//2299 
f 2078//2300 2068//2298 2695//2301 
f 2065//2302 2078//2300 2696//2303 
f 2066//2304 2065//2302 2697//2305 
f 2058//2306 2066//2304 2698//2307 
f 2050//2308 2058//2306 2699//2309 
f 2051//2310 2050//2308 2700//2311 
f 2057//2312 2051//2310 2701//2313 
f 2063//2201 2057//2312 2702//2312 
f 2702//2312 2645//2201 2063//2201 
f 2701//2313 2702//2312 2057//2312 
f 2700//2311 2701//2313 2051//2310 
f 2699//2309 2700//2311 2050//2308 
f 2698//2307 2699//2309 2058//2306 
f 2697//2305 2698//2307 2066//2304 
f 2696//2303 2697//2305 2065//2302 
f 2695//2301 2696//2303 2078//2300 
f 2694//2299 2695//2301 2068//2298 
f 2693//2297 2694//2299 2067//2296 
f 2692//2295 2693//2297 2070//2294 
f 2691//2293 2692//2295 2069//2292 
f 2690//2291 2691//2293 2079//2290 
f 2689//2289 2690//2291 2081//2288 
f 2688//2287 2689//2289 2080//2286 
f 2687//2285 2688//2287 2098//2284 
f 2686//2283 2687//2285 2093//2282 
f 2685//2281 2686//2283 2092//2280 
f 2684//2279 2685//2281 2095//2278 
f 2683//2277 2684//2279 2094//2276 
f 2682//2275 2683//2277 2083//2274 
f 2681//2273 2682//2275 2082//2272 
f 2680//2271 2681//2273 2060//2270 
f 2679//2269 2680//2271 2059//2268 
f 2678//2267 2679//2269 2071//2266 
f 2677//2265 2678//2267 2046//2264 
f 2676//2263 2677//2265 2045//2262 
f 2675//2261 2676//2263 2048//2260 
f 2674//2259 2675//2261 2047//2258 
f 2673//2257 2674//2259 2049//2256 
f 2672//2255 2673//2257 2052//2254 
f 2671//2253 2672//2255 2054//2252 
f 2670//2251 2671//2253 2053//2250 
f 2669//2249 2670//2251 2061//2248 
f 2668//2247 2669//2249 2085//2246 
f 2667//2245 2668//2247 2084//2244 
f 2666//2243 2667//2245 2086//2242 
f 2665//2241 2666//2243 2073//2240 
f 2664//2239 2665//2241 2072//2238 
f 2663//2237 2664//2239 2100//2236 
f 2662//2235 2663//2237 2099//2234 
f 2661//2233 2662//2235 2101//2232 
f 2660//2231 2661//2233 2097//2230 
f 2659//2229 2660//2231 2096//2228 
f 2658//2227 2659//2229 2102//2226 
f 2657//2225 2658//2227 2088//2224 
f 2656//2223 2657//2225 2087//2222 
f 2655//2221 2656//2223 2090//2220 
f 2654//2219 2655//2221 2089//2218 
f 2653//2217 2654//2219 2075//2216 
f 2652//2215 2653//2217 2074//2214 
f 2651//2213 2652//2215 2077//2212 
f 2650//2211 2651//2213 2076//2210 
f 2649//2209 2650//2211 2091//2208 
f 2648//2207 2649//2209 2056//2206 
f 2647//2205 2648//2207 2055//2204 
f 2646//2203 2647//2205 2062//2202 
f 2645//2201 2646//2203 2064//2200 
o mesh51
f 2128//2314 2127//2315 2703//2315 
f 2134//2316 2128//2314 2704//2317 
f 2125//2318 2134//2316 2705//2319 
f 2126//2320 2125//2318 2706//2321 
f 2157//2322 2126//2320 2707//2323 
f 2145//2324 2157//2322 2708//2325 
f 2132//2326 2145//2324 2709//2327 
f 2133//2328 2132//2326 2710//2329 
f 2156//2330 2133//2328 2711//2331 
f 2161//2332 2156//2330 2712//2333 
f 2154//2334 2161//2332 2713//2335 
f 2155//2336 2154//2334 2714//2337 
f 2160//2338 2155//2336 2715//2339 
f 2158//2340 2160//2338 2716//2341 
f 2159//2342 2158//2340 2717//2343 
f 2143//2344 2159//2342 2718//2345 
f 2144//2346 2143//2344 2719//2347 
f 2153//2348 2144//2346 2720//2349 
f 2151//2350 2153//2348 2721//2351 
f 2152//2352 2151//2350 2722//2353 
f 2141//2354 2152//2352 2723//2355 
f 2142//2356 2141//2354 2724//2357 
f 2130//2358 2142//2356 2725//2359 
f 2131//2360 2130//2358 2726//2361 
f 2118//2362 2131//2360 2727//2363 
f 2113//2364 2118//2362 2728//2365 
f 2114//2366 2113//2364 2729//2367 
f 2109//2368 2114//2366 2730//2369 
f 2112//2370 2109//2368 2731//2371 
f 2104//2372 2112//2370 2732//2373 
f 2105//2374 2104//2372 2733//2375 
f 2108//2376 2105//2374 2734//2377 
f 2106//2378 2108//2376 2735//2379 
f 2107//2380 2106//2378 2736//2381 
f 2124//2382 2107//2380 2737//2383 
f 2110//2384 2124//2382 2738//2385 
f 2111//2386 2110//2384 2739//2387 
f 2117//2388 2111//2386 2740//2389 
f 2150//2390 2117//2388 2741//2391 
f 2139//2392 2150//2390 2742//2393 
f 2140//2394 2139//2392 2743//2395 
f 2149//2396 2140//2394 2744//2397 
f 2147//2398 2149//2396 2745//2399 
f 2148//2400 2147//2398 2746//2401 
f 2137//2402 2148//2400 2747//2403 
f 2138//2404 2137//2402 2748//2405 
f 2146//2406 2138//2404 2749//2407 
f 2129//2408 2146//2406 2750//2409 
f 2122//2410 2129//2408 2751//2411 
f 2123//2412 2122//2410 2752//2413 
f 2136//2414 2123//2412 2753//2415 
f 2120//2416 2136//2414 2754//2417 
f 2121//2418 2120//2416 2755//2419 
f 2119//2420 2121//2418 2756//2421 
f 2115//2422 2119//2420 2757//2423 
f 2116//2424 2115//2422 2758//2425 
f 2135//2426 2116//2424 2759//2427 
f 2127//2315 2135//2426 2760//2426 
f 2760//2426 2703//2315 2127//2315 
f 2759//2427 2760//2426 2135//2426 
f 2758//2425 2759//2427 2116//2424 
f 2757//2423 2758//2425 2115//2422 
f 2756//2421 2757//2423 2119//2420 
f 2755//2419 2756//2421 2121//2418 
f 2754//2417 2755//2419 2120//2416 
f 2753//2415 2754//2417 2136//2414 
f 2752//2413 2753//2415 2123//2412 
f 2751//2411 2752//2413 2122//2410 
f 2750//2409 2751//2411 2129//2408 
f 2749//2407 2750//2409 2146//2406 
f 2748//2405 2749//2407 2138//2404 
f 2747//2403 2748//2405 2137//2402 
f 2746//2401 2747//2403 2148//2400 
f 2745//2399 2746//2401 2147//2398 
f 2744//2397 2745//2399 2149//2396 
f 2743//2395 2744//2397 2140//2394 
f 2742//2393 2743//2395 2139//2392 
f 2741//2391 2742//2393 2150//2390 
f 2740//2389 2741//2391 2117//2388 
f 2739//2387 2740//2389 2111//2386 
f 2738//2385 2739//2387 2110//2384 
f 2737//2383 2738//2385 2124//2382 
f 2736//2381 2737//2383 2107//2380 
f 2735//2379 2736//2381 2106//2378 
f 2734//2377 2735//2379 2108//2376 
f 2733//2375 2734//2377 2105//2374 
f 2732//2373 2733//2375 2104//2372 
f 2731//2371 2732//2373 2112//2370 
f 2730//2369 2731//2371 2109//2368 
f 2729//2367 2730//2369 2114//2366 
f 2728//2365 2729//2367 2113//2364 
f 2727//2363 2728//2365 2118//2362 
f 2726//2361 2727//2363 2131//2360 
f 2725//2359 2726//2361 2130//2358 
f 2724//2357 2725//2359 2142//2356 
f 2723//2355 2724//2357 2141//2354 
f 2722//2353 2723//2355 2152//2352 
f 2721//2351 2722//2353 2151//2350 
f 2720//2349 2721//2351 2153//2348 
f 2719//2347 2720//2349 2144//2346 
f 2718//2345 2719//2347 2143//2344 
f 2717//2343 2718//2345 2159//2342 
f 2716//2341 2717//2343 2158//2340 
f 2715//2339 2716//2341 2160//2338 
f 2714//2337 2715//2339 2155//2336 
f 2713//2335 2714//2337 2154//2334 
f 2712//2333 2713//2335 2161//2332 
f 2711//2331 2712//2333 2156//2330 
f 2710//2329 2711//2331 2133//2328 
f 2709//2327 2710//2329 2132//2326 
f 2708//2325 2709//2327 2145//2324 
f 2707//2323 2708//2325 2157//2322 
f 2706//2321 2707//2323 2126//2320 
f 2705//2319 2706//2321 2125//2318 
f 2704//2317 2705//2319 2134//2316 
f 2703//2315 2704//2317 2128//2314 
o mesh52
f 2770//2428 1215//2428 1214//2428 
f 2771//2428 2770//2428 2772//2428 
f 2773//2428 2771//2428 2774//2428 
f 2775//2428 542//2428 541//2428 
f 541//2428 2776//2428 2775//2428 
f 2775//2428 2776//2428 2773//2428 
f 2777//2428 2760//2428 2759//2428 
f 2777//2428 2773//2428 2704//2428 
f 2777//2428 2757//2428 2756//2428 
f 2759//2428 2758//2428 2777//2428 
f 2773//2428 2705//2428 2704//2428 
f 2758//2428 2757//2428 2777//2428 
f 2704//2428 2703//2428 2777//2428 
f 2773//2428 2708//2428 2707//2428 
f 2703//2428 2760//2428 2777//2428 
f 2707//2428 2706//2428 2773//2428 
f 2773//2428 2712//2428 2711//2428 
f 2778//2428 2735//2428 2734//2428 
f 2777//2428 2754//2428 2753//2428 
f 2706//2428 2705//2428 2773//2428 
f 2711//2428 2710//2428 2773//2428 
f 2778//2428 2736//2428 2735//2428 
f 2778//2428 2738//2428 2737//2428 
f 2778//2428 2741//2428 2740//2428 
f 2753//2428 2752//2428 2777//2428 
f 2773//2428 2709//2428 2708//2428 
f 2773//2428 2713//2428 2712//2428 
f 2737//2428 2736//2428 2778//2428 
f 2778//2428 2742//2428 2741//2428 
f 2777//2428 2755//2428 2754//2428 
f 2710//2428 2709//2428 2773//2428 
f 2773//2428 2716//2428 2715//2428 
f 2779//2428 2731//2428 2730//2428 
f 2734//2428 2733//2428 2778//2428 
f 2740//2428 2739//2428 2778//2428 
f 2778//2428 2745//2428 2744//2428 
f 2777//2428 2750//2428 2749//2428 
f 2756//2428 2755//2428 2777//2428 
f 2715//2428 2714//2428 2773//2428 
f 2730//2428 2729//2428 2779//2428 
f 2778//2428 2732//2428 2731//2428 
f 2739//2428 2738//2428 2778//2428 
f 2744//2428 2743//2428 2778//2428 
f 2778//2428 2747//2428 2746//2428 
f 2777//2428 2748//2428 2747//2428 
f 2777//2428 2751//2428 2750//2428 
f 2714//2428 2713//2428 2773//2428 
f 2773//2428 2718//2428 2717//2428 
f 2779//2428 2719//2428 2718//2428 
f 2779//2428 2721//2428 2720//2428 
f 2779//2428 2728//2428 2727//2428 
f 2731//2428 2779//2428 2778//2428 
f 2743//2428 2742//2428 2778//2428 
f 2747//2428 2778//2428 2777//2428 
f 2752//2428 2751//2428 2777//2428 
f 2718//2428 2773//2428 2779//2428 
f 2779//2428 2722//2428 2721//2428 
f 2779//2428 2724//2428 2723//2428 
f 2779//2428 2726//2428 2725//2428 
f 2729//2428 2728//2428 2779//2428 
f 2746//2428 2745//2428 2778//2428 
f 2717//2428 2716//2428 2773//2428 
f 2723//2428 2722//2428 2779//2428 
f 2727//2428 2726//2428 2779//2428 
f 2749//2428 2748//2428 2777//2428 
f 2725//2428 2724//2428 2779//2428 
f 2720//2428 2719//2428 2779//2428 
f 2778//2428 2779//2428 2761//2428 
f 2779//2428 2762//2428 2761//2428 
f 1741//2428 2702//2428 2701//2428 
f 2777//2428 2645//2428 2702//2428 
f 2777//2428 2647//2428 2646//2428 
f 2701//2428 2700//2428 1741//2428 
f 2646//2428 2645//2428 2777//2428 
f 2777//2428 2650//2428 2649//2428 
f 2702//2428 1741//2428 2777//2428 
f 2649//2428 2648//2428 2777//2428 
f 2648//2428 2647//2428 2777//2428 
f 2778//2428 1739//2428 2675//2428 
f 1739//2428 2677//2428 2676//2428 
f 1741//2428 2699//2428 2698//2428 
f 2777//2428 2651//2428 2650//2428 
f 2777//2428 2653//2428 2652//2428 
f 2777//2428 2655//2428 2654//2428 
f 2676//2428 2675//2428 1739//2428 
f 1739//2428 2679//2428 2678//2428 
f 1739//2428 2682//2428 2681//2428 
f 1741//2428 2696//2428 2695//2428 
f 2700//2428 2699//2428 1741//2428 
f 2654//2428 2653//2428 2777//2428 
f 2678//2428 2677//2428 1739//2428 
f 2681//2428 2680//2428 1739//2428 
f 1741//2428 2694//2428 2693//2428 
f 1741//2428 2697//2428 2696//2428 
f 2652//2428 2651//2428 2777//2428 
f 2777//2428 2658//2428 2657//2428 
f 2680//2428 2679//2428 1739//2428 
f 1739//2428 2684//2428 2683//2428 
f 1739//2428 2686//2428 2685//2428 
f 1739//2428 2688//2428 2687//2428 
f 1741//2428 2691//2428 2690//2428 
f 2693//2428 2692//2428 1741//2428 
f 2698//2428 2697//2428 1741//2428 
f 2657//2428 2656//2428 2777//2428 
f 2683//2428 2682//2428 1739//2428 
f 2687//2428 2686//2428 1739//2428 
f 2692//2428 2691//2428 1741//2428 
f 2656//2428 2655//2428 2777//2428 
f 2778//2428 2662//2428 2661//2428 
f 2685//2428 2684//2428 1739//2428 
f 1739//2428 1741//2428 2689//2428 
f 2695//2428 2694//2428 1741//2428 
f 2777//2428 2660//2428 2659//2428 
f 2661//2428 2777//2428 2778//2428 
f 2778//2428 2667//2428 2666//2428 
f 2778//2428 2672//2428 2671//2428 
f 2689//2428 2688//2428 1739//2428 
f 2659//2428 2658//2428 2777//2428 
f 2778//2428 2663//2428 2662//2428 
f 2778//2428 2665//2428 2664//2428 
f 2778//2428 2668//2428 2667//2428 
f 2778//2428 2670//2428 2669//2428 
f 2778//2428 2673//2428 2672//2428 
f 2690//2428 2689//2428 1741//2428 
f 2664//2428 2663//2428 2778//2428 
f 2669//2428 2668//2428 2778//2428 
f 2778//2428 2674//2428 2673//2428 
f 2661//2428 2660//2428 2777//2428 
f 2671//2428 2670//2428 2778//2428 
f 2666//2428 2665//2428 2778//2428 
f 1739//2428 2778//2428 1806//2428 
f 2763//2428 1804//2428 1806//2428 
f 1806//2428 2778//2428 2763//2428 
f 2775//2428 2777//2428 972//2428 
f 1741//2428 987//2428 972//2428 
f 972//2428 2777//2428 1741//2428 
f 548//2428 542//2428 2775//2428 
f 540//2428 324//2428 323//2428 
f 288//2428 2514//2428 2513//2428 
f 288//2428 2515//2428 2514//2428 
f 288//2428 2517//2428 2516//2428 
f 2516//2428 2515//2428 288//2428 
f 2773//2428 288//2428 2512//2428 
f 288//2428 2518//2428 2517//2428 
f 287//2428 2771//2428 2486//2428 
f 2773//2428 2510//2428 2509//2428 
f 2512//2428 2511//2428 2773//2428 
f 288//2428 2519//2428 2518//2428 
f 288//2428 2521//2428 2520//2428 
f 2486//2428 2485//2428 287//2428 
f 2771//2428 2489//2428 2488//2428 
f 2511//2428 2510//2428 2773//2428 
f 2520//2428 2519//2428 288//2428 
f 287//2428 2481//2428 2480//2428 
f 2771//2428 2487//2428 2486//2428 
f 2771//2428 2490//2428 2489//2428 
f 2771//2428 2492//2428 2491//2428 
f 2513//2428 2512//2428 288//2428 
f 288//2428 2523//2428 2522//2428 
f 287//2428 2482//2428 2481//2428 
f 2485//2428 2484//2428 287//2428 
f 2491//2428 2490//2428 2771//2428 
f 2771//2428 2494//2428 2493//2428 
f 2773//2428 2506//2428 2505//2428 
f 2773//2428 2508//2428 2507//2428 
f 2522//2428 2521//2428 288//2428 
f 288//2428 2525//2428 2524//2428 
f 2480//2428 2479//2428 287//2428 
f 2484//2428 2483//2428 287//2428 
f 2493//2428 2492//2428 2771//2428 
f 2507//2428 2506//2428 2773//2428 
f 2524//2428 2523//2428 288//2428 
f 2479//2428 2478//2428 287//2428 
f 2488//2428 2487//2428 2771//2428 
f 2771//2428 2773//2428 2499//2428 
f 2509//2428 2508//2428 2773//2428 
f 288//2428 2527//2428 2526//2428 
f 2483//2428 2482//2428 287//2428 
f 2771//2428 2496//2428 2495//2428 
f 2499//2428 2498//2428 2771//2428 
f 2773//2428 2504//2428 2503//2428 
f 2526//2428 2525//2428 288//2428 
f 287//2428 2477//2428 2476//2428 
f 2495//2428 2494//2428 2771//2428 
f 2773//2428 2500//2428 2499//2428 
f 2505//2428 2504//2428 2773//2428 
f 287//2428 2474//2428 2473//2428 
f 2478//2428 2477//2428 287//2428 
f 2498//2428 2497//2428 2771//2428 
f 2773//2428 2502//2428 2501//2428 
f 288//2428 2528//2428 2527//2428 
f 288//2428 2473//2428 2472//2428 
f 287//2428 2475//2428 2474//2428 
f 2497//2428 2496//2428 2771//2428 
f 2503//2428 2502//2428 2773//2428 
f 2472//2428 2471//2428 288//2428 
f 2780//2428 2771//2428 287//2428 
f 2476//2428 2475//2428 287//2428 
f 2471//2428 2528//2428 288//2428 
f 2776//2428 323//2428 288//2428 
f 2473//2428 288//2428 287//2428 
f 288//2428 2773//2428 2776//2428 
f 2501//2428 2500//2428 2773//2428 
f 253//2428 252//2428 519//2428 
f 519//2428 2780//2428 253//2428 
f 518//2428 521//2428 779//2428 
f 2771//2428 780//2428 2456//2428 
f 784//2428 2421//2428 2420//2428 
f 784//2428 2428//2428 2427//2428 
f 2770//2428 2429//2428 2428//2428 
f 2771//2428 2446//2428 2445//2428 
f 2771//2428 2450//2428 2449//2428 
f 780//2428 2457//2428 2456//2428 
f 784//2428 2417//2428 2416//2428 
f 784//2428 2419//2428 2418//2428 
f 784//2428 2422//2428 2421//2428 
f 784//2428 2424//2428 2423//2428 
f 784//2428 2426//2428 2425//2428 
f 2428//2428 784//2428 2770//2428 
f 2445//2428 2770//2428 2771//2428 
f 2771//2428 2448//2428 2447//2428 
f 2771//2428 2451//2428 2450//2428 
f 2771//2428 2453//2428 2452//2428 
f 2771//2428 2455//2428 2454//2428 
f 780//2428 2458//2428 2457//2428 
f 780//2428 2465//2428 2464//2428 
f 2418//2428 2417//2428 784//2428 
f 2423//2428 2422//2428 784//2428 
f 2427//2428 2426//2428 784//2428 
f 2770//2428 2431//2428 2430//2428 
f 2447//2428 2446//2428 2771//2428 
f 2452//2428 2451//2428 2771//2428 
f 2456//2428 2455//2428 2771//2428 
f 780//2428 2460//2428 2459//2428 
f 780//2428 2462//2428 2461//2428 
f 2464//2428 2463//2428 780//2428 
f 780//2428 2467//2428 2466//2428 
f 780//2428 2469//2428 2468//2428 
f 2420//2428 2419//2428 784//2428 
f 2430//2428 2429//2428 2770//2428 
f 2770//2428 2433//2428 2432//2428 
f 2770//2428 2435//2428 2434//2428 
f 2770//2428 2438//2428 2437//2428 
f 2449//2428 2448//2428 2771//2428 
f 2459//2428 2458//2428 780//2428 
f 2463//2428 2462//2428 780//2428 
f 2468//2428 2467//2428 780//2428 
f 2425//2428 2424//2428 784//2428 
f 2434//2428 2433//2428 2770//2428 
f 2437//2428 2436//2428 2770//2428 
f 2770//2428 2440//2428 2439//2428 
f 2454//2428 2453//2428 2771//2428 
f 2466//2428 2465//2428 780//2428 
f 2432//2428 2431//2428 2770//2428 
f 2439//2428 2438//2428 2770//2428 
f 2770//2428 2444//2428 2443//2428 
f 2461//2428 2460//2428 780//2428 
f 784//2428 2470//2428 2469//2428 
f 784//2428 2415//2428 2414//2428 
f 2436//2428 2435//2428 2770//2428 
f 2445//2428 2444//2428 2770//2428 
f 784//2428 2413//2428 2470//2428 
f 2416//2428 2415//2428 784//2428 
f 2770//2428 2442//2428 2441//2428 
f 2469//2428 780//2428 784//2428 
f 2441//2428 2440//2428 2770//2428 
f 2414//2428 2413//2428 784//2428 
f 2780//2428 779//2428 780//2428 
f 780//2428 2771//2428 2780//2428 
f 784//2428 785//2428 1215//2428 
f 2772//2428 1214//2428 1216//2428 
f 2772//2428 1305//2428 2601//2428 
f 2772//2428 2595//2428 2594//2428 
f 1305//2428 2602//2428 2601//2428 
f 1256//2428 2624//2428 2623//2428 
f 1256//2428 2631//2428 2630//2428 
f 2774//2428 2632//2428 2631//2428 
f 2772//2428 2591//2428 2590//2428 
f 2772//2428 2593//2428 2592//2428 
f 2772//2428 2596//2428 2595//2428 
f 2772//2428 2598//2428 2597//2428 
f 2772//2428 2600//2428 2599//2428 
f 1305//2428 2603//2428 2602//2428 
f 1256//2428 2620//2428 2619//2428 
f 1256//2428 2622//2428 2621//2428 
f 1256//2428 2625//2428 2624//2428 
f 1256//2428 2627//2428 2626//2428 
f 1256//2428 2629//2428 2628//2428 
f 2631//2428 1256//2428 2774//2428 
f 2774//2428 2639//2428 2638//2428 
f 2774//2428 2772//2428 2642//2428 
f 2592//2428 2591//2428 2772//2428 
f 2597//2428 2596//2428 2772//2428 
f 2601//2428 2600//2428 2772//2428 
f 1305//2428 2605//2428 2604//2428 
f 2621//2428 2620//2428 1256//2428 
f 2626//2428 2625//2428 1256//2428 
f 2630//2428 2629//2428 1256//2428 
f 2774//2428 2634//2428 2633//2428 
f 2774//2428 2636//2428 2635//2428 
f 2638//2428 2637//2428 2774//2428 
f 2774//2428 2641//2428 2640//2428 
f 2772//2428 2643//2428 2642//2428 
f 2594//2428 2593//2428 2772//2428 
f 2604//2428 2603//2428 1305//2428 
f 1305//2428 2607//2428 2606//2428 
f 1305//2428 2609//2428 2608//2428 
f 1305//2428 2612//2428 2611//2428 
f 2623//2428 2622//2428 1256//2428 
f 2633//2428 2632//2428 2774//2428 
f 2637//2428 2636//2428 2774//2428 
f 2642//2428 2641//2428 2774//2428 
f 2599//2428 2598//2428 2772//2428 
f 2608//2428 2607//2428 1305//2428 
f 2611//2428 2610//2428 1305//2428 
f 1305//2428 2614//2428 2613//2428 
f 1305//2428 1256//2428 2618//2428 
f 2628//2428 2627//2428 1256//2428 
f 2640//2428 2639//2428 2774//2428 
f 2606//2428 2605//2428 1305//2428 
f 2613//2428 2612//2428 1305//2428 
f 2618//2428 2617//2428 1305//2428 
f 2635//2428 2634//2428 2774//2428 
f 2772//2428 2589//2428 2588//2428 
f 2610//2428 2609//2428 1305//2428 
f 2619//2428 2618//2428 1256//2428 
f 2772//2428 2587//2428 2644//2428 
f 2590//2428 2589//2428 2772//2428 
f 1305//2428 2616//2428 2615//2428 
f 2644//2428 2643//2428 2772//2428 
f 2615//2428 2614//2428 1305//2428 
f 2764//2428 2774//2428 1256//2428 
f 2588//2428 2587//2428 2772//2428 
f 2617//2428 2616//2428 1305//2428 
f 2765//2428 2572//2428 2571//2428 
f 2765//2428 2573//2428 2572//2428 
f 2765//2428 2575//2428 2574//2428 
f 2574//2428 2573//2428 2765//2428 
f 2779//2428 2576//2428 2575//2428 
f 2766//2428 2544//2428 2543//2428 
f 2575//2428 2765//2428 2779//2428 
f 2543//2428 2774//2428 2766//2428 
f 2766//2428 2547//2428 2546//2428 
f 2765//2428 2568//2428 2567//2428 
f 2765//2428 2570//2428 2569//2428 
f 2779//2428 2577//2428 2576//2428 
f 2779//2428 2579//2428 2578//2428 
f 2774//2428 2539//2428 2538//2428 
f 2766//2428 2545//2428 2544//2428 
f 2766//2428 2548//2428 2547//2428 
f 2766//2428 2550//2428 2549//2428 
f 2569//2428 2568//2428 2765//2428 
f 2578//2428 2577//2428 2779//2428 
f 2774//2428 2540//2428 2539//2428 
f 2543//2428 2542//2428 2774//2428 
f 2549//2428 2548//2428 2766//2428 
f 2766//2428 2552//2428 2551//2428 
f 2571//2428 2570//2428 2765//2428 
f 2779//2428 2581//2428 2580//2428 
f 2538//2428 2537//2428 2774//2428 
f 2542//2428 2541//2428 2774//2428 
f 2551//2428 2550//2428 2766//2428 
f 2765//2428 2564//2428 2563//2428 
f 2765//2428 2566//2428 2565//2428 
f 2580//2428 2579//2428 2779//2428 
f 2779//2428 2583//2428 2582//2428 
f 2537//2428 2536//2428 2774//2428 
f 2546//2428 2545//2428 2766//2428 
f 2565//2428 2564//2428 2765//2428 
f 2582//2428 2581//2428 2779//2428 
f 2541//2428 2540//2428 2774//2428 
f 2766//2428 2554//2428 2553//2428 
f 2766//2428 2557//2428 2556//2428 
f 2567//2428 2566//2428 2765//2428 
f 2779//2428 2585//2428 2584//2428 
f 2774//2428 2535//2428 2534//2428 
f 2553//2428 2552//2428 2766//2428 
f 2766//2428 2558//2428 2557//2428 
f 2765//2428 2562//2428 2561//2428 
f 2584//2428 2583//2428 2779//2428 
f 2536//2428 2535//2428 2774//2428 
f 2556//2428 2555//2428 2766//2428 
f 2766//2428 2765//2428 2559//2428 
f 2563//2428 2562//2428 2765//2428 
f 2779//2428 2529//2428 2586//2428 
f 2774//2428 2531//2428 2530//2428 
f 2774//2428 2533//2428 2532//2428 
f 2555//2428 2554//2428 2766//2428 
f 2765//2428 2560//2428 2559//2428 
f 2586//2428 2585//2428 2779//2428 
f 2530//2428 2779//2428 2774//2428 
f 2534//2428 2533//2428 2774//2428 
f 2561//2428 2560//2428 2765//2428 
f 2532//2428 2531//2428 2774//2428 
f 2767//2428 2768//2428 2766//2428 
f 2530//2428 2529//2428 2779//2428 
f 2774//2428 2764//2428 2767//2428 
f 2762//2428 2779//2428 2765//2428 
f 2766//2428 2774//2428 2767//2428 
f 2559//2428 2558//2428 2766//2428 
f 2765//2428 2769//2428 2762//2428 
f 1256//2428 1255//2428 2764//2428 
f 1216//2428 1305//2428 2772//2428 
f 1215//2428 2770//2428 784//2428 
f 2443//2428 2442//2428 2770//2428 
f 779//2428 2780//2428 518//2428 
f 519//2428 518//2428 2780//2428 
f 287//2428 253//2428 2780//2428 
f 323//2428 2776//2428 540//2428 
f 2775//2428 951//2428 548//2428 
f 972//2428 951//2428 2775//2428 
f 1806//2428 1740//2428 1739//2428 
f 2675//2428 2674//2428 2778//2428 
f 2761//2428 2763//2428 2778//2428 
f 2733//2428 2732//2428 2778//2428 
f 2773//2428 2777//2428 2775//2428 
f 541//2428 540//2428 2776//2428 
f 2774//2428 2779//2428 2773//2428 
f 2772//2428 2774//2428 2771//2428 
f 1214//2428 2772//2428 2770//2428 
o mesh53
f 2781//2429 2782//2429 2783//2430 
f 2783//2430 2784//2431 2781//2429 
f 2785//2432 2784//2431 2786//2431 
f 2786//2431 2787//2433 2785//2432 
f 2788//2434 2785//2432 2789//2435 
f 2789//2435 2790//2436 2788//2434 
f 2791//2437 2788//2434 2792//2438 
f 2792//2438 2793//2439 2791//2437 
f 2794//2440 2791//2437 2795//2441 
f 2795//2441 2796//2442 2794//2440 
f 2797//2443 2794//2440 2798//2444 
f 2798//2444 2799//2445 2797//2443 
f 2800//2446 2797//2443 2801//2447 
f 2802//2448 2800//2446 2803//2449 
f 2804//2450 2802//2448 2805//2451 
f 2806//2452 2804//2450 2807//2453 
f 2808//2454 2806//2452 2809//2455 
f 2810//2456 2808//2454 2811//2457 
f 2812//2458 2810//2456 2813//2459 
f 2814//2460 2812//2458 2815//2461 
f 2768//2462 2814//2460 2816//2463 
f 2816//2463 2766//2462 2768//2462 
f 2815//2461 2816//2463 2814//2460 
f 2813//2459 2815//2461 2812//2458 
f 2811//2457 2813//2459 2810//2456 
f 2809//2455 2811//2457 2808//2454 
f 2807//2453 2809//2455 2806//2452 
f 2805//2451 2807//2453 2804//2450 
f 2803//2449 2805//2451 2802//2448 
f 2801//2447 2803//2449 2800//2446 
f 2799//2445 2801//2447 2797//2443 
f 2796//2442 2798//2444 2794//2440 
f 2793//2439 2795//2441 2791//2437 
f 2790//2436 2792//2438 2788//2434 
f 2787//2433 2789//2435 2785//2432 
f 2783//2430 2786//2431 2784//2431 
o mesh54
f 2817//2464 2783//2464 2782//2465 
f 2782//2465 2818//2465 2817//2464 
f 2819//2466 2786//2466 2783//2464 
f 2820//2467 2787//2467 2786//2466 
f 2786//2466 2819//2466 2820//2467 
f 2821//2468 2789//2468 2787//2467 
f 2822//2469 2790//2469 2789//2468 
f 2789//2468 2821//2468 2822//2469 
f 2823//2470 2792//2470 2790//2469 
f 2824//2471 2793//2471 2792//2470 
f 2792//2470 2823//2470 2824//2471 
f 2825//2472 2795//2472 2793//2471 
f 2826//2473 2796//2473 2795//2472 
f 2795//2472 2825//2472 2826//2473 
f 2827//2474 2798//2474 2796//2473 
f 2828//2475 2799//2475 2798//2474 
f 2798//2474 2827//2474 2828//2475 
f 2829//2476 2801//2476 2799//2475 
f 2830//2477 2803//2477 2801//2476 
f 2805//2478 2803//2477 2830//2477 
f 2807//2479 2805//2478 2831//2478 
f 2832//2480 2809//2480 2807//2479 
f 2833//2481 2811//2481 2809//2480 
f 2813//2482 2811//2481 2833//2481 
f 2834//2483 2815//2483 2813//2482 
f 2816//2484 2815//2483 2834//2483 
f 2765//2485 2766//2485 2816//2484 
f 2816//2484 2835//2484 2765//2485 
f 2834//2483 2835//2484 2816//2484 
f 2813//2482 2836//2486 2834//2483 
f 2833//2481 2836//2486 2813//2482 
f 2809//2480 2832//2480 2833//2481 
f 2807//2479 2837//2487 2832//2480 
f 2831//2478 2837//2487 2807//2479 
f 2830//2477 2831//2478 2805//2478 
f 2801//2476 2829//2476 2830//2477 
f 2828//2475 2829//2476 2799//2475 
f 2826//2473 2827//2474 2796//2473 
f 2824//2471 2825//2472 2793//2471 
f 2822//2469 2823//2470 2790//2469 
f 2820//2467 2821//2468 2787//2467 
f 2817//2464 2819//2466 2783//2464 
o mesh55
f 2782//2488 2838//2488 2839//2488 
f 2839//2488 2840//2488 2782//2488 
f 2782//2488 2841//2488 2838//2488 
f 2782//2488 2781//2488 2841//2488 
f 2839//2488 2842//2488 2840//2488 
o mesh56
f 2843//2489 2840//2489 2842//2489 
f 2842//2489 2844//2489 2843//2489 
o mesh57
f 2818//2490 2845//2490 2846//2490 
f 2818//2490 2843//2490 2847//2490 
f 2847//2490 2845//2490 2818//2490 
f 2843//2490 2844//2490 2847//2490 
f 2846//2490 2848//2490 2818//2490 
o mesh58
f 2769//2489 2765//2489 2835//2491 
f 2849//2491 2835//2491 2834//2492 
f 2850//2492 2834//2492 2836//2493 
f 2851//2493 2836//2493 2833//2494 
f 2852//2494 2833//2494 2832//2495 
f 2853//2495 2832//2495 2837//2496 
f 2854//2496 2837//2496 2831//2497 
f 2855//2497 2831//2497 2830//2498 
f 2856//2498 2830//2498 2829//2499 
f 2857//2499 2828//2500 2827//2501 
f 2857//2499 2829//2499 2828//2500 
f 2858//2501 2826//2502 2825//2503 
f 2858//2501 2827//2501 2826//2502 
f 2859//2503 2824//2504 2823//2505 
f 2859//2503 2825//2503 2824//2504 
f 2860//2505 2822//2506 2821//2507 
f 2860//2505 2823//2505 2822//2506 
f 2861//2507 2820//2508 2819//2509 
f 2861//2507 2821//2507 2820//2508 
f 2848//2510 2862//2509 2817//2511 
f 2862//2509 2819//2509 2817//2511 
f 2817//2511 2818//2510 2848//2510 
f 2819//2509 2862//2509 2861//2507 
f 2821//2507 2861//2507 2860//2505 
f 2823//2505 2860//2505 2859//2503 
f 2825//2503 2859//2503 2858//2501 
f 2827//2501 2858//2501 2857//2499 
f 2829//2499 2857//2499 2856//2498 
f 2830//2498 2856//2498 2855//2497 
f 2831//2497 2855//2497 2854//2496 
f 2837//2496 2854//2496 2853//2495 
f 2832//2495 2853//2495 2852//2494 
f 2833//2494 2852//2494 2851//2493 
f 2836//2493 2851//2493 2850//2492 
f 2834//2492 2850//2492 2849//2491 
f 2835//2491 2849//2491 2769//2489 
o mesh59
f 634//2512 635//2512 2400//2512 
f 632//2512 634//2512 2981//2512 
f 633//2512 632//2512 2982//2512 
f 636//2512 633//2512 2983//2512 
f 2103//2512 1998//2512 1997//2512 
f 2103//2512 2000//2512 1999//2512 
f 1744//2512 2001//2512 2000//2512 
f 1744//2512 2003//2512 2002//2512 
f 1999//2512 1998//2512 2103//2512 
f 2002//2512 2001//2512 1744//2512 
f 2000//2512 2103//2512 1744//2512 
f 1744//2512 2006//2512 2004//2512 
f 2103//2512 1996//2512 1995//2512 
f 2004//2512 2003//2512 1744//2512 
f 1997//2512 1996//2512 2103//2512 
f 1744//2512 1758//2512 2005//2512 
f 2005//2512 2006//2512 1744//2512 
f 1757//2512 2030//2512 2029//2512 
f 2029//2512 2028//2512 1757//2512 
f 1757//2512 2984//2512 2031//2512 
f 2984//2512 2033//2512 2032//2512 
f 2984//2512 2035//2512 2034//2512 
f 2031//2512 2030//2512 1757//2512 
f 2034//2512 2033//2512 2984//2512 
f 2984//2512 2037//2512 2036//2512 
f 2984//2512 2039//2512 2038//2512 
f 2032//2512 2031//2512 2984//2512 
f 2038//2512 2037//2512 2984//2512 
f 1757//2512 2027//2512 2026//2512 
f 2036//2512 2035//2512 2984//2512 
f 1757//2512 2025//2512 2024//2512 
f 2028//2512 2027//2512 1757//2512 
f 2984//2512 2041//2512 2040//2512 
f 2984//2512 2043//2512 2042//2512 
f 2984//2512 2985//2512 1985//2512 
f 2024//2512 2023//2512 1757//2512 
f 2040//2512 2039//2512 2984//2512 
f 2984//2512 2044//2512 2043//2512 
f 2985//2512 1986//2512 1985//2512 
f 2985//2512 1989//2512 1988//2512 
f 2985//2512 1991//2512 1990//2512 
f 1758//2512 2014//2512 2013//2512 
f 1757//2512 2017//2512 2016//2512 
f 1757//2512 2022//2512 2021//2512 
f 2026//2512 2025//2512 1757//2512 
f 1985//2512 2044//2512 2984//2512 
f 1988//2512 1987//2512 2985//2512 
f 2985//2512 1992//2512 1991//2512 
f 2985//2512 1994//2512 1993//2512 
f 1758//2512 2010//2512 2009//2512 
f 1758//2512 2015//2512 2014//2512 
f 2016//2512 1758//2512 1757//2512 
f 1757//2512 2020//2512 2019//2512 
f 2023//2512 2022//2512 1757//2512 
f 1987//2512 1986//2512 2985//2512 
f 1993//2512 1992//2512 2985//2512 
f 2009//2512 2008//2512 1758//2512 
f 2016//2512 2015//2512 1758//2512 
f 2019//2512 2018//2512 1757//2512 
f 2042//2512 2041//2512 2984//2512 
f 2985//2512 1995//2512 1994//2512 
f 2008//2512 2007//2512 1758//2512 
f 1758//2512 2012//2512 2011//2512 
f 2018//2512 2017//2512 1757//2512 
f 1990//2512 1989//2512 2985//2512 
f 2011//2512 2010//2512 1758//2512 
f 2021//2512 2020//2512 1757//2512 
f 2013//2512 2012//2512 1758//2512 
f 1766//2512 2984//2512 1757//2512 
f 1765//2512 1769//2512 2984//2512 
f 2984//2512 1970//2512 1969//2512 
f 1969//2512 1968//2512 2984//2512 
f 2984//2512 1769//2512 1971//2512 
f 1769//2512 1973//2512 1972//2512 
f 1769//2512 1975//2512 1974//2512 
f 1971//2512 1970//2512 2984//2512 
f 1974//2512 1973//2512 1769//2512 
f 1769//2512 1977//2512 1976//2512 
f 1769//2512 1979//2512 1978//2512 
f 1972//2512 1971//2512 1769//2512 
f 1978//2512 1977//2512 1769//2512 
f 2984//2512 1967//2512 1966//2512 
f 1976//2512 1975//2512 1769//2512 
f 2984//2512 1965//2512 1964//2512 
f 1968//2512 1967//2512 2984//2512 
f 1769//2512 1981//2512 1980//2512 
f 1769//2512 1983//2512 1982//2512 
f 1769//2512 1768//2512 1925//2512 
f 2985//2512 1950//2512 1949//2512 
f 2985//2512 1954//2512 1953//2512 
f 2984//2512 1957//2512 1956//2512 
f 1964//2512 1963//2512 2984//2512 
f 1980//2512 1979//2512 1769//2512 
f 1769//2512 1984//2512 1983//2512 
f 1768//2512 1926//2512 1925//2512 
f 1768//2512 1929//2512 1928//2512 
f 1768//2512 1931//2512 1930//2512 
f 1949//2512 1948//2512 2985//2512 
f 2985//2512 1955//2512 1954//2512 
f 1956//2512 2985//2512 2984//2512 
f 2984//2512 1960//2512 1959//2512 
f 2984//2512 1962//2512 1961//2512 
f 1966//2512 1965//2512 2984//2512 
f 1925//2512 1984//2512 1769//2512 
f 1928//2512 1927//2512 1768//2512 
f 1768//2512 1932//2512 1931//2512 
f 1768//2512 1934//2512 1933//2512 
f 1948//2512 1947//2512 2985//2512 
f 2985//2512 1952//2512 1951//2512 
f 1956//2512 1955//2512 2985//2512 
f 1959//2512 1958//2512 2984//2512 
f 1963//2512 1962//2512 2984//2512 
f 1927//2512 1926//2512 1768//2512 
f 1933//2512 1932//2512 1768//2512 
f 1951//2512 1950//2512 2985//2512 
f 1958//2512 1957//2512 2984//2512 
f 1982//2512 1981//2512 1769//2512 
f 1768//2512 1935//2512 1934//2512 
f 1953//2512 1952//2512 2985//2512 
f 1930//2512 1929//2512 1768//2512 
f 1961//2512 1960//2512 2984//2512 
f 2162//2512 2763//2512 2761//2512 
f 2162//2512 1804//2512 2763//2512 
f 2162//2512 1802//2512 1804//2512 
f 2162//2512 2103//2512 1800//2512 
f 2103//2512 1796//2512 1798//2512 
f 1800//2512 1802//2512 2162//2512 
f 2103//2512 1794//2512 1796//2512 
f 1798//2512 1800//2512 2103//2512 
f 2103//2512 1940//2512 1939//2512 
f 1937//2512 1936//2512 1772//2512 
f 2103//2512 1792//2512 1794//2512 
f 2103//2512 1788//2512 1790//2512 
f 1939//2512 1782//2512 2103//2512 
f 1937//2512 1776//2512 1779//2512 
f 1772//2512 1773//2512 1937//2512 
f 1790//2512 1792//2512 2103//2512 
f 1782//2512 1785//2512 2103//2512 
f 1773//2512 1776//2512 1937//2512 
f 1785//2512 1788//2512 2103//2512 
f 1782//2512 1938//2512 1937//2512 
f 2761//2512 2163//2512 2162//2512 
f 2103//2512 1943//2512 1942//2512 
f 1939//2512 1938//2512 1782//2512 
f 1942//2512 1941//2512 2103//2512 
f 1770//2512 1936//2512 1935//2512 
f 1941//2512 1940//2512 2103//2512 
f 2103//2512 1946//2512 1944//2512 
f 1935//2512 1768//2512 1770//2512 
f 1944//2512 1943//2512 2103//2512 
f 1779//2512 1782//2512 1937//2512 
f 2103//2512 2985//2512 1945//2512 
f 1945//2512 1946//2512 2103//2512 
f 2839//2512 2863//2512 2864//2512 
f 2844//2512 2865//2512 2866//2512 
f 2842//2512 2839//2512 2867//2512 
f 2839//2512 2868//2512 2863//2512 
f 2844//2512 2869//2512 2870//2512 
f 2844//2512 2871//2512 2865//2512 
f 2842//2512 2872//2512 2873//2512 
f 2839//2512 2874//2512 2867//2512 
f 2839//2512 2875//2512 2868//2512 
f 2866//2512 2869//2512 2844//2512 
f 2844//2512 2876//2512 2877//2512 
f 2844//2512 2842//2512 2878//2512 
f 2842//2512 2879//2512 2872//2512 
f 2842//2512 2880//2512 2881//2512 
f 2839//2512 2882//2512 2874//2512 
f 2839//2512 2883//2512 2875//2512 
f 2839//2512 2884//2512 2885//2512 
f 2847//2512 2886//2512 2887//2512 
f 2847//2512 2888//2512 2889//2512 
f 2877//2512 2871//2512 2844//2512 
f 2844//2512 2890//2512 2891//2512 
f 2842//2512 2892//2512 2878//2512 
f 2842//2512 2893//2512 2879//2512 
f 2881//2512 2894//2512 2842//2512 
f 2839//2512 2895//2512 2882//2512 
f 2885//2512 2883//2512 2839//2512 
f 2887//2512 2896//2512 2847//2512 
f 2889//2512 2897//2512 2847//2512 
f 2844//2512 2898//2512 2899//2512 
f 2891//2512 2876//2512 2844//2512 
f 2842//2512 2900//2512 2892//2512 
f 2842//2512 2901//2512 2902//2512 
f 2842//2512 2903//2512 2904//2512 
f 2894//2512 2893//2512 2842//2512 
f 2864//2512 2895//2512 2839//2512 
f 2839//2512 2905//2512 2906//2512 
f 2847//2512 2907//2512 2905//2512 
f 2847//2512 2908//2512 2909//2512 
f 2897//2512 2886//2512 2847//2512 
f 2870//2512 2898//2512 2844//2512 
f 2844//2512 2910//2512 2911//2512 
f 2878//2512 2912//2512 2844//2512 
f 2904//2512 2901//2512 2842//2512 
f 2867//2512 2880//2512 2842//2512 
f 2905//2512 2839//2512 2847//2512 
f 2847//2512 2913//2512 2908//2512 
f 2847//2512 2899//2512 2888//2512 
f 2911//2512 2890//2512 2844//2512 
f 2842//2512 2914//2512 2900//2512 
f 2873//2512 2903//2512 2842//2512 
f 2839//2512 2915//2512 2916//2512 
f 2906//2512 2917//2512 2839//2512 
f 2847//2512 2918//2512 2919//2512 
f 2896//2512 2913//2512 2847//2512 
f 2912//2512 2910//2512 2844//2512 
f 2916//2512 2884//2512 2839//2512 
f 2847//2512 2920//2512 2907//2512 
f 2909//2512 2918//2512 2847//2512 
f 2902//2512 2914//2512 2842//2512 
f 2919//2512 2920//2512 2847//2512 
f 2917//2512 2915//2512 2839//2512 
f 2847//2512 2921//2512 2922//2512 
f 2847//2512 2839//2512 2923//2512 
f 2847//2512 2924//2512 2925//2512 
f 2922//2512 2926//2512 2847//2512 
f 2839//2512 2927//2512 2923//2512 
f 2839//2512 2928//2512 2929//2512 
f 2926//2512 2924//2512 2847//2512 
f 2839//2512 2930//2512 2927//2512 
f 2839//2512 2931//2512 2928//2512 
f 2839//2512 2838//2512 2932//2512 
f 2923//2512 2921//2512 2847//2512 
f 2932//2512 2931//2512 2839//2512 
f 2929//2512 2930//2512 2839//2512 
f 2838//2512 2933//2512 2934//2512 
f 2841//2512 2935//2512 2936//2512 
f 2841//2512 2937//2512 2938//2512 
f 2934//2512 2939//2512 2838//2512 
f 2936//2512 2838//2512 2841//2512 
f 2841//2512 2940//2512 2941//2512 
f 2841//2512 2942//2512 2937//2512 
f 2841//2512 2846//2512 2943//2512 
f 2846//2512 2944//2512 2945//2512 
f 2936//2512 2933//2512 2838//2512 
f 2841//2512 2946//2512 2940//2512 
f 2943//2512 2942//2512 2841//2512 
f 2846//2512 2947//2512 2948//2512 
f 2945//2512 2949//2512 2846//2512 
f 2846//2512 2845//2512 2950//2512 
f 2838//2512 2951//2512 2952//2512 
f 2838//2512 2953//2512 2954//2512 
f 2941//2512 2935//2512 2841//2512 
f 2846//2512 2955//2512 2943//2512 
f 2948//2512 2956//2512 2846//2512 
f 2846//2512 2957//2512 2944//2512 
f 2845//2512 2958//2512 2950//2512 
f 2954//2512 2951//2512 2838//2512 
f 2841//2512 2959//2512 2946//2512 
f 2841//2512 2960//2512 2961//2512 
f 2938//2512 2962//2512 2841//2512 
f 2956//2512 2963//2512 2846//2512 
f 2950//2512 2957//2512 2846//2512 
f 2845//2512 2964//2512 2965//2512 
f 2845//2512 2966//2512 2967//2512 
f 2939//2512 2953//2512 2838//2512 
f 2841//2512 2968//2512 2969//2512 
f 2841//2512 2970//2512 2960//2512 
f 2963//2512 2955//2512 2846//2512 
f 2965//2512 2958//2512 2845//2512 
f 2845//2512 2971//2512 2966//2512 
f 2969//2512 2959//2512 2841//2512 
f 2962//2512 2970//2512 2841//2512 
f 2846//2512 2972//2512 2973//2512 
f 2846//2512 2974//2512 2975//2512 
f 2967//2512 2964//2512 2845//2512 
f 2845//2512 2976//2512 2977//2512 
f 2961//2512 2968//2512 2841//2512 
f 2975//2512 2972//2512 2846//2512 
f 2977//2512 2971//2512 2845//2512 
f 2845//2512 2925//2512 2978//2512 
f 2973//2512 2947//2512 2846//2512 
f 2978//2512 2976//2512 2845//2512 
f 2838//2512 2979//2512 2980//2512 
f 2949//2512 2974//2512 2846//2512 
f 2952//2512 2979//2512 2838//2512 
f 2222//2512 2804//2512 2806//2512 
f 2861//2512 2862//2512 2788//2512 
f 2762//2512 2222//2512 2163//2512 
f 2806//2512 2808//2512 2222//2512 
f 2222//2512 2800//2512 2802//2512 
f 2788//2512 2791//2512 2861//2512 
f 2222//2512 2851//2512 2852//2512 
f 2163//2512 2761//2512 2762//2512 
f 2222//2512 2814//2512 2768//2512 
f 2222//2512 2810//2512 2812//2512 
f 2802//2512 2804//2512 2222//2512 
f 2794//2512 2860//2512 2861//2512 
f 2794//2512 2858//2512 2859//2512 
f 2794//2512 2855//2512 2856//2512 
f 2794//2512 2853//2512 2854//2512 
f 2852//2512 2794//2512 2222//2512 
f 2222//2512 2849//2512 2850//2512 
f 2762//2512 2769//2512 2222//2512 
f 2846//2512 2841//2512 2781//2512 
f 2768//2512 2240//2512 2222//2512 
f 2808//2512 2810//2512 2222//2512 
f 2859//2512 2860//2512 2794//2512 
f 2856//2512 2857//2512 2794//2512 
f 2852//2512 2853//2512 2794//2512 
f 2769//2512 2849//2512 2222//2512 
f 2781//2512 2862//2512 2848//2512 
f 2812//2512 2814//2512 2222//2512 
f 2222//2512 2794//2512 2797//2512 
f 2857//2512 2858//2512 2794//2512 
f 2850//2512 2851//2512 2222//2512 
f 2862//2512 2784//2512 2785//2512 
f 2781//2512 2848//2512 2846//2512 
f 2797//2512 2800//2512 2222//2512 
f 2854//2512 2855//2512 2794//2512 
f 2781//2512 2784//2512 2862//2512 
f 2791//2512 2794//2512 2861//2512 
f 2768//2512 2767//2512 2240//2512 
f 2767//2512 2764//2512 2231//2512 
f 2231//2512 2764//2512 1255//2512 
f 1280//2512 2400//2512 2343//2512 
f 1255//2512 2343//2512 2231//2512 
f 2343//2512 1277//2512 1280//2512 
f 2343//2512 1272//2512 1274//2512 
f 2343//2512 1264//2512 1266//2512 
f 2343//2512 1258//2512 1260//2512 
f 2231//2512 2240//2512 2767//2512 
f 2981//2512 2400//2512 1289//2512 
f 2400//2512 1283//2512 1286//2512 
f 1274//2512 1277//2512 2343//2512 
f 2343//2512 1262//2512 1264//2512 
f 1255//2512 1258//2512 2343//2512 
f 1289//2512 1254//2512 2981//2512 
f 1280//2512 1283//2512 2400//2512 
f 2343//2512 1268//2512 1270//2512 
f 1260//2512 1262//2512 2343//2512 
f 1286//2512 1289//2512 2400//2512 
f 1266//2512 1268//2512 2343//2512 
f 1270//2512 1272//2512 2343//2512 
f 2981//2512 1689//2512 1688//2512 
f 2981//2512 1684//2512 1683//2512 
f 2981//2512 1690//2512 1689//2512 
f 2981//2512 1692//2512 1691//2512 
f 1252//2512 1693//2512 1692//2512 
f 1252//2512 1695//2512 1694//2512 
f 2981//2512 1685//2512 1684//2512 
f 2981//2512 1687//2512 1686//2512 
f 1691//2512 1690//2512 2981//2512 
f 1694//2512 1693//2512 1252//2512 
f 1252//2512 1697//2512 1696//2512 
f 1252//2512 1701//2512 1700//2512 
f 2982//2512 1736//2512 1735//2512 
f 2981//2512 1679//2512 1678//2512 
f 1686//2512 1685//2512 2981//2512 
f 1692//2512 2981//2512 1252//2512 
f 1252//2512 1698//2512 1697//2512 
f 1700//2512 1699//2512 1252//2512 
f 2982//2512 1737//2512 1736//2512 
f 1678//2512 2982//2512 2981//2512 
f 2981//2512 1682//2512 1681//2512 
f 1688//2512 1687//2512 2981//2512 
f 1699//2512 1698//2512 1252//2512 
f 2982//2512 1730//2512 1729//2512 
f 2982//2512 1732//2512 1731//2512 
f 1678//2512 1737//2512 2982//2512 
f 1681//2512 1680//2512 2981//2512 
f 1696//2512 1695//2512 1252//2512 
f 1252//2512 1703//2512 1702//2512 
f 1252//2512 1705//2512 1704//2512 
f 1252//2512 1251//2512 1707//2512 
f 1731//2512 1730//2512 2982//2512 
f 2982//2512 1734//2512 1733//2512 
f 1680//2512 1679//2512 2981//2512 
f 1702//2512 1701//2512 1252//2512 
f 1252//2512 1706//2512 1705//2512 
f 1251//2512 1708//2512 1707//2512 
f 1251//2512 1711//2512 1710//2512 
f 1251//2512 1716//2512 1715//2512 
f 1733//2512 1732//2512 2982//2512 
f 1683//2512 1682//2512 2981//2512 
f 1707//2512 1706//2512 1252//2512 
f 1710//2512 1709//2512 1251//2512 
f 1251//2512 1713//2512 1712//2512 
f 1715//2512 1714//2512 1251//2512 
f 1735//2512 1734//2512 2982//2512 
f 1709//2512 1708//2512 1251//2512 
f 1714//2512 1713//2512 1251//2512 
f 1704//2512 1703//2512 1252//2512 
f 1251//2512 1717//2512 1716//2512 
f 1712//2512 1711//2512 1251//2512 
f 1253//2512 1722//2512 1721//2512 
f 2983//2512 1724//2512 1723//2512 
f 1721//2512 1720//2512 1253//2512 
f 2983//2512 1725//2512 1724//2512 
f 2983//2512 1728//2512 1726//2512 
f 1253//2512 1723//2512 1722//2512 
f 1726//2512 1725//2512 2983//2512 
f 1723//2512 1253//2512 2983//2512 
f 2983//2512 2982//2512 1727//2512 
f 1727//2512 1728//2512 2983//2512 
f 1253//2512 1718//2512 1717//2512 
f 1720//2512 1719//2512 1253//2512 
f 1719//2512 1718//2512 1253//2512 
f 1247//2512 1671//2512 1670//2512 
f 1247//2512 1676//2512 1675//2512 
f 1247//2512 2983//2512 1620//2512 
f 1247//2512 1668//2512 1667//2512 
f 1247//2512 1672//2512 1671//2512 
f 1247//2512 1674//2512 1673//2512 
f 1247//2512 1677//2512 1676//2512 
f 2983//2512 1621//2512 1620//2512 
f 2983//2512 1624//2512 1623//2512 
f 2983//2512 1629//2512 1628//2512 
f 1247//2512 1669//2512 1668//2512 
f 1673//2512 1672//2512 1247//2512 
f 1620//2512 1677//2512 1247//2512 
f 1623//2512 1622//2512 2983//2512 
f 2983//2512 1626//2512 1625//2512 
f 1628//2512 1627//2512 2983//2512 
f 2983//2512 1632//2512 1631//2512 
f 1248//2512 1658//2512 1657//2512 
f 1248//2512 1660//2512 1659//2512 
f 1248//2512 1662//2512 1661//2512 
f 1670//2512 1669//2512 1247//2512 
f 1622//2512 1621//2512 2983//2512 
f 1627//2512 1626//2512 2983//2512 
f 1631//2512 1630//2512 2983//2512 
f 1657//2512 1656//2512 1248//2512 
f 1661//2512 1660//2512 1248//2512 
f 1247//2512 1665//2512 1664//2512 
f 1675//2512 1674//2512 1247//2512 
f 1630//2512 1629//2512 2983//2512 
f 1253//2512 1638//2512 1637//2512 
f 1253//2512 1640//2512 1639//2512 
f 1248//2512 1655//2512 1654//2512 
f 1659//2512 1658//2512 1248//2512 
f 1247//2512 1666//2512 1665//2512 
f 1625//2512 1624//2512 2983//2512 
f 2983//2512 1253//2512 1634//2512 
f 1253//2512 1636//2512 1635//2512 
f 1639//2512 1638//2512 1253//2512 
f 1656//2512 1655//2512 1248//2512 
f 1248//2512 1664//2512 1663//2512 
f 1667//2512 1666//2512 1247//2512 
f 1634//2512 1633//2512 2983//2512 
f 1637//2512 1636//2512 1253//2512 
f 1253//2512 1642//2512 1641//2512 
f 1253//2512 1645//2512 1644//2512 
f 1248//2512 1653//2512 1652//2512 
f 1663//2512 1662//2512 1248//2512 
f 1633//2512 1632//2512 2983//2512 
f 1641//2512 1640//2512 1253//2512 
f 1644//2512 1643//2512 1253//2512 
f 1248//2512 1650//2512 1649//2512 
f 1652//2512 1651//2512 1248//2512 
f 1664//2512 1248//2512 1247//2512 
f 1643//2512 1642//2512 1253//2512 
f 1253//2512 1647//2512 1646//2512 
f 1651//2512 1650//2512 1248//2512 
f 1635//2512 1634//2512 1253//2512 
f 1253//2512 1648//2512 1647//2512 
f 1654//2512 1653//2512 1248//2512 
f 1253//2512 1649//2512 1648//2512 
f 1646//2512 1645//2512 1253//2512 
f 1649//2512 1253//2512 1248//2512 
f 1717//2512 1251//2512 1253//2512 
f 1729//2512 1727//2512 2982//2512 
f 1254//2512 1252//2512 2981//2512 
f 2785//2512 2788//2512 2862//2512 
f 2980//2512 2932//2512 2838//2512 
f 2925//2512 2845//2512 2847//2512 
f 2899//2512 2847//2512 2844//2512 
f 1770//2512 1772//2512 1936//2512 
f 1947//2512 1945//2512 2985//2512 
f 2984//2512 1766//2512 1765//2512 
f 1757//2512 1759//2512 1766//2512 
f 2007//2512 2005//2512 1758//2512 
f 1995//2512 2985//2512 2103//2512 
f 2983//2512 1247//2512 636//2512 
f 2982//2512 2983//2512 633//2512 
f 2981//2512 2982//2512 632//2512 
f 2400//2512 2981//2512 634//2512 
o mesh60
f 2843//2513 2986//2513 2987//2513 
f 2818//2513 2988//2513 2989//2513 
f 2990//2513 2818//2513 2991//2513 
f 2992//2513 2991//2513 2993//2513 
f 2840//2513 2994//2513 2995//2513 
f 2987//2513 2996//2513 2843//2513 
f 2843//2513 2997//2513 2998//2513 
f 2818//2513 2999//2513 2988//2513 
f 2818//2513 3000//2513 3001//2513 
f 2818//2513 3002//2513 2991//2513 
f 2993//2513 3003//2513 3004//2513 
f 2840//2513 3005//2513 3006//2513 
f 2995//2513 3007//2513 2840//2513 
f 2843//2513 3008//2513 3009//2513 
f 2998//2513 2986//2513 2843//2513 
f 2818//2513 3010//2513 2999//2513 
f 2818//2513 3011//2513 3000//2513 
f 2818//2513 3012//2513 3002//2513 
f 2818//2513 3013//2513 3014//2513 
f 2993//2513 3015//2513 3003//2513 
f 2782//2513 3016//2513 3017//2513 
f 3006//2513 2782//2513 2840//2513 
f 2995//2513 3018//2513 3007//2513 
f 2843//2513 3019//2513 3020//2513 
f 2996//2513 3008//2513 2843//2513 
f 2843//2513 2989//2513 3021//2513 
f 3001//2513 3010//2513 2818//2513 
f 3014//2513 3012//2513 2818//2513 
f 2993//2513 3022//2513 3015//2513 
f 2818//2513 3023//2513 3024//2513 
f 2818//2513 3025//2513 3026//2513 
f 2782//2513 3027//2513 3028//2513 
f 3006//2513 3016//2513 2782//2513 
f 2840//2513 3029//2513 2994//2513 
f 3009//2513 3019//2513 2843//2513 
f 2989//2513 2843//2513 2818//2513 
f 2818//2513 3030//2513 3031//2513 
f 2993//2513 3004//2513 2992//2513 
f 2818//2513 3032//2513 3033//2513 
f 3026//2513 3023//2513 2818//2513 
f 3017//2513 3027//2513 2782//2513 
f 2840//2513 3034//2513 3035//2513 
f 2840//2513 3036//2513 3037//2513 
f 2840//2513 3038//2513 3039//2513 
f 2840//2513 3040//2513 3029//2513 
f 2840//2513 3041//2513 3042//2513 
f 2840//2513 3043//2513 3044//2513 
f 2840//2513 3045//2513 3046//2513 
f 3021//2513 2997//2513 2843//2513 
f 2818//2513 3047//2513 3030//2513 
f 3033//2513 3013//2513 2818//2513 
f 2818//2513 3048//2513 3025//2513 
f 2782//2513 3049//2513 3050//2513 
f 2782//2513 3051//2513 3052//2513 
f 3035//2513 3005//2513 2840//2513 
f 3039//2513 3036//2513 2840//2513 
f 2840//2513 3053//2513 3054//2513 
f 3007//2513 3055//2513 2840//2513 
f 3044//2513 3041//2513 2840//2513 
f 3046//2513 3056//2513 2840//2513 
f 2843//2513 3057//2513 3058//2513 
f 3031//2513 3011//2513 2818//2513 
f 3024//2513 3032//2513 2818//2513 
f 2818//2513 3059//2513 3060//2513 
f 3022//2513 2993//2513 3061//2513 
f 3052//2513 3049//2513 2782//2513 
f 3037//2513 3034//2513 2840//2513 
f 3055//2513 3053//2513 2840//2513 
f 3056//2513 3043//2513 2840//2513 
f 2840//2513 2843//2513 3062//2513 
f 3020//2513 3057//2513 2843//2513 
f 2818//2513 2990//2513 3063//2513 
f 3060//2513 3048//2513 2818//2513 
f 2818//2513 3064//2513 3065//2513 
f 2818//2513 2782//2513 3066//2513 
f 3067//2513 3068//2513 3022//2513 
f 3067//2513 3069//2513 3070//2513 
f 3067//2513 3071//2513 3072//2513 
f 3067//2513 3073//2513 3074//2513 
f 3022//2513 3075//2513 3076//2513 
f 3061//2513 3077//2513 3022//2513 
f 3028//2513 3051//2513 2782//2513 
f 3042//2513 3040//2513 2840//2513 
f 2840//2513 3078//2513 3079//2513 
f 2840//2513 3080//2513 3081//2513 
f 2843//2513 3082//2513 3062//2513 
f 3063//2513 3047//2513 2818//2513 
f 3065//2513 3059//2513 2818//2513 
f 2782//2513 3083//2513 3066//2513 
f 3022//2513 3084//2513 3085//2513 
f 3067//2513 3086//2513 3069//2513 
f 3074//2513 3071//2513 3067//2513 
f 3022//2513 3087//2513 3088//2513 
f 3022//2513 3089//2513 3090//2513 
f 3077//2513 3075//2513 3022//2513 
f 2782//2513 3091//2513 3092//2513 
f 3054//2513 3038//2513 2840//2513 
f 3081//2513 3078//2513 2840//2513 
f 2843//2513 3093//2513 3082//2513 
f 2991//2513 2992//2513 2990//2513 
f 2782//2513 3094//2513 3083//2513 
f 2782//2513 3095//2513 3096//2513 
f 3067//2513 3097//2513 3068//2513 
f 3072//2513 3086//2513 3067//2513 
f 3022//2513 3098//2513 3087//2513 
f 3076//2513 3089//2513 3022//2513 
f 3092//2513 3099//2513 2782//2513 
f 3079//2513 3045//2513 2840//2513 
f 2840//2513 3100//2513 3101//2513 
f 3058//2513 3093//2513 2843//2513 
f 3096//2513 3094//2513 2782//2513 
f 3070//2513 3097//2513 3067//2513 
f 3090//2513 3098//2513 3022//2513 
f 3050//2513 3091//2513 2782//2513 
f 3101//2513 3102//2513 2840//2513 
f 3018//2513 2995//2513 3073//2513 
f 3066//2513 3064//2513 2818//2513 
f 3088//2513 3084//2513 3022//2513 
f 3102//2513 3080//2513 2840//2513 
f 3073//2513 3067//2513 3103//2513 
f 3022//2513 3085//2513 3067//2513 
f 3073//2513 3103//2513 3018//2513 
f 3099//2513 3095//2513 2782//2513 
f 3062//2513 3100//2513 2840//2513 
o mesh61
f 3017//2514 3016//2515 2936//2515 
f 3027//2516 3017//2514 2935//2517 
f 3028//2518 3027//2516 2941//2519 
f 3051//2520 3028//2518 2940//2521 
f 3052//2522 3051//2520 2946//2523 
f 3049//2524 3052//2522 2959//2525 
f 3050//2526 3049//2524 2969//2527 
f 3091//2528 3050//2526 2968//2529 
f 3092//2530 3091//2528 2961//2531 
f 3099//2532 3092//2530 2960//2533 
f 3095//2534 3099//2532 2970//2535 
f 3096//2536 3095//2534 2962//2537 
f 3094//2538 3096//2536 2938//2539 
f 3083//2540 3094//2538 2937//2541 
f 3066//2542 3083//2540 2942//2543 
f 3064//2544 3066//2542 2943//2545 
f 3065//2546 3064//2544 2955//2547 
f 3059//2548 3065//2546 2963//2549 
f 3060//2550 3059//2548 2956//2551 
f 3048//2552 3060//2550 2948//2553 
f 3025//2554 3048//2552 2947//2555 
f 3026//2556 3025//2554 2973//2557 
f 3023//2558 3026//2556 2972//2559 
f 3024//2560 3023//2558 2975//2561 
f 3032//2562 3024//2560 2974//2563 
f 3033//2564 3032//2562 2949//2565 
f 3013//2566 3033//2564 2945//2567 
f 3014//2568 3013//2566 2944//2569 
f 3012//2570 3014//2568 2957//2571 
f 3002//2572 3012//2570 2950//2573 
f 2991//2574 3002//2572 2958//2575 
f 2993//2576 2991//2574 2965//2577 
f 3061//2578 2993//2576 2964//2579 
f 3077//2580 3061//2578 2967//2581 
f 3075//2582 3077//2580 2966//2583 
f 3076//2584 3075//2582 2971//2585 
f 3089//2586 3076//2584 2977//2587 
f 3090//2588 3089//2586 2976//2589 
f 3090//2588 2978//2588 2925//2590 
f 2925//2590 3098//2591 3090//2588 
f 3087//2592 3098//2591 2924//2591 
f 3088//2593 3087//2592 2926//2592 
f 3084//2594 3088//2593 2922//2593 
f 3085//2595 3084//2594 2921//2594 
f 2923//2595 2927//2596 3067//2597 
f 2927//2596 3103//2596 3067//2597 
f 3018//2598 3103//2596 2927//2596 
f 3007//2599 3018//2598 2930//2598 
f 3055//2600 3007//2599 2929//2599 
f 3053//2601 3055//2600 2928//2600 
f 3054//2602 3053//2601 2932//2603 
f 3053//2601 2931//2604 2932//2603 
f 3038//2605 3054//2602 2980//2606 
f 3039//2607 3038//2605 2979//2608 
f 3036//2609 3039//2607 2952//2610 
f 3037//2611 3036//2609 2951//2612 
f 3034//2613 3037//2611 2954//2614 
f 3035//2615 3034//2613 2953//2616 
f 3005//2617 3035//2615 2939//2618 
f 3006//2619 3005//2617 2934//2620 
f 3016//2515 3006//2619 2933//2619 
f 2933//2619 2936//2515 3016//2515 
f 2934//2620 2933//2619 3006//2619 
f 2939//2618 2934//2620 3005//2617 
f 2953//2616 2939//2618 3035//2615 
f 2954//2614 2953//2616 3034//2613 
f 2951//2612 2954//2614 3037//2611 
f 2952//2610 2951//2612 3036//2609 
f 2979//2608 2952//2610 3039//2607 
f 2980//2606 2979//2608 3038//2605 
f 2932//2603 2980//2606 3054//2602 
f 2928//2600 2931//2604 3053//2601 
f 2929//2599 2928//2600 3055//2600 
f 2930//2598 2929//2599 3007//2599 
f 2927//2596 2930//2598 3018//2598 
f 3067//2597 3085//2595 2923//2595 
f 2921//2594 2923//2595 3085//2595 
f 2922//2593 2921//2594 3084//2594 
f 2926//2592 2922//2593 3088//2593 
f 2924//2591 2926//2592 3087//2592 
f 2925//2590 2924//2591 3098//2591 
f 2976//2589 2978//2588 3090//2588 
f 2977//2587 2976//2589 3089//2586 
f 2971//2585 2977//2587 3076//2584 
f 2966//2583 2971//2585 3075//2582 
f 2967//2581 2966//2583 3077//2580 
f 2964//2579 2967//2581 3061//2578 
f 2965//2577 2964//2579 2993//2576 
f 2958//2575 2965//2577 2991//2574 
f 2950//2573 2958//2575 3002//2572 
f 2957//2571 2950//2573 3012//2570 
f 2944//2569 2957//2571 3014//2568 
f 2945//2567 2944//2569 3013//2566 
f 2949//2565 2945//2567 3033//2564 
f 2974//2563 2949//2565 3032//2562 
f 2975//2561 2974//2563 3024//2560 
f 2972//2559 2975//2561 3023//2558 
f 2973//2557 2972//2559 3026//2556 
f 2947//2555 2973//2557 3025//2554 
f 2948//2553 2947//2555 3048//2552 
f 2956//2551 2948//2553 3060//2550 
f 2963//2549 2956//2551 3059//2548 
f 2955//2547 2963//2549 3065//2546 
f 2943//2545 2955//2547 3064//2544 
f 2942//2543 2943//2545 3066//2542 
f 2937//2541 2942//2543 3083//2540 
f 2938//2539 2937//2541 3094//2538 
f 2962//2537 2938//2539 3096//2536 
f 2970//2535 2962//2537 3095//2534 
f 2960//2533 2970//2535 3099//2532 
f 2961//2531 2960//2533 3092//2530 
f 2968//2529 2961//2531 3091//2528 
f 2969//2527 2968//2529 3050//2526 
f 2959//2525 2969//2527 3049//2524 
f 2946//2523 2959//2525 3052//2522 
f 2940//2521 2946//2523 3051//2520 
f 2941//2519 2940//2521 3028//2518 
f 2935//2517 2941//2519 3027//2516 
f 2936//2515 2935//2517 3017//2514 
o mesh62
f 2994//2621 3029//2622 2867//2622 
f 2995//2623 2994//2621 2874//2624 
f 3073//2625 2995//2623 2882//2626 
f 3074//2627 3073//2625 2895//2628 
f 3071//2629 3074//2627 2864//2630 
f 3072//2631 3071//2629 2863//2632 
f 3086//2633 3072//2631 2868//2634 
f 3069//2635 3086//2633 2875//2636 
f 3070//2637 3069//2635 2883//2638 
f 3097//2639 3070//2637 2885//2640 
f 3068//2641 3097//2639 2884//2642 
f 3022//2643 3068//2641 2916//2644 
f 3015//2645 3022//2643 2915//2646 
f 3003//2647 3015//2645 2917//2648 
f 3004//2649 3003//2647 2906//2650 
f 2992//2651 3004//2649 2905//2652 
f 2990//2653 2992//2651 2907//2654 
f 3063//2655 2990//2653 2920//2656 
f 3047//2657 3063//2655 2919//2658 
f 3030//2659 3047//2657 2918//2660 
f 3031//2661 3030//2659 2909//2662 
f 3011//2663 3031//2661 2908//2664 
f 3000//2665 3011//2663 2913//2666 
f 3001//2667 3000//2665 2896//2668 
f 3010//2669 3001//2667 2887//2670 
f 2999//2671 3010//2669 2886//2672 
f 2988//2673 2999//2671 2897//2674 
f 2989//2675 2988//2673 2889//2676 
f 3021//2677 2989//2675 2888//2678 
f 2997//2679 3021//2677 2899//2680 
f 2998//2681 2997//2679 2898//2682 
f 2986//2683 2998//2681 2870//2684 
f 2987//2685 2986//2683 2869//2686 
f 2996//2687 2987//2685 2866//2688 
f 3008//2689 2996//2687 2865//2690 
f 3009//2691 3008//2689 2871//2692 
f 3019//2693 3009//2691 2877//2694 
f 3020//2695 3019//2693 2876//2696 
f 3057//2697 3020//2695 2891//2698 
f 3058//2699 3057//2697 2890//2700 
f 3093//2701 3058//2699 2911//2702 
f 3082//2703 3093//2701 2910//2704 
f 3062//2705 3082//2703 2912//2706 
f 2878//2705 2892//2707 3100//2708 
f 2892//2707 3101//2707 3100//2708 
f 3102//2709 3101//2707 2892//2707 
f 3080//2710 3102//2709 2900//2709 
f 3081//2711 3080//2710 2914//2710 
f 3078//2712 3081//2711 2902//2711 
f 3079//2713 3078//2712 2901//2712 
f 3045//2714 3079//2713 2904//2713 
f 3046//2715 3045//2714 2903//2714 
f 3056//2716 3046//2715 2873//2715 
f 3043//2717 3056//2716 2872//2716 
f 3044//2718 3043//2717 2879//2717 
f 3041//2719 3044//2718 2893//2718 
f 3042//2720 3041//2719 2894//2719 
f 3040//2721 3042//2720 2881//2720 
f 3029//2622 3040//2721 2880//2721 
f 2880//2721 2867//2622 3029//2622 
f 2881//2720 2880//2721 3040//2721 
f 2894//2719 2881//2720 3042//2720 
f 2893//2718 2894//2719 3041//2719 
f 2879//2717 2893//2718 3044//2718 
f 2872//2716 2879//2717 3043//2717 
f 2873//2715 2872//2716 3056//2716 
f 2903//2714 2873//2715 3046//2715 
f 2904//2713 2903//2714 3045//2714 
f 2901//2712 2904//2713 3079//2713 
f 2902//2711 2901//2712 3078//2712 
f 2914//2710 2902//2711 3081//2711 
f 2900//2709 2914//2710 3080//2710 
f 2892//2707 2900//2709 3102//2709 
f 3100//2708 3062//2705 2878//2705 
f 2912//2706 2878//2705 3062//2705 
f 2910//2704 2912//2706 3082//2703 
f 2911//2702 2910//2704 3093//2701 
f 2890//2700 2911//2702 3058//2699 
f 2891//2698 2890//2700 3057//2697 
f 2876//2696 2891//2698 3020//2695 
f 2877//2694 2876//2696 3019//2693 
f 2871//2692 2877//2694 3009//2691 
f 2865//2690 2871//2692 3008//2689 
f 2866//2688 2865//2690 2996//2687 
f 2869//2686 2866//2688 2987//2685 
f 2870//2684 2869//2686 2986//2683 
f 2898//2682 2870//2684 2998//2681 
f 2899//2680 2898//2682 2997//2679 
f 2888//2678 2899//2680 3021//2677 
f 2889//2676 2888//2678 2989//2675 
f 2897//2674 2889//2676 2988//2673 
f 2886//2672 2897//2674 2999//2671 
f 2887//2670 2886//2672 3010//2669 
f 2896//2668 2887//2670 3001//2667 
f 2913//2666 2896//2668 3000//2665 
f 2908//2664 2913//2666 3011//2663 
f 2909//2662 2908//2664 3031//2661 
f 2918//2660 2909//2662 3030//2659 
f 2919//2658 2918//2660 3047//2657 
f 2920//2656 2919//2658 3063//2655 
f 2907//2654 2920//2656 2990//2653 
f 2905//2652 2907//2654 2992//2651 
f 2906//2650 2905//2652 3004//2649 
f 2917//2648 2906//2650 3003//2647 
f 2915//2646 2917//2648 3015//2645 
f 2916//2644 2915//2646 3022//2643 
f 2884//2642 2916//2644 3068//2641 
f 2885//2640 2884//2642 3097//2639 
f 2883//2638 2885//2640 3070//2637 
f 2875//2636 2883//2638 3069//2635 
f 2868//2634 2875//2636 3086//2633 
f 2863//2632 2868//2634 3072//2631 
f 2864//2630 2863//2632 3071//2629 
f 2895//2628 2864//2630 3074//2627 
f 2882//2626 2895//2628 3073//2625 
f 2874//2624 2882//2626 2995//2623 
f 2867//2622 2874//2624 2994//2621 
