# OBJ generated by ONSHAPE BY PTC INC, 1.220 Units = meters
mtllib supportCapt.mtl
g Part 1
v -0.0517589 -0.0292222 0.00937274 
v -0.0517516 -0.0292295 0.00956195 
v -0.0499839 -0.0274617 0.00956195 
v -0.0517806 -0.0292005 0.00918575 
v -0.0499911 -0.0274544 0.00937274 
v -0.0518164 -0.0291647 0.00900317 
v -0.0500128 -0.0274328 0.00918575 
v -0.051866 -0.0291151 0.00882714 
v -0.0500487 -0.0273969 0.00900317 
v -0.0519288 -0.0290523 0.00865973 
v -0.0500983 -0.0273473 0.00882714 
v -0.052004 -0.0289771 0.00850289 
v -0.050161 -0.0272846 0.00865973 
v -0.0520907 -0.0288904 0.00835847 
v -0.0502362 -0.0272094 0.00850289 
v -0.052188 -0.0287931 0.00822816 
v -0.0503229 -0.0271226 0.00835847 
v -0.0522947 -0.0286865 0.00811349 
v -0.0504202 -0.0270254 0.00822816 
v -0.0524095 -0.0285717 0.0080158 
v -0.0505269 -0.0269187 0.00811349 
v -0.0525311 -0.0284501 0.00793624 
v -0.0506417 -0.0268039 0.0080158 
v -0.052658 -0.0283231 0.00787573 
v -0.0507633 -0.0266823 0.00793624 
v -0.0527889 -0.0281922 0.007835 
v -0.0508903 -0.0265553 0.00787573 
v -0.0529221 -0.028059 0.00781451 
v -0.0510211 -0.0264245 0.007835 
v -0.0530561 -0.027925 0.00781451 
v -0.0511543 -0.0262913 0.00781451 
v -0.0531893 -0.0277918 0.007835 
v -0.0512883 -0.0261573 0.00781451 
v -0.0533201 -0.027661 0.00787573 
v -0.0514215 -0.0260241 0.007835 
v -0.0534471 -0.027534 0.00793624 
v -0.0515524 -0.0258932 0.00787573 
v -0.0535687 -0.0274124 0.0080158 
v -0.0516793 -0.0257662 0.00793624 
v -0.0536835 -0.0272976 0.00811349 
v -0.0518009 -0.0256446 0.0080158 
v -0.0537902 -0.0271909 0.00822816 
v -0.0519158 -0.0255298 0.00811349 
v -0.0538875 -0.0270937 0.00835847 
v -0.0520224 -0.0254232 0.00822816 
v -0.0539742 -0.0270069 0.00850289 
v -0.0521197 -0.0253259 0.00835847 
v -0.0540494 -0.0269317 0.00865973 
v -0.0522064 -0.0252392 0.00850289 
v -0.0541122 -0.026869 0.00882714 
v -0.0522816 -0.025164 0.00865973 
v -0.0541617 -0.0268194 0.00900317 
v -0.0523444 -0.0251012 0.00882714 
v -0.0541976 -0.0267835 0.00918575 
v -0.052394 -0.0250516 0.00900317 
v -0.0542193 -0.0267618 0.00937274 
v -0.0524298 -0.0250158 0.00918575 
v -0.0542265 -0.0267546 0.00956195 
v -0.0524515 -0.0249941 0.00937274 
v -0.0542193 -0.0267618 0.00975115 
v -0.0524588 -0.0249868 0.00956195 
v -0.0541976 -0.0267835 0.00993814 
v -0.0524515 -0.0249941 0.00975115 
v -0.0541617 -0.0268194 0.0101207 
v -0.0524298 -0.0250158 0.00993814 
v -0.0541122 -0.026869 0.0102968 
v -0.052394 -0.0250516 0.0101207 
v -0.0540494 -0.0269317 0.0104642 
v -0.0523444 -0.0251012 0.0102968 
v -0.0539742 -0.0270069 0.010621 
v -0.0522816 -0.025164 0.0104642 
v -0.0538875 -0.0270937 0.0107654 
v -0.0522064 -0.0252392 0.010621 
v -0.0537902 -0.0271909 0.0108957 
v -0.0521197 -0.0253259 0.0107654 
v -0.0536835 -0.0272976 0.0110104 
v -0.0520224 -0.0254232 0.0108957 
v -0.0535687 -0.0274124 0.0111081 
v -0.0519158 -0.0255298 0.0110104 
v -0.0534471 -0.027534 0.0111877 
v -0.0518009 -0.0256446 0.0111081 
v -0.0533201 -0.027661 0.0112482 
v -0.0516793 -0.0257662 0.0111877 
v -0.0531893 -0.0277918 0.0112889 
v -0.0515524 -0.0258932 0.0112482 
v -0.0530561 -0.027925 0.0113094 
v -0.0514215 -0.0260241 0.0112889 
v -0.0529221 -0.028059 0.0113094 
v -0.0512883 -0.0261573 0.0113094 
v -0.0527889 -0.0281922 0.0112889 
v -0.0511543 -0.0262913 0.0113094 
v -0.052658 -0.0283231 0.0112482 
v -0.0510211 -0.0264245 0.0112889 
v -0.0525311 -0.0284501 0.0111877 
v -0.0508903 -0.0265553 0.0112482 
v -0.0524095 -0.0285717 0.0111081 
v -0.0507633 -0.0266823 0.0111877 
v -0.0522947 -0.0286865 0.0110104 
v -0.0506417 -0.0268039 0.0111081 
v -0.052188 -0.0287931 0.0108957 
v -0.0505269 -0.0269187 0.0110104 
v -0.0520907 -0.0288904 0.0107654 
v -0.0504202 -0.0270254 0.0108957 
v -0.052004 -0.0289771 0.010621 
v -0.0503229 -0.0271226 0.0107654 
v -0.0519288 -0.0290523 0.0104642 
v -0.0502362 -0.0272094 0.010621 
v -0.051866 -0.0291151 0.0102968 
v -0.050161 -0.0272846 0.0104642 
v -0.0518164 -0.0291647 0.0101207 
v -0.0500983 -0.0273473 0.0102968 
v -0.0517806 -0.0292005 0.00993814 
v -0.0500487 -0.0273969 0.0101207 
v -0.0517589 -0.0292222 0.00975115 
v -0.0500128 -0.0274328 0.00993814 
v -0.0499911 -0.0274544 0.00975115 
v -0.0532222 -0.0242234 0.02 
v -0.0489645 -0.0284811 0.02 
v -0.0489645 -0.0284811 0.0065 
v -0.0532222 -0.0242234 0.0065 
v -0.0534348 -0.023987 0.02 
v -0.0536212 -0.0237294 0.02 
v -0.0534348 -0.023987 0.0065 
v -0.0537792 -0.0234536 0.02 
v -0.0536212 -0.0237294 0.0065 
v -0.0539072 -0.0231626 0.02 
v -0.0537792 -0.0234536 0.0065 
v -0.0540037 -0.0228596 0.02 
v -0.0539072 -0.0231626 0.0065 
v -0.0540675 -0.0225482 0.02 
v -0.0540037 -0.0228596 0.0065 
v -0.0540981 -0.0222318 0.02 
v -0.0540675 -0.0225482 0.0065 
v -0.054095 -0.0219139 0.02 
v -0.0540981 -0.0222318 0.0065 
v -0.0540583 -0.0215981 0.02 
v -0.054095 -0.0219139 0.0065 
v -0.0539883 -0.021288 0.02 
v -0.0540583 -0.0215981 0.0065 
v -0.053886 -0.020987 0.02 
v -0.0539883 -0.021288 0.0065 
v -0.0537524 -0.0206985 0.02 
v -0.053886 -0.020987 0.0065 
v -0.053589 -0.0204258 0.02 
v -0.0537524 -0.0206985 0.0065 
v -0.0533976 -0.020172 0.02 
v -0.053589 -0.0204258 0.0065 
v -0.0531805 -0.0199398 0.02 
v -0.0533976 -0.020172 0.0065 
v -0.05294 -0.0197318 0.02 
v -0.0531805 -0.0199398 0.0065 
v -0.0526788 -0.0195505 0.02 
v -0.05294 -0.0197318 0.0065 
v -0.0526788 -0.0195505 0.0065 
v -0.0532142 -0.0242192 0.00623736 
v -0.0526728 -0.0195569 0.00623736 
v -0.0532 -0.0242118 0.00608209 
v -0.0526549 -0.0195759 0.00597843 
v -0.0526621 -0.0195683 0.00608209 
v -0.0531905 -0.0242068 0.00597843 
v -0.0531511 -0.0241863 0.00572133 
v -0.0526251 -0.0196073 0.00572133 
v -0.05314 -0.0241806 0.00566858 
v -0.0531092 -0.0241645 0.00552158 
v -0.0525934 -0.0196405 0.00552158 
v -0.0526167 -0.019616 0.00566858 
v -0.0530399 -0.0241283 0.00526402 
v -0.0525387 -0.0196975 0.00525465 
v -0.0530374 -0.024127 0.00525465 
v -0.0529365 -0.0240742 0.004962 
v -0.0524614 -0.0197772 0.004962 
v -0.0528987 -0.0240543 0.00487418 
v -0.0528123 -0.024009 0.00467338 
v -0.0523654 -0.0198748 0.00467338 
v -0.0524322 -0.0198069 0.00487419 
v -0.0527218 -0.0239613 0.00450186 
v -0.0526519 -0.0239244 0.00436934 
v -0.05224 -0.0200001 0.00436934 
v -0.0522947 -0.0199455 0.00450188 
v -0.0525102 -0.0238493 0.0041517 
v -0.0520653 -0.0201708 0.00403056 
v -0.0521278 -0.0201098 0.00415172 
v -0.0522671 -0.02372 0.0038269 
v -0.0524313 -0.0238075 0.00403056 
v -0.051933 -0.0202965 0.00382693 
v -0.0520526 -0.0201829 0.00401097 
v -0.051858 -0.0203678 0.00371138 
v -0.052174 -0.0236703 0.00371138 
v -0.0521357 -0.0236498 0.00366931 
v -0.0518268 -0.0203969 0.00366931 
v -0.0519975 -0.0235756 0.00352804 
v -0.0516954 -0.0205183 0.00350537 
v -0.0519753 -0.0235637 0.00350537 
v -0.0517809 -0.0234589 0.00333063 
v -0.0515344 -0.020664 0.00333063 
v -0.0516979 -0.023414 0.00326578 
v -0.0515762 -0.0233481 0.00317072 
v -0.0513626 -0.020816 0.00317072 
v -0.0514647 -0.0207256 0.0032658 
v -0.0513771 -0.0232396 0.00303644 
v -0.0511801 -0.0209736 0.00302603 
v -0.0513616 -0.0232312 0.00302603 
v -0.0511138 -0.0230955 0.00288471 
v -0.0509665 -0.0211535 0.00288471 
v -0.0510357 -0.0230525 0.00284807 
v -0.0508597 -0.0229555 0.00276547 
v -0.0507442 -0.0213356 0.00276547 
v -0.0508982 -0.0212094 0.00284809 
v -0.0506798 -0.0228559 0.00269793 
v -0.0505179 -0.0215159 0.00266966 
v -0.0505848 -0.0214627 0.00269795 
v -0.0506045 -0.0228142 0.00266966 
v -0.0503461 -0.0226702 0.00259533 
v -0.0502856 -0.0216961 0.00259533 
v -0.0503129 -0.0226516 0.00258858 
v -0.0500853 -0.0225241 0.00254233 
v -0.050048 -0.0218753 0.00254233 
v -0.0499383 -0.0224413 0.00252432 
v -0.0498141 -0.022047 0.00251128 
v -0.0499124 -0.0219748 0.00252433 
v -0.0498319 -0.0223814 0.00251128 
v -0.0495762 -0.0222366 0.00250004 
v -0.0495753 -0.0222177 0.00250004 
v -0.0496711 -0.0221492 0.00250455 
v -0.0495609 -0.0222279 0.0025 
v -0.0534242 -0.0239832 0.00621237 
v -0.0536082 -0.0237261 0.00618985 
v -0.0537642 -0.023451 0.00617006 
v -0.0538904 -0.0231608 0.00615322 
v -0.0539855 -0.0228589 0.00613952 
v -0.0540484 -0.0225484 0.00612911 
v -0.0540783 -0.022233 0.0061221 
v -0.054075 -0.0219162 0.00611858 
v -0.0540384 -0.0216014 0.00611858 
v -0.053969 -0.0212922 0.0061221 
v -0.0538676 -0.0209921 0.00612911 
v -0.0537353 -0.0207043 0.00613952 
v -0.0535736 -0.0204321 0.00615322 
v -0.0533842 -0.0201786 0.00617006 
v -0.0531693 -0.0199466 0.00618985 
v -0.0529313 -0.0197386 0.00621237 
v -0.053393 -0.0239719 0.00593012 
v -0.0535703 -0.0237165 0.00588662 
v -0.0537203 -0.0234435 0.00584842 
v -0.0538416 -0.0231557 0.00581592 
v -0.0539327 -0.0228565 0.00578948 
v -0.0539927 -0.022549 0.00576939 
v -0.0540208 -0.0222366 0.00575588 
v -0.0540168 -0.0219228 0.00574908 
v -0.0539807 -0.021611 0.00574908 
v -0.053913 -0.0213045 0.00575588 
v -0.0538143 -0.0210068 0.00576939 
v -0.0536858 -0.0207212 0.00578948 
v -0.0535288 -0.0204506 0.00581592 
v -0.053345 -0.0201982 0.00584842 
v -0.0531366 -0.0199666 0.00588662 
v -0.0529057 -0.0197584 0.00593012 
v -0.0533419 -0.0239532 0.00565234 
v -0.0535086 -0.0237005 0.00559028 
v -0.0536494 -0.0234308 0.0055358 
v -0.0537628 -0.0231471 0.00548949 
v -0.0538477 -0.0228523 0.00545184 
v -0.0539031 -0.0225497 0.00542325 
v -0.0539285 -0.0222423 0.00540402 
v -0.0539235 -0.0219334 0.00539435 
v -0.0538882 -0.0216264 0.00539435 
v -0.053823 -0.0213244 0.00540402 
v -0.0537287 -0.0210308 0.00542325 
v -0.0536061 -0.0207485 0.00545184 
v -0.0534566 -0.0204807 0.00548949 
v -0.0532817 -0.0202301 0.0055358 
v -0.0530835 -0.0199994 0.00559028 
v -0.0528638 -0.0197911 0.00565234 
v -0.0532884 -0.0239333 0.00543881 
v -0.0534446 -0.0236834 0.00536443 
v -0.0535763 -0.0234173 0.00529919 
v -0.0536821 -0.0231378 0.00524377 
v -0.0537608 -0.0228477 0.00519874 
v -0.0538118 -0.02255 0.00516455 
v -0.0538344 -0.0222477 0.00514157 
v -0.0538285 -0.0219441 0.00513001 
v -0.053794 -0.0216421 0.00513001 
v -0.0537314 -0.0213448 0.00514157 
v -0.0536414 -0.0210554 0.00516455 
v -0.0535247 -0.0207768 0.00519874 
v -0.0533827 -0.0205119 0.00524377 
v -0.0532167 -0.0202634 0.00529919 
v -0.0530285 -0.0200337 0.00536443 
v -0.05282 -0.0198254 0.00543881 
v -0.0531984 -0.0238992 0.00515722 
v -0.0533383 -0.0236541 0.00506978 
v -0.0534557 -0.023394 0.0049932 
v -0.0535495 -0.0231215 0.00492822 
v -0.0536187 -0.0228392 0.00487546 
v -0.0536628 -0.0225498 0.00483543 
v -0.0536813 -0.0222562 0.00480853 
v -0.0536739 -0.0219612 0.00479501 
v -0.0536409 -0.0216676 0.00479501 
v -0.0535824 -0.0213783 0.00480853 
v -0.0534991 -0.0210961 0.00483543 
v -0.0533918 -0.0208238 0.00487546 
v -0.0532615 -0.0205639 0.00492822 
v -0.0531095 -0.0203191 0.0049932 
v -0.0529372 -0.0200916 0.00506978 
v -0.0527463 -0.0198837 0.00515722 
v -0.0530751 -0.0238513 0.00485388 
v -0.053195 -0.0236129 0.00475705 
v -0.053295 -0.0233611 0.00467239 
v -0.0533742 -0.0230981 0.00460064 
v -0.053432 -0.0228264 0.00454246 
v -0.0534679 -0.0225483 0.00449836 
v -0.0534814 -0.0222663 0.00446874 
v -0.0534725 -0.0219829 0.00445387 
v -0.0534413 -0.0217008 0.00445387 
v -0.0533881 -0.0214224 0.00446874 
v -0.0533133 -0.0211502 0.00449836 
v -0.0532175 -0.0208866 0.00454246 
v -0.0531018 -0.020634 0.00460064 
v -0.052967 -0.0203947 0.00467239 
v -0.0528144 -0.0201709 0.00475705 
v -0.0526453 -0.0199644 0.00485388 
v -0.0529277 -0.0237923 0.00456046 
v -0.0530268 -0.0235622 0.00445955 
v -0.0531088 -0.0233203 0.00437149 
v -0.0531731 -0.0230687 0.00429699 
v -0.0532192 -0.0228094 0.00423665 
v -0.0532467 -0.0225446 0.00419097 
v -0.0532554 -0.0222763 0.0041603 
v -0.0532452 -0.0220068 0.00414491 
v -0.0532161 -0.0217382 0.00414491 
v -0.0531685 -0.0214727 0.0041603 
v -0.0531027 -0.0212125 0.00419097 
v -0.0530192 -0.0209597 0.00423665 
v -0.0529188 -0.0207162 0.00429699 
v -0.0528022 -0.0204842 0.00437149 
v -0.0526703 -0.0202655 0.00445955 
v -0.0525243 -0.0200618 0.00456046 
v -0.0527426 -0.0237162 0.00425739 
v -0.0528199 -0.0234966 0.00415762 
v -0.0528832 -0.0232674 0.00407074 
v -0.052932 -0.02303 0.00399738 
v -0.0529661 -0.0227862 0.00393805 
v -0.0529852 -0.0225377 0.00389318 
v -0.052989 -0.0222863 0.00386309 
v -0.0529777 -0.0220337 0.00384799 
v -0.0529513 -0.0217819 0.00384799 
v -0.0529099 -0.0215325 0.00386309 
v -0.0528539 -0.0212874 0.00389318 
v -0.0527837 -0.0210483 0.00393805 
v -0.0526998 -0.0208169 0.00399738 
v -0.0526027 -0.0205948 0.00407074 
v -0.0524932 -0.0203837 0.00415762 
v -0.052372 -0.020185 0.00425739 
v -0.0524959 -0.0236115 0.00392653 
v -0.0525502 -0.0234067 0.00383411 
v -0.0525939 -0.0231944 0.00375385 
v -0.0526267 -0.0229759 0.00368622 
v -0.0526484 -0.0227523 0.00363163 
v -0.0526589 -0.0225251 0.0035904 
v -0.0526582 -0.0222957 0.00356278 
v -0.0526463 -0.0220653 0.00354893 
v -0.0526231 -0.0218353 0.00354893 
v -0.0525889 -0.0216071 0.00356278 
v -0.0525439 -0.0213821 0.0035904 
v -0.0524883 -0.0211616 0.00363163 
v -0.0524224 -0.0209469 0.00368622 
v -0.0523467 -0.0207393 0.00375385 
v -0.0522616 -0.0205399 0.00383411 
v -0.0521676 -0.0203501 0.00392653 
v -0.0522162 -0.0234893 0.00362077 
v -0.0522511 -0.023302 0.00354051 
v -0.0522783 -0.0231093 0.003471 
v -0.0522979 -0.0229119 0.00341256 
v -0.0523096 -0.022711 0.00336547 
v -0.0523135 -0.0225073 0.00332996 
v -0.0523095 -0.022302 0.00330619 
v -0.0522976 -0.022096 0.00329428 
v -0.0522779 -0.0218902 0.00329428 
v -0.0522505 -0.0216856 0.00330619 
v -0.0522155 -0.0214832 0.00332996 
v -0.0521731 -0.021284 0.00336547 
v -0.0521235 -0.0210889 0.00341256 
v -0.0520668 -0.0208989 0.003471 
v -0.0520035 -0.0207148 0.00354051 
v -0.0519338 -0.0205375 0.00362077 
v -0.0521753 -0.0234712 0.00358085 
v -0.0522078 -0.0232865 0.00350254 
v -0.0522331 -0.0230966 0.00343474 
v -0.052251 -0.0229024 0.00337776 
v -0.0522616 -0.0227047 0.00333186 
v -0.0522647 -0.0225044 0.00329724 
v -0.0522603 -0.0223026 0.00327408 
v -0.0522485 -0.0221001 0.00326247 
v -0.0522293 -0.0218977 0.00326247 
v -0.0522028 -0.0216966 0.00327408 
v -0.0521691 -0.0214975 0.00329724 
v -0.0521283 -0.0213015 0.00333186 
v -0.0520808 -0.0211093 0.00337776 
v -0.0520266 -0.0209219 0.00343474 
v -0.051966 -0.0207402 0.00350254 
v -0.0518993 -0.0205649 0.00358085 
v -0.0520048 -0.023395 0.00342614 
v -0.0520287 -0.0232213 0.00335612 
v -0.0520468 -0.0230435 0.00329558 
v -0.052059 -0.0228621 0.00324475 
v -0.0520653 -0.022678 0.00320385 
v -0.0520657 -0.0224918 0.00317303 
v -0.0520602 -0.0223043 0.00315242 
v -0.0520488 -0.0221161 0.00314209 
v -0.0520316 -0.0219282 0.00314209 
v -0.0520085 -0.0217412 0.00315242 
v -0.0519797 -0.0215558 0.00317303 
v -0.0519454 -0.0213727 0.00320385 
v -0.0519056 -0.0211928 0.00324475 
v -0.0518605 -0.0210168 0.00329558 
v -0.0518103 -0.0208452 0.00335612 
v -0.0517552 -0.0206788 0.00342614 
v -0.0518009 -0.0233025 0.00326257 
v -0.0518166 -0.0231424 0.00320253 
v -0.0518279 -0.0229791 0.00315069 
v -0.0518348 -0.0228131 0.00310723 
v -0.0518374 -0.022645 0.00307229 
v -0.0518354 -0.0224753 0.00304598 
v -0.0518291 -0.0223046 0.00302839 
v -0.0518184 -0.0221335 0.00301959 
v -0.0518033 -0.0219624 0.00301959 
v -0.0517839 -0.021792 0.00302839 
v -0.0517602 -0.0216229 0.00304598 
v -0.0517324 -0.0214555 0.00307229 
v -0.0517005 -0.0212904 0.00310723 
v -0.0516646 -0.0211282 0.00315069 
v -0.0516249 -0.0209694 0.00320253 
v -0.0515814 -0.0208145 0.00326257 
v -0.0515886 -0.0232051 0.00311399 
v -0.0515979 -0.0230593 0.00306402 
v -0.051604 -0.0229113 0.00302093 
v -0.0516069 -0.0227612 0.00298486 
v -0.0516066 -0.0226097 0.00295588 
v -0.0516031 -0.0224569 0.00293408 
v -0.0515964 -0.0223034 0.00291952 
v -0.0515866 -0.0221496 0.00291223 
v -0.0515736 -0.0219958 0.00291223 
v -0.0515575 -0.0218425 0.00291952 
v -0.0515384 -0.02169 0.00293408 
v -0.0515162 -0.0215388 0.00295588 
v -0.0514911 -0.0213894 0.00298486 
v -0.0514631 -0.0212419 0.00302093 
v -0.0514323 -0.021097 0.00306402 
v -0.0513988 -0.0209549 0.00311399 
v -0.0513682 -0.0231026 0.00298038 
v -0.0513727 -0.0229721 0.00294023 
v -0.0513749 -0.02284 0.00290566 
v -0.0513749 -0.0227065 0.00287674 
v -0.0513727 -0.0225719 0.00285353 
v -0.0513682 -0.0224365 0.00283609 
v -0.0513616 -0.0223005 0.00282443 
v -0.0513528 -0.0221643 0.0028186 
v -0.0513419 -0.0220282 0.0028186 
v -0.0513288 -0.0218923 0.00282443 
v -0.0513136 -0.0217571 0.00283609 
v -0.0512963 -0.0216227 0.00285353 
v -0.051277 -0.0214895 0.00287674 
v -0.0512557 -0.0213577 0.00290566 
v -0.0512324 -0.0212276 0.00294023 
v -0.0512072 -0.0210995 0.00298038 
v -0.0511159 -0.022984 0.00285058 
v -0.0511166 -0.0228712 0.0028206 
v -0.051116 -0.0227574 0.00279482 
v -0.051114 -0.0226428 0.00277328 
v -0.0511105 -0.0225274 0.002756 
v -0.0511058 -0.0224116 0.00274302 
v -0.0510996 -0.0222954 0.00273436 
v -0.0510922 -0.0221791 0.00273003 
v -0.0510833 -0.0220627 0.00273003 
v -0.0510732 -0.0219466 0.00273436 
v -0.0510617 -0.0218308 0.00274302 
v -0.051049 -0.0217156 0.002756 
v -0.0510349 -0.021601 0.00277328 
v -0.0510196 -0.0214874 0.00279482 
v -0.0510031 -0.0213748 0.0028206 
v -0.0509854 -0.0212635 0.00285058 
v -0.050859 -0.0228618 0.00274154 
v -0.0508576 -0.0227674 0.00272054 
v -0.0508554 -0.0226724 0.0027025 
v -0.0508524 -0.0225769 0.00268744 
v -0.0508486 -0.022481 0.00267538 
v -0.050844 -0.0223848 0.00266631 
v -0.0508386 -0.0222884 0.00266027 
v -0.0508325 -0.0221919 0.00265724 
v -0.0508257 -0.0220954 0.00265724 
v -0.050818 -0.021999 0.00266027 
v -0.0508096 -0.0219028 0.00266631 
v -0.0508005 -0.0218069 0.00267538 
v -0.0507907 -0.0217115 0.00268744 
v -0.0507801 -0.0216165 0.0027025 
v -0.0507689 -0.0215221 0.00272054 
v -0.0507569 -0.0214285 0.00274154 
v -0.0506026 -0.0227386 0.0026542 
v -0.0506002 -0.0226627 0.00264065 
v -0.0505974 -0.0225865 0.00262901 
v -0.0505942 -0.02251 0.00261931 
v -0.0505907 -0.0224334 0.00261154 
v -0.0505867 -0.0223565 0.00260571 
v -0.0505824 -0.0222796 0.00260182 
v -0.0505776 -0.0222026 0.00259987 
v -0.0505725 -0.0221257 0.00259987 
v -0.050567 -0.0220487 0.00260182 
v -0.0505611 -0.0219719 0.00260571 
v -0.0505548 -0.0218952 0.00261154 
v -0.0505481 -0.0218188 0.00261931 
v -0.0505411 -0.0217426 0.00262901 
v -0.0505338 -0.0216666 0.00264065 
v -0.050526 -0.0215911 0.0026542 
v -0.0503439 -0.0226133 0.00258659 
v -0.0503415 -0.0225562 0.00257894 
v -0.0503389 -0.0224989 0.00257237 
v -0.0503361 -0.0224416 0.0025669 
v -0.0503332 -0.0223842 0.00256251 
v -0.0503301 -0.0223267 0.00255922 
v -0.0503269 -0.0222691 0.00255703 
v -0.0503235 -0.0222116 0.00255593 
v -0.0503199 -0.022154 0.00255593 
v -0.0503161 -0.0220965 0.00255703 
v -0.0503122 -0.022039 0.00255922 
v -0.0503082 -0.0219815 0.00256251 
v -0.050304 -0.0219242 0.0025669 
v -0.0502996 -0.0218669 0.00257237 
v -0.0502951 -0.0218098 0.00257894 
v -0.0502904 -0.0217529 0.00258659 
v -0.0500835 -0.0224861 0.00253844 
v -0.0500817 -0.022448 0.00253503 
v -0.0500798 -0.0224098 0.00253212 
v -0.0500778 -0.0223716 0.00252968 
v -0.0500758 -0.0223334 0.00252774 
v -0.0500737 -0.0222952 0.00252628 
v -0.0500716 -0.022257 0.0025253 
v -0.0500695 -0.0222187 0.00252482 
v -0.0500673 -0.0221805 0.00252482 
v -0.050065 -0.0221422 0.0025253 
v -0.0500627 -0.022104 0.00252628 
v -0.0500604 -0.0220658 0.00252774 
v -0.050058 -0.0220276 0.00252968 
v -0.0500556 -0.0219895 0.00253212 
v -0.0500531 -0.0219514 0.00253503 
v -0.0500506 -0.0219133 0.00253844 
v -0.0498309 -0.0223617 0.00251025 
v -0.0498299 -0.022342 0.00250934 
v -0.0498289 -0.0223224 0.00250857 
v -0.0498279 -0.0223027 0.00250792 
v -0.0498269 -0.022283 0.0025074 
v -0.0498258 -0.0222633 0.00250701 
v -0.0498248 -0.0222437 0.00250676 
v -0.0498238 -0.022224 0.00250663 
v -0.0498227 -0.0222043 0.00250663 
v -0.0498217 -0.0221846 0.00250676 
v -0.0498206 -0.0221649 0.00250701 
v -0.0498195 -0.0221453 0.0025074 
v -0.0498185 -0.0221256 0.00250792 
v -0.0498174 -0.0221059 0.00250857 
v -0.0498163 -0.0220863 0.00250934 
v -0.0498152 -0.0220666 0.00251025 
v -0.0495762 -0.0222355 0.00250003 
v -0.0495761 -0.0222344 0.00250003 
v -0.0495761 -0.0222332 0.00250003 
v -0.049576 -0.0222321 0.00250003 
v -0.049576 -0.022231 0.00250002 
v -0.0495759 -0.0222299 0.00250002 
v -0.0495759 -0.0222288 0.00250002 
v -0.0495758 -0.0222277 0.00250002 
v -0.0495758 -0.0222266 0.00250002 
v -0.0495757 -0.0222255 0.00250002 
v -0.0495756 -0.0222243 0.00250002 
v -0.0495756 -0.0222232 0.00250002 
v -0.0495755 -0.0222221 0.00250003 
v -0.0495755 -0.022221 0.00250003 
v -0.0495754 -0.0222199 0.00250003 
v -0.0495754 -0.0222188 0.00250003 
v -0.0526244 -0.0195157 0.0065 
v -0.0521978 -0.0192156 0.02 
v -0.052624 -0.0195162 0.02 
v -0.0525336 -0.0194575 0.0065 
v -0.0518084 -0.0188775 0.02 
v -0.0521172 -0.0191512 0.0065 
v -0.0522003 -0.0192123 0.0065 
v -0.051458 -0.0185033 0.02 
v -0.0517437 -0.0188141 0.0065 
v -0.0518109 -0.0188747 0.0065 
v -0.0514048 -0.0184392 0.0065 
v -0.0512743 -0.0182721 0.0065 
v -0.0511307 -0.0180699 0.02 
v -0.0514606 -0.0185009 0.0065 
v -0.0508601 -0.0176223 0.02 
v -0.0509921 -0.017853 0.0065 
v -0.0511358 -0.0180665 0.0065 
v -0.0506145 -0.0171084 0.02 
v -0.0507385 -0.0173841 0.0065 
v -0.0508657 -0.0176193 0.0065 
v -0.0503955 -0.0165047 0.02 
v -0.0505132 -0.0168517 0.0065 
v -0.0506208 -0.0171058 0.0065 
v -0.0502092 -0.0157764 0.02 
v -0.0503107 -0.016209 0.0065 
v -0.0504032 -0.0165023 0.0065 
v -0.0500689 -0.0148715 0.02 
v -0.0501478 -0.0154477 0.0065 
v -0.0502178 -0.0157745 0.0065 
v -0.05 -0.0135173 0.02 
v -0.0500397 -0.0145595 0.0065 
v -0.0500776 -0.0148705 0.0065 
v -0.05 -0.0135173 0.0065 
v -0.05 -0.00948112 0.02 
v -0.05 -0.00948112 0.0065 
v -0.0499781 -0.0135173 0.00608189 
v -0.0499126 -0.0135173 0.00566835 
v -0.0498042 -0.0135173 0.00526393 
v -0.0496542 -0.0135173 0.00487305 
v -0.0494641 -0.0135173 0.0045 
v -0.0492361 -0.0135173 0.00414886 
v -0.0489726 -0.0135173 0.00382348 
v -0.0486765 -0.0135173 0.00352742 
v -0.0483511 -0.0135173 0.00326393 
v -0.048 -0.0135173 0.0030359 
v -0.0476269 -0.0135173 0.00284582 
v -0.0472361 -0.0135173 0.00269577 
v -0.0468316 -0.0135173 0.00258741 
v -0.0464181 -0.0135173 0.00252191 
v -0.046 -0.0135173 0.0025 
v -0.0460524 -0.0148772 0.0025 
v -0.0462028 -0.0161085 0.0025 
v -0.0464438 -0.0172321 0.0025 
v -0.0467616 -0.0182393 0.0025 
v -0.0471339 -0.0191179 0.0025 
v -0.0475702 -0.0199245 0.0025 
v -0.0480706 -0.020667 0.0025 
v -0.0483049 -0.0209672 0.0025 
v -0.0489172 -0.0216444 0.0025 
v -0.0500179 -0.0145613 0.00608189 
v -0.0499526 -0.0145665 0.00566835 
v -0.0498446 -0.0145751 0.00526393 
v -0.049695 -0.014587 0.00487305 
v -0.0495055 -0.0146021 0.0045 
v -0.0492782 -0.0146202 0.00414886 
v -0.0490156 -0.0146411 0.00382348 
v -0.0487204 -0.0146647 0.00352742 
v -0.0483961 -0.0146905 0.00326393 
v -0.048046 -0.0147184 0.0030359 
v -0.0476742 -0.014748 0.00284582 
v -0.0472845 -0.0147791 0.00269577 
v -0.0468814 -0.0148112 0.00258741 
v -0.0464692 -0.014844 0.00252191 
v -0.0501262 -0.0154513 0.00608189 
v -0.0500616 -0.0154621 0.00566835 
v -0.0499548 -0.01548 0.00526393 
v -0.0498068 -0.0155048 0.00487305 
v -0.0496193 -0.0155362 0.0045 
v -0.0493944 -0.0155739 0.00414886 
v -0.0491345 -0.0156174 0.00382348 
v -0.0488425 -0.0156663 0.00352742 
v -0.0485216 -0.0157201 0.00326393 
v -0.0481753 -0.0157781 0.0030359 
v -0.0478074 -0.0158397 0.00284582 
v -0.0474219 -0.0159043 0.00269577 
v -0.047023 -0.0159711 0.00258741 
v -0.0466152 -0.0160394 0.00252191 
v -0.0502896 -0.0162146 0.00608189 
v -0.0502262 -0.0162314 0.00566835 
v -0.0501215 -0.0162591 0.00526393 
v -0.0499764 -0.0162975 0.00487305 
v -0.0497927 -0.0163461 0.0045 
v -0.0495722 -0.0164044 0.00414886 
v -0.0493175 -0.0164718 0.00382348 
v -0.0490313 -0.0165475 0.00352742 
v -0.0487167 -0.0166307 0.00326393 
v -0.0483773 -0.0167206 0.0030359 
v -0.0480166 -0.016816 0.00284582 
v -0.0476388 -0.016916 0.00269577 
v -0.0472478 -0.0170194 0.00258741 
v -0.046848 -0.0171252 0.00252191 
v -0.0504927 -0.0168593 0.00608189 
v -0.0504312 -0.016882 0.00566835 
v -0.0503296 -0.0169196 0.00526393 
v -0.0501889 -0.0169717 0.00487305 
v -0.0500106 -0.0170376 0.0045 
v -0.0497967 -0.0171167 0.00414886 
v -0.0495496 -0.0172081 0.00382348 
v -0.0492719 -0.0173108 0.00352742 
v -0.0489668 -0.0174237 0.00326393 
v -0.0486374 -0.0175455 0.0030359 
v -0.0482875 -0.0176749 0.00284582 
v -0.0479209 -0.0178105 0.00269577 
v -0.0475416 -0.0179508 0.00258741 
v -0.0471538 -0.0180942 0.00252191 
v -0.0507188 -0.0173936 0.00608189 
v -0.0506598 -0.0174219 0.00566835 
v -0.0505621 -0.0174689 0.00526393 
v -0.0504269 -0.017534 0.00487305 
v -0.0502556 -0.0176163 0.0045 
v -0.0500501 -0.0177152 0.00414886 
v -0.0498127 -0.0178294 0.00382348 
v -0.0495459 -0.0179577 0.00352742 
v -0.0492526 -0.0180988 0.00326393 
v -0.0489362 -0.018251 0.0030359 
v -0.0486 -0.0184127 0.00284582 
v -0.0482478 -0.0185821 0.00269577 
v -0.0478833 -0.0187574 0.00258741 
v -0.0475106 -0.0189367 0.00252191 
v -0.0509733 -0.0178644 0.00608189 
v -0.0509173 -0.0178983 0.00566835 
v -0.0508246 -0.0179544 0.00526393 
v -0.0506963 -0.0180321 0.00487305 
v -0.0505336 -0.0181305 0.0045 
v -0.0503386 -0.0182486 0.00414886 
v -0.0501132 -0.0183851 0.00382348 
v -0.0498599 -0.0185384 0.00352742 
v -0.0495816 -0.0187069 0.00326393 
v -0.0492812 -0.0188887 0.0030359 
v -0.048962 -0.0190819 0.00284582 
v -0.0486277 -0.0192844 0.00269577 
v -0.0482817 -0.0194938 0.00258741 
v -0.0479279 -0.0197079 0.00252191 
v -0.0512568 -0.0182852 0.00608189 
v -0.0512043 -0.0183244 0.00566835 
v -0.0511175 -0.0183893 0.00526393 
v -0.0509974 -0.0184792 0.00487305 
v -0.0508451 -0.018593 0.0045 
v -0.0506625 -0.0187295 0.00414886 
v -0.0504514 -0.0188873 0.00382348 
v -0.0502143 -0.0190645 0.00352742 
v -0.0499537 -0.0192593 0.00326393 
v -0.0496725 -0.0194696 0.0030359 
v -0.0493737 -0.0196929 0.00284582 
v -0.0490606 -0.019927 0.00269577 
v -0.0487367 -0.0201691 0.00258741 
v -0.0484054 -0.0204167 0.00252191 
v -0.0513878 -0.018453 0.00608189 
v -0.0513371 -0.0184944 0.00566835 
v -0.0512531 -0.0185629 0.00526393 
v -0.0511368 -0.0186578 0.00487305 
v -0.0509895 -0.0187779 0.0045 
v -0.0508128 -0.018922 0.00414886 
v -0.0506086 -0.0190885 0.00382348 
v -0.0503792 -0.0192756 0.00352742 
v -0.050127 -0.0194813 0.00326393 
v -0.0498549 -0.0197032 0.0030359 
v -0.0495658 -0.019939 0.00284582 
v -0.0492629 -0.020186 0.00269577 
v -0.0489494 -0.0204416 0.00258741 
v -0.048629 -0.0207029 0.00252191 
v -0.0517282 -0.0188296 0.00608189 
v -0.051682 -0.0188759 0.00566835 
v -0.0516054 -0.0189526 0.00526393 
v -0.0514994 -0.0190588 0.00487305 
v -0.051365 -0.0191933 0.0045 
v -0.0512039 -0.0193546 0.00414886 
v -0.0510177 -0.0195411 0.00382348 
v -0.0508085 -0.0197505 0.00352742 
v -0.0505786 -0.0199808 0.00326393 
v -0.0503305 -0.0202292 0.0030359 
v -0.0500669 -0.0204932 0.00284582 
v -0.0497906 -0.0207698 0.00269577 
v -0.0495049 -0.0210559 0.00258741 
v -0.0492127 -0.0213486 0.00252191 
v -0.0521034 -0.0191682 0.00608189 
v -0.052062 -0.0192189 0.00566835 
v -0.0519935 -0.0193029 0.00526393 
v -0.0518987 -0.0194192 0.00487305 
v -0.0517785 -0.0195665 0.0045 
v -0.0516344 -0.0197432 0.00414886 
v -0.0514678 -0.0199474 0.00382348 
v -0.0512807 -0.0201768 0.00352742 
v -0.051075 -0.0204289 0.00326393 
v -0.0508531 -0.020701 0.0030359 
v -0.0506173 -0.0209901 0.00284582 
v -0.0503702 -0.021293 0.00269577 
v -0.0501146 -0.0216064 0.00258741 
v -0.0498532 -0.0219268 0.00252191 
v -0.0525215 -0.0194758 0.00608189 
v -0.0524853 -0.0195304 0.00566835 
v -0.0524254 -0.0196207 0.00526393 
v -0.0523425 -0.0197458 0.00487305 
v -0.0522375 -0.0199042 0.0045 
v -0.0521115 -0.0200943 0.00414886 
v -0.046 -0.00948112 0.0025 
v -0.0464181 -0.00948112 0.00252191 
v -0.0468316 -0.00948112 0.00258741 
v -0.0472361 -0.00948112 0.00269577 
v -0.0476269 -0.00948112 0.00284582 
v -0.048 -0.00948112 0.0030359 
v -0.0483511 -0.00948112 0.00326393 
v -0.0486765 -0.00948112 0.00352742 
v -0.0489726 -0.00948112 0.00382348 
v -0.0492361 -0.00948112 0.00414886 
v -0.0494641 -0.00948112 0.0045 
v -0.0496542 -0.00948112 0.00487305 
v -0.0498042 -0.00948112 0.00526393 
v -0.0499126 -0.00948112 0.00566835 
v -0.0499781 -0.00948112 0.00608189 
v -0.0464181 -0.00550303 0.0065 
v -0.046 -0.00548112 0.0065 
v -0.046 -0.00548112 0.02 
v -0.0468316 -0.00556853 0.0065 
v -0.0464181 -0.00550303 0.02 
v -0.0472361 -0.00567689 0.0065 
v -0.0468316 -0.00556853 0.02 
v -0.0476269 -0.00582694 0.0065 
v -0.0472361 -0.00567689 0.02 
v -0.048 -0.00601702 0.0065 
v -0.0476269 -0.00582694 0.02 
v -0.0483511 -0.00624505 0.0065 
v -0.048 -0.00601702 0.02 
v -0.0486765 -0.00650854 0.0065 
v -0.0483511 -0.00624505 0.02 
v -0.0489726 -0.00680459 0.0065 
v -0.0486765 -0.00650854 0.02 
v -0.0492361 -0.00712998 0.0065 
v -0.0489726 -0.00680459 0.02 
v -0.0494641 -0.00748112 0.0065 
v -0.0492361 -0.00712998 0.02 
v -0.0496542 -0.00785417 0.0065 
v -0.0494641 -0.00748112 0.02 
v -0.0498042 -0.00824505 0.0065 
v -0.0496542 -0.00785417 0.02 
v -0.0499126 -0.00864947 0.0065 
v -0.0498042 -0.00824505 0.02 
v -0.0499781 -0.009063 0.0065 
v -0.0499126 -0.00864947 0.02 
v -0.0499781 -0.009063 0.02 
v -0.0489622 -0.0284756 0.00629066 
v -0.0489554 -0.0284592 0.00608189 
v -0.0489441 -0.0284319 0.00587426 
v -0.0489283 -0.0283937 0.00566835 
v -0.048908 -0.0283448 0.00546472 
v -0.0488834 -0.0282853 0.00526393 
v -0.0488544 -0.0282154 0.00506653 
v -0.0488212 -0.0281353 0.00487305 
v -0.0487839 -0.0280451 0.00468404 
v -0.0487425 -0.0279452 0.0045 
v -0.048648 -0.0277172 0.00414886 
v -0.0485389 -0.0274537 0.00382348 
v -0.0484163 -0.0271576 0.00352742 
v -0.0482815 -0.0268323 0.00326393 
v -0.048136 -0.0264811 0.0030359 
v -0.0479815 -0.0261081 0.00284582 
v -0.0478196 -0.0257172 0.00269577 
v -0.0476521 -0.0253128 0.00258741 
v -0.0474808 -0.0248992 0.00252191 
v -0.0473076 -0.0244811 0.0025 
v 0.0489622 -0.0284756 0.00629066 
v 0.0489554 -0.0284592 0.00608189 
v 0.0489645 -0.0284811 0.0065 
v 0.0489441 -0.0284319 0.00587426 
v 0.0489283 -0.0283937 0.00566835 
v 0.048908 -0.0283448 0.00546472 
v 0.0488834 -0.0282853 0.00526393 
v 0.0488544 -0.0282154 0.00506653 
v 0.0488212 -0.0281353 0.00487305 
v 0.0487839 -0.0280451 0.00468404 
v 0.0487425 -0.0279452 0.0045 
v 0.048648 -0.0277172 0.00414886 
v 0.0485389 -0.0274537 0.00382348 
v 0.0484163 -0.0271576 0.00352742 
v 0.0482815 -0.0268323 0.00326393 
v 0.048136 -0.0264811 0.0030359 
v 0.0479815 -0.0261081 0.00284582 
v 0.0478196 -0.0257172 0.00269577 
v 0.0476521 -0.0253128 0.00258741 
v 0.0474808 -0.0248992 0.00252191 
v 0.0473076 -0.0244811 0.0025 
v -0.046 -0.00550303 0.00608189 
v -0.046 -0.00556853 0.00566835 
v -0.046 -0.00567689 0.00526393 
v -0.046 -0.00582694 0.00487305 
v -0.046 -0.00601702 0.0045 
v -0.046 -0.00624505 0.00414886 
v -0.046 -0.00650854 0.00382348 
v -0.046 -0.00680459 0.00352742 
v -0.046 -0.00712998 0.00326393 
v -0.046 -0.00748112 0.0030359 
v -0.046 -0.00785417 0.00284582 
v -0.046 -0.00824505 0.00269577 
v -0.046 -0.00864947 0.00258741 
v -0.046 -0.009063 0.00252191 
v -0.0460437 -0.00550303 0.00608418 
v -0.0460869 -0.00556853 0.00567291 
v -0.0460869 -0.00550303 0.00609102 
v -0.0461729 -0.00556853 0.00568653 
v -0.0461292 -0.00550303 0.00610235 
v -0.046257 -0.00556853 0.00570906 
v -0.0461701 -0.00550303 0.00611803 
v -0.0463383 -0.00556853 0.00574025 
v -0.0462091 -0.00550303 0.0061379 
v -0.0464158 -0.00556853 0.00577977 
v -0.0462458 -0.00550303 0.00616174 
v -0.0464888 -0.00556853 0.00582718 
v -0.0462798 -0.00550303 0.00618928 
v -0.0465565 -0.00556853 0.00588197 
v -0.0463107 -0.00550303 0.00622023 
v -0.046618 -0.00556853 0.00594352 
v -0.0463383 -0.00550303 0.00625424 
v -0.0466728 -0.00556853 0.00601117 
v -0.0463621 -0.00550303 0.00629094 
v -0.0467202 -0.00556853 0.00608418 
v -0.046382 -0.00550303 0.00632994 
v -0.0467597 -0.00556853 0.00616174 
v -0.0463976 -0.00550303 0.0063708 
v -0.0467909 -0.00556853 0.00624301 
v -0.046409 -0.00550303 0.00641307 
v -0.0468135 -0.00556853 0.00632709 
v -0.0464158 -0.00550303 0.0064563 
v -0.0468271 -0.00556853 0.00641307 
v -0.0461292 -0.00567689 0.0052707 
v -0.046257 -0.00567689 0.00529094 
v -0.046382 -0.00567689 0.00532443 
v -0.0465028 -0.00567689 0.0053708 
v -0.046618 -0.00567689 0.00542953 
v -0.0467265 -0.00567689 0.0055 
v -0.0468271 -0.00567689 0.00558142 
v -0.0469186 -0.00567689 0.00567291 
v -0.047 -0.00567689 0.00577346 
v -0.0470705 -0.00567689 0.00588197 
v -0.0471292 -0.00567689 0.00599725 
v -0.0471756 -0.00567689 0.00611803 
v -0.0472091 -0.00567689 0.00624301 
v -0.0472293 -0.00567689 0.0063708 
v -0.0461701 -0.00582694 0.00488197 
v -0.0463383 -0.00582694 0.00490861 
v -0.0465028 -0.00582694 0.00495268 
v -0.0466617 -0.00582694 0.00501371 
v -0.0468135 -0.00582694 0.00509102 
v -0.0469563 -0.00582694 0.00518377 
v -0.0470886 -0.00582694 0.00529094 
v -0.0472091 -0.00582694 0.00541136 
v -0.0473162 -0.00582694 0.0055437 
v -0.047409 -0.00582694 0.00568653 
v -0.0474863 -0.00582694 0.00583826 
v -0.0475473 -0.00582694 0.00599725 
v -0.0475914 -0.00582694 0.00616174 
v -0.047618 -0.00582694 0.00632994 
v -0.0462091 -0.00601702 0.00451096 
v -0.0464158 -0.00601702 0.0045437 
v -0.046618 -0.00601702 0.00459789 
v -0.0468135 -0.00601702 0.00467291 
v -0.047 -0.00601702 0.00476795 
v -0.0471756 -0.00601702 0.00488197 
v -0.0473383 -0.00601702 0.00501371 
v -0.0474863 -0.00601702 0.00516174 
v -0.047618 -0.00601702 0.00532443 
v -0.0477321 -0.00601702 0.0055 
v -0.0478271 -0.00601702 0.00568653 
v -0.0479021 -0.00601702 0.00588197 
v -0.0479563 -0.00601702 0.00608418 
v -0.047989 -0.00601702 0.00629094 
v -0.0462458 -0.00624505 0.00416174 
v -0.0464888 -0.00624505 0.00420024 
v -0.0467265 -0.00624505 0.00426393 
v -0.0469563 -0.00624505 0.00435213 
v -0.0471756 -0.00624505 0.00446385 
v -0.047382 -0.00624505 0.00459789 
v -0.0475732 -0.00624505 0.00475276 
v -0.0477472 -0.00624505 0.00492678 
v -0.0479021 -0.00624505 0.00511803 
v -0.0480361 -0.00624505 0.00532443 
v -0.0481479 -0.00624505 0.0055437 
v -0.0482361 -0.00624505 0.00577346 
v -0.0482998 -0.00624505 0.00601117 
v -0.0483383 -0.00624505 0.00625424 
v -0.0462798 -0.00650854 0.00383814 
v -0.0465565 -0.00650854 0.00388197 
v -0.0468271 -0.00650854 0.00395448 
v -0.0470886 -0.00650854 0.00405488 
v -0.0473383 -0.00650854 0.00418206 
v -0.0475732 -0.00650854 0.00433465 
v -0.0477909 -0.00650854 0.00451096 
v -0.047989 -0.00650854 0.00470906 
v -0.0481654 -0.00650854 0.00492678 
v -0.0483179 -0.00650854 0.00516174 
v -0.0484451 -0.00650854 0.00541136 
v -0.0485455 -0.00650854 0.00567291 
v -0.048618 -0.00650854 0.00594352 
v -0.0486619 -0.00650854 0.00622023 
v -0.0463107 -0.00680459 0.0035437 
v -0.046618 -0.00680459 0.00359238 
v -0.0469186 -0.00680459 0.00367291 
v -0.0472091 -0.00680459 0.00378441 
v -0.0474863 -0.00680459 0.00392567 
v -0.0477472 -0.00680459 0.00409513 
v -0.047989 -0.00680459 0.00429094 
v -0.0482091 -0.00680459 0.00451096 
v -0.0484049 -0.00680459 0.00475276 
v -0.0485743 -0.00680459 0.00501371 
v -0.0487156 -0.00680459 0.00529094 
v -0.0488271 -0.00680459 0.00558142 
v -0.0489076 -0.00680459 0.00588197 
v -0.0489563 -0.00680459 0.00618928 
v -0.0463383 -0.00712998 0.00328166 
v -0.0466728 -0.00712998 0.00333465 
v -0.047 -0.00712998 0.00342232 
v -0.0473162 -0.00712998 0.0035437 
v -0.047618 -0.00712998 0.00369748 
v -0.0479021 -0.00712998 0.00388197 
v -0.0481654 -0.00712998 0.00409513 
v -0.0484049 -0.00712998 0.00433465 
v -0.048618 -0.00712998 0.00459789 
v -0.0488025 -0.00712998 0.00488197 
v -0.0489563 -0.00712998 0.00518377 
v -0.0490777 -0.00712998 0.0055 
v -0.0491654 -0.00712998 0.00582718 
v -0.0492183 -0.00712998 0.00616174 
v -0.0463621 -0.00748112 0.00305488 
v -0.0467202 -0.00748112 0.0031116 
v -0.0470705 -0.00748112 0.00320544 
v -0.047409 -0.00748112 0.00333539 
v -0.0477321 -0.00748112 0.0035 
v -0.0480361 -0.00748112 0.00369748 
v -0.0483179 -0.00748112 0.00392567 
v -0.0485743 -0.00748112 0.00418206 
v -0.0488025 -0.00748112 0.00446385 
v -0.049 -0.00748112 0.00476795 
v -0.0491646 -0.00748112 0.00509102 
v -0.0492946 -0.00748112 0.00542953 
v -0.0493884 -0.00748112 0.00577977 
v -0.0494451 -0.00748112 0.0061379 
v -0.046382 -0.00785417 0.00286584 
v -0.0467597 -0.00785417 0.00292567 
v -0.0471292 -0.00785417 0.00302467 
v -0.0474863 -0.00785417 0.00316174 
v -0.0478271 -0.00785417 0.00333539 
v -0.0481479 -0.00785417 0.0035437 
v -0.0484451 -0.00785417 0.00378441 
v -0.0487156 -0.00785417 0.00405488 
v -0.0489563 -0.00785417 0.00435213 
v -0.0491646 -0.00785417 0.00467291 
v -0.0493383 -0.00785417 0.00501371 
v -0.0494753 -0.00785417 0.0053708 
v -0.0495743 -0.00785417 0.00574025 
v -0.0496342 -0.00785417 0.00611803 
v -0.0463976 -0.00824505 0.00271661 
v -0.0467909 -0.00824505 0.00277891 
v -0.0471756 -0.00824505 0.00288197 
v -0.0475473 -0.00824505 0.00302467 
v -0.0479021 -0.00824505 0.00320544 
v -0.0482361 -0.00824505 0.00342232 
v -0.0485455 -0.00824505 0.00367291 
v -0.0488271 -0.00824505 0.00395448 
v -0.0490777 -0.00824505 0.00426393 
v -0.0492946 -0.00824505 0.00459789 
v -0.0494753 -0.00824505 0.00495268 
v -0.049618 -0.00824505 0.00532443 
v -0.0497211 -0.00824505 0.00570906 
v -0.0497834 -0.00824505 0.00610235 
v -0.046409 -0.00864947 0.00260884 
v -0.0468135 -0.00864947 0.00267291 
v -0.0472091 -0.00864947 0.00277891 
v -0.0475914 -0.00864947 0.00292567 
v -0.0479563 -0.00864947 0.0031116 
v -0.0482998 -0.00864947 0.00333465 
v -0.048618 -0.00864947 0.00359238 
v -0.0489076 -0.00864947 0.00388197 
v -0.0491654 -0.00864947 0.00420024 
v -0.0493884 -0.00864947 0.0045437 
v -0.0495743 -0.00864947 0.00490861 
v -0.0497211 -0.00864947 0.00529094 
v -0.0498271 -0.00864947 0.00568653 
v -0.0498912 -0.00864947 0.00609102 
v -0.0464158 -0.009063 0.0025437 
v -0.0468271 -0.009063 0.00260884 
v -0.0472293 -0.009063 0.00271661 
v -0.047618 -0.009063 0.00286584 
v -0.047989 -0.009063 0.00305488 
v -0.0483383 -0.009063 0.00328166 
v -0.0486619 -0.009063 0.0035437 
v -0.0489563 -0.009063 0.00383814 
v -0.0492183 -0.009063 0.00416174 
v -0.0494451 -0.009063 0.00451096 
v -0.0496342 -0.009063 0.00488197 
v -0.0497834 -0.009063 0.0052707 
v -0.0498912 -0.009063 0.00567291 
v -0.0499563 -0.009063 0.00608418 
v 0.046 -0.00548112 0.0065 
v 0.046 -0.00548112 0.02 
v 0.046 -0.00948112 0.0025 
v 0.046 -0.009063 0.00252191 
v 0.046 -0.00864947 0.00258741 
v 0.046 -0.00824505 0.00269577 
v 0.046 -0.00785417 0.00284582 
v 0.046 -0.00748112 0.0030359 
v 0.046 -0.00712998 0.00326393 
v 0.046 -0.00680459 0.00352742 
v 0.046 -0.00650854 0.00382348 
v 0.046 -0.00624505 0.00414886 
v 0.046 -0.00601702 0.0045 
v 0.046 -0.00582694 0.00487305 
v 0.046 -0.00567689 0.00526393 
v 0.046 -0.00556853 0.00566835 
v 0.046 -0.00550303 0.00608189 
v 0.0464181 -0.00550303 0.02 
v 0.0468316 -0.00556853 0.02 
v 0.0464181 -0.00550303 0.0065 
v 0.0472361 -0.00567689 0.02 
v 0.0468316 -0.00556853 0.0065 
v 0.0476269 -0.00582694 0.02 
v 0.0472361 -0.00567689 0.0065 
v 0.048 -0.00601702 0.02 
v 0.0476269 -0.00582694 0.0065 
v 0.0483511 -0.00624505 0.02 
v 0.048 -0.00601702 0.0065 
v 0.0486765 -0.00650854 0.02 
v 0.0483511 -0.00624505 0.0065 
v 0.0489726 -0.00680459 0.02 
v 0.0486765 -0.00650854 0.0065 
v 0.0492361 -0.00712998 0.02 
v 0.0489726 -0.00680459 0.0065 
v 0.0494641 -0.00748112 0.02 
v 0.0492361 -0.00712998 0.0065 
v 0.0496542 -0.00785417 0.02 
v 0.0494641 -0.00748112 0.0065 
v 0.0498042 -0.00824505 0.02 
v 0.0496542 -0.00785417 0.0065 
v 0.0499126 -0.00864947 0.02 
v 0.0498042 -0.00824505 0.0065 
v 0.0499781 -0.009063 0.02 
v 0.0499126 -0.00864947 0.0065 
v 0.05 -0.00948112 0.02 
v 0.0499781 -0.009063 0.0065 
v 0.05 -0.00948112 0.0065 
v 0.0499781 -0.00948112 0.00608189 
v 0.0499126 -0.00948112 0.00566835 
v 0.0498042 -0.00948112 0.00526393 
v 0.0496542 -0.00948112 0.00487305 
v 0.0494641 -0.00948112 0.0045 
v 0.0492361 -0.00948112 0.00414886 
v 0.0489726 -0.00948112 0.00382348 
v 0.0486765 -0.00948112 0.00352742 
v 0.0483511 -0.00948112 0.00326393 
v 0.048 -0.00948112 0.0030359 
v 0.0476269 -0.00948112 0.00284582 
v 0.0472361 -0.00948112 0.00269577 
v 0.0468316 -0.00948112 0.00258741 
v 0.0464181 -0.00948112 0.00252191 
v 0.0464158 -0.00550303 0.0064563 
v 0.0468271 -0.00556853 0.00641307 
v 0.046409 -0.00550303 0.00641307 
v 0.0468135 -0.00556853 0.00632709 
v 0.0463976 -0.00550303 0.0063708 
v 0.0467909 -0.00556853 0.00624301 
v 0.046382 -0.00550303 0.00632994 
v 0.0467597 -0.00556853 0.00616174 
v 0.0463621 -0.00550303 0.00629094 
v 0.0467202 -0.00556853 0.00608418 
v 0.0463383 -0.00550303 0.00625424 
v 0.0466728 -0.00556853 0.00601117 
v 0.0463107 -0.00550303 0.00622023 
v 0.046618 -0.00556853 0.00594352 
v 0.0462798 -0.00550303 0.00618928 
v 0.0465565 -0.00556853 0.00588197 
v 0.0462458 -0.00550303 0.00616174 
v 0.0464888 -0.00556853 0.00582718 
v 0.0462091 -0.00550303 0.0061379 
v 0.0464158 -0.00556853 0.00577977 
v 0.0461701 -0.00550303 0.00611803 
v 0.0463383 -0.00556853 0.00574025 
v 0.0461292 -0.00550303 0.00610235 
v 0.046257 -0.00556853 0.00570906 
v 0.0460869 -0.00550303 0.00609102 
v 0.0461729 -0.00556853 0.00568653 
v 0.0460437 -0.00550303 0.00608418 
v 0.0460869 -0.00556853 0.00567291 
v 0.0472293 -0.00567689 0.0063708 
v 0.0472091 -0.00567689 0.00624301 
v 0.0471756 -0.00567689 0.00611803 
v 0.0471292 -0.00567689 0.00599725 
v 0.0470705 -0.00567689 0.00588197 
v 0.047 -0.00567689 0.00577346 
v 0.0469186 -0.00567689 0.00567291 
v 0.0468271 -0.00567689 0.00558142 
v 0.0467265 -0.00567689 0.0055 
v 0.046618 -0.00567689 0.00542953 
v 0.0465028 -0.00567689 0.0053708 
v 0.046382 -0.00567689 0.00532443 
v 0.046257 -0.00567689 0.00529094 
v 0.0461292 -0.00567689 0.0052707 
v 0.047618 -0.00582694 0.00632994 
v 0.0475914 -0.00582694 0.00616174 
v 0.0475473 -0.00582694 0.00599725 
v 0.0474863 -0.00582694 0.00583826 
v 0.047409 -0.00582694 0.00568653 
v 0.0473162 -0.00582694 0.0055437 
v 0.0472091 -0.00582694 0.00541136 
v 0.0470886 -0.00582694 0.00529094 
v 0.0469563 -0.00582694 0.00518377 
v 0.0468135 -0.00582694 0.00509102 
v 0.0466617 -0.00582694 0.00501371 
v 0.0465028 -0.00582694 0.00495268 
v 0.0463383 -0.00582694 0.00490861 
v 0.0461701 -0.00582694 0.00488197 
v 0.047989 -0.00601702 0.00629094 
v 0.0479563 -0.00601702 0.00608418 
v 0.0479021 -0.00601702 0.00588197 
v 0.0478271 -0.00601702 0.00568653 
v 0.0477321 -0.00601702 0.0055 
v 0.047618 -0.00601702 0.00532443 
v 0.0474863 -0.00601702 0.00516174 
v 0.0473383 -0.00601702 0.00501371 
v 0.0471756 -0.00601702 0.00488197 
v 0.047 -0.00601702 0.00476795 
v 0.0468135 -0.00601702 0.00467291 
v 0.046618 -0.00601702 0.00459789 
v 0.0464158 -0.00601702 0.0045437 
v 0.0462091 -0.00601702 0.00451096 
v 0.0483383 -0.00624505 0.00625424 
v 0.0482998 -0.00624505 0.00601117 
v 0.0482361 -0.00624505 0.00577346 
v 0.0481479 -0.00624505 0.0055437 
v 0.0480361 -0.00624505 0.00532443 
v 0.0479021 -0.00624505 0.00511803 
v 0.0477472 -0.00624505 0.00492678 
v 0.0475732 -0.00624505 0.00475276 
v 0.047382 -0.00624505 0.00459789 
v 0.0471756 -0.00624505 0.00446385 
v 0.0469563 -0.00624505 0.00435213 
v 0.0467265 -0.00624505 0.00426393 
v 0.0464888 -0.00624505 0.00420024 
v 0.0462458 -0.00624505 0.00416174 
v 0.0486619 -0.00650854 0.00622023 
v 0.048618 -0.00650854 0.00594352 
v 0.0485455 -0.00650854 0.00567291 
v 0.0484451 -0.00650854 0.00541136 
v 0.0483179 -0.00650854 0.00516174 
v 0.0481654 -0.00650854 0.00492678 
v 0.047989 -0.00650854 0.00470906 
v 0.0477909 -0.00650854 0.00451096 
v 0.0475732 -0.00650854 0.00433465 
v 0.0473383 -0.00650854 0.00418206 
v 0.0470886 -0.00650854 0.00405488 
v 0.0468271 -0.00650854 0.00395448 
v 0.0465565 -0.00650854 0.00388197 
v 0.0462798 -0.00650854 0.00383814 
v 0.0489563 -0.00680459 0.00618928 
v 0.0489076 -0.00680459 0.00588197 
v 0.0488271 -0.00680459 0.00558142 
v 0.0487156 -0.00680459 0.00529094 
v 0.0485743 -0.00680459 0.00501371 
v 0.0484049 -0.00680459 0.00475276 
v 0.0482091 -0.00680459 0.00451096 
v 0.047989 -0.00680459 0.00429094 
v 0.0477472 -0.00680459 0.00409513 
v 0.0474863 -0.00680459 0.00392567 
v 0.0472091 -0.00680459 0.00378441 
v 0.0469186 -0.00680459 0.00367291 
v 0.046618 -0.00680459 0.00359238 
v 0.0463107 -0.00680459 0.0035437 
v 0.0492183 -0.00712998 0.00616174 
v 0.0491654 -0.00712998 0.00582718 
v 0.0490777 -0.00712998 0.0055 
v 0.0489563 -0.00712998 0.00518377 
v 0.0488025 -0.00712998 0.00488197 
v 0.048618 -0.00712998 0.00459789 
v 0.0484049 -0.00712998 0.00433465 
v 0.0481654 -0.00712998 0.00409513 
v 0.0479021 -0.00712998 0.00388197 
v 0.047618 -0.00712998 0.00369748 
v 0.0473162 -0.00712998 0.0035437 
v 0.047 -0.00712998 0.00342232 
v 0.0466728 -0.00712998 0.00333465 
v 0.0463383 -0.00712998 0.00328166 
v 0.0494451 -0.00748112 0.0061379 
v 0.0493884 -0.00748112 0.00577977 
v 0.0492946 -0.00748112 0.00542953 
v 0.0491646 -0.00748112 0.00509102 
v 0.049 -0.00748112 0.00476795 
v 0.0488025 -0.00748112 0.00446385 
v 0.0485743 -0.00748112 0.00418206 
v 0.0483179 -0.00748112 0.00392567 
v 0.0480361 -0.00748112 0.00369748 
v 0.0477321 -0.00748112 0.0035 
v 0.047409 -0.00748112 0.00333539 
v 0.0470705 -0.00748112 0.00320544 
v 0.0467202 -0.00748112 0.0031116 
v 0.0463621 -0.00748112 0.00305488 
v 0.0496342 -0.00785417 0.00611803 
v 0.0495743 -0.00785417 0.00574025 
v 0.0494753 -0.00785417 0.0053708 
v 0.0493383 -0.00785417 0.00501371 
v 0.0491646 -0.00785417 0.00467291 
v 0.0489563 -0.00785417 0.00435213 
v 0.0487156 -0.00785417 0.00405488 
v 0.0484451 -0.00785417 0.00378441 
v 0.0481479 -0.00785417 0.0035437 
v 0.0478271 -0.00785417 0.00333539 
v 0.0474863 -0.00785417 0.00316174 
v 0.0471292 -0.00785417 0.00302467 
v 0.0467597 -0.00785417 0.00292567 
v 0.046382 -0.00785417 0.00286584 
v 0.0497834 -0.00824505 0.00610235 
v 0.0497211 -0.00824505 0.00570906 
v 0.049618 -0.00824505 0.00532443 
v 0.0494753 -0.00824505 0.00495268 
v 0.0492946 -0.00824505 0.00459789 
v 0.0490777 -0.00824505 0.00426393 
v 0.0488271 -0.00824505 0.00395448 
v 0.0485455 -0.00824505 0.00367291 
v 0.0482361 -0.00824505 0.00342232 
v 0.0479021 -0.00824505 0.00320544 
v 0.0475473 -0.00824505 0.00302467 
v 0.0471756 -0.00824505 0.00288197 
v 0.0467909 -0.00824505 0.00277891 
v 0.0463976 -0.00824505 0.00271661 
v 0.0498912 -0.00864947 0.00609102 
v 0.0498271 -0.00864947 0.00568653 
v 0.0497211 -0.00864947 0.00529094 
v 0.0495743 -0.00864947 0.00490861 
v 0.0493884 -0.00864947 0.0045437 
v 0.0491654 -0.00864947 0.00420024 
v 0.0489076 -0.00864947 0.00388197 
v 0.048618 -0.00864947 0.00359238 
v 0.0482998 -0.00864947 0.00333465 
v 0.0479563 -0.00864947 0.0031116 
v 0.0475914 -0.00864947 0.00292567 
v 0.0472091 -0.00864947 0.00277891 
v 0.0468135 -0.00864947 0.00267291 
v 0.046409 -0.00864947 0.00260884 
v 0.0499563 -0.009063 0.00608418 
v 0.0498912 -0.009063 0.00567291 
v 0.0497834 -0.009063 0.0052707 
v 0.0496342 -0.009063 0.00488197 
v 0.0494451 -0.009063 0.00451096 
v 0.0492183 -0.009063 0.00416174 
v 0.0489563 -0.009063 0.00383814 
v 0.0486619 -0.009063 0.0035437 
v 0.0483383 -0.009063 0.00328166 
v 0.047989 -0.009063 0.00305488 
v 0.047618 -0.009063 0.00286584 
v 0.0472293 -0.009063 0.00271661 
v 0.0468271 -0.009063 0.00260884 
v 0.0464158 -0.009063 0.0025437 
v 0.05 -0.0135173 0.02 
v 0.05 -0.0135173 0.0065 
v 0.046 -0.0135173 0.0025 
v 0.0464181 -0.0135173 0.00252191 
v 0.0468316 -0.0135173 0.00258741 
v 0.0472361 -0.0135173 0.00269577 
v 0.0476269 -0.0135173 0.00284582 
v 0.048 -0.0135173 0.0030359 
v 0.0483511 -0.0135173 0.00326393 
v 0.0486765 -0.0135173 0.00352742 
v 0.0489726 -0.0135173 0.00382348 
v 0.0492361 -0.0135173 0.00414886 
v 0.0494641 -0.0135173 0.0045 
v 0.0496542 -0.0135173 0.00487305 
v 0.0498042 -0.0135173 0.00526393 
v 0.0499126 -0.0135173 0.00566835 
v 0.0499781 -0.0135173 0.00608189 
v 0.0460524 -0.0148772 0.0025 
v 0.00447362 -0.0168619 0.0025 
v -0.00447362 -0.0178349 0.0025 
v -0.0045 -0.0173484 0.0025 
v 0.0045 -0.0173484 0.0025 
v 0.0462028 -0.0161085 0.0025 
v -0.00447362 -0.0168619 0.0025 
v 0.0464438 -0.0172321 0.0025 
v 0.00439479 -0.016381 0.0025 
v 0.00447362 -0.0178349 0.0025 
v 0.0467616 -0.0182393 0.0025 
v 0.00408409 -0.0154589 0.0025 
v 0.00426444 -0.0159115 0.0025 
v 0.0471339 -0.0191179 0.0025 
v 0.0483049 -0.0209672 0.0025 
v 0.0480706 -0.020667 0.0025 
v 0.00358242 -0.0146251 0.0025 
v 0.00385586 -0.0150284 0.0025 
v -0.00291324 -0.0139187 0.0025 
v -0.00252534 -0.0136238 0.0025 
v -0.00358242 -0.0146251 0.0025 
v -0.00326698 -0.0142537 0.0025 
v 0.0475702 -0.0199245 0.0025 
v 0.0489172 -0.0216444 0.0025 
v 0.00291324 -0.0139187 0.0025 
v 0.00326698 -0.0142537 0.0025 
v -0.00408409 -0.0154589 0.0025 
v -0.00385586 -0.0150284 0.0025 
v 0.00210784 -0.0133726 0.0025 
v 0.00252534 -0.0136238 0.0025 
v 0.000728019 -0.0129077 0.0025 
v 0.00120388 -0.0130124 0.0025 
v -0.00210784 -0.0133726 0.0025 
v -0.00166562 -0.013168 0.0025 
v -0.00439479 -0.016381 0.0025 
v -0.00426444 -0.0159115 0.0025 
v -0.00439479 -0.0183158 0.0025 
v -0.00385586 -0.0196684 0.0025 
v -0.00408409 -0.0192379 0.0025 
v -0.00326698 -0.020443 0.0025 
v -0.00358242 -0.0200717 0.0025 
v 0.00439479 -0.0183158 0.0025 
v 0.0495609 -0.0222279 0.0025 
v 0.00166562 -0.013168 0.0025 
v -0.000243625 -0.012855 0.0025 
v 0.000243625 -0.012855 0.0025 
v -0.000728019 -0.0129077 0.0025 
v -0.00120388 -0.0130124 0.0025 
v -0.00426444 -0.0187852 0.0025 
v -0.00252534 -0.021073 0.0025 
v -0.00291324 -0.0207781 0.0025 
v -0.00166562 -0.0215288 0.0025 
v -0.00210784 -0.0213242 0.0025 
v 0.000728019 -0.0217891 0.0025 
v 0.000243625 -0.0218418 0.0025 
v 0.00385586 -0.0196684 0.0025 
v 0.00358242 -0.0200717 0.0025 
v 0.00426444 -0.0187852 0.0025 
v 0.00408409 -0.0192379 0.0025 
v -0.000728019 -0.0217891 0.0025 
v -0.00120388 -0.0216844 0.0025 
v -0.000243625 -0.0218418 0.0025 
v 0.00120388 -0.0216844 0.0025 
v 0.00291324 -0.0207781 0.0025 
v 0.00252534 -0.021073 0.0025 
v 0.00326698 -0.020443 0.0025 
v 0.00210784 -0.0213242 0.0025 
v 0.00166562 -0.0215288 0.0025 
v 0.0500397 -0.0145595 0.0065 
v 0.0500689 -0.0148715 0.02 
v 0.0500776 -0.0148705 0.0065 
v 0.0501478 -0.0154477 0.0065 
v 0.0502092 -0.0157764 0.02 
v 0.0502178 -0.0157745 0.0065 
v 0.0503107 -0.016209 0.0065 
v 0.0503955 -0.0165047 0.02 
v 0.0504032 -0.0165023 0.0065 
v 0.0505132 -0.0168517 0.0065 
v 0.0506145 -0.0171084 0.02 
v 0.0506208 -0.0171058 0.0065 
v 0.0507385 -0.0173841 0.0065 
v 0.0508601 -0.0176223 0.02 
v 0.0508657 -0.0176193 0.0065 
v 0.0509921 -0.017853 0.0065 
v 0.0511307 -0.0180699 0.02 
v 0.051458 -0.0185033 0.02 
v 0.0512743 -0.0182721 0.0065 
v 0.0514048 -0.0184392 0.0065 
v 0.0511358 -0.0180665 0.0065 
v 0.0514606 -0.0185009 0.0065 
v 0.0517437 -0.0188141 0.0065 
v 0.0518084 -0.0188775 0.02 
v 0.0518109 -0.0188747 0.0065 
v 0.0521172 -0.0191512 0.0065 
v 0.0521978 -0.0192156 0.02 
v 0.0522003 -0.0192123 0.0065 
v 0.0525336 -0.0194575 0.0065 
v 0.052624 -0.0195162 0.02 
v 0.0526788 -0.0195505 0.02 
v 0.0526244 -0.0195157 0.0065 
v 0.0526788 -0.0195505 0.0065 
v 0.0495753 -0.0222177 0.00250004 
v 0.0496711 -0.0221492 0.00250455 
v 0.0498141 -0.022047 0.00251128 
v 0.0499124 -0.0219748 0.00252433 
v 0.050048 -0.0218753 0.00254233 
v 0.0502856 -0.0216961 0.00259533 
v 0.0505179 -0.0215159 0.00266966 
v 0.0505848 -0.0214627 0.00269795 
v 0.0507442 -0.0213356 0.00276547 
v 0.0509665 -0.0211535 0.00288471 
v 0.0508982 -0.0212094 0.00284809 
v 0.0511801 -0.0209736 0.00302603 
v 0.0513626 -0.020816 0.00317072 
v 0.0515344 -0.020664 0.00333063 
v 0.0514647 -0.0207256 0.0032658 
v 0.0518268 -0.0203969 0.00366931 
v 0.051858 -0.0203678 0.00371138 
v 0.0516954 -0.0205183 0.00350537 
v 0.051933 -0.0202965 0.00382693 
v 0.0520526 -0.0201829 0.00401097 
v 0.0520653 -0.0201708 0.00403056 
v 0.0521278 -0.0201098 0.00415172 
v 0.05224 -0.0200001 0.00436934 
v 0.0522947 -0.0199455 0.00450188 
v 0.0523654 -0.0198748 0.00467338 
v 0.0524614 -0.0197772 0.004962 
v 0.0524322 -0.0198069 0.00487419 
v 0.0525387 -0.0196975 0.00525465 
v 0.0525406 -0.0196955 0.00526402 
v 0.0525934 -0.0196405 0.00552158 
v 0.0526251 -0.0196073 0.00572133 
v 0.0526549 -0.0195759 0.00597843 
v 0.0526621 -0.0195683 0.00608209 
v 0.0526728 -0.0195569 0.00623736 
v 0.0464692 -0.014844 0.00252191 
v 0.0468814 -0.0148112 0.00258741 
v 0.0472845 -0.0147791 0.00269577 
v 0.0476742 -0.014748 0.00284582 
v 0.048046 -0.0147184 0.0030359 
v 0.0483961 -0.0146905 0.00326393 
v 0.0487204 -0.0146647 0.00352742 
v 0.0490156 -0.0146411 0.00382348 
v 0.0492782 -0.0146202 0.00414886 
v 0.0495055 -0.0146021 0.0045 
v 0.049695 -0.014587 0.00487305 
v 0.0498446 -0.0145751 0.00526393 
v 0.0499526 -0.0145665 0.00566835 
v 0.0500179 -0.0145613 0.00608189 
v 0.0466152 -0.0160394 0.00252191 
v 0.047023 -0.0159711 0.00258741 
v 0.0474219 -0.0159043 0.00269577 
v 0.0478074 -0.0158397 0.00284582 
v 0.0481753 -0.0157781 0.0030359 
v 0.0485216 -0.0157201 0.00326393 
v 0.0488425 -0.0156663 0.00352742 
v 0.0491345 -0.0156174 0.00382348 
v 0.0493944 -0.0155739 0.00414886 
v 0.0496193 -0.0155362 0.0045 
v 0.0498068 -0.0155048 0.00487305 
v 0.0499548 -0.01548 0.00526393 
v 0.0500616 -0.0154621 0.00566835 
v 0.0501262 -0.0154513 0.00608189 
v 0.046848 -0.0171252 0.00252191 
v 0.0472478 -0.0170194 0.00258741 
v 0.0476388 -0.016916 0.00269577 
v 0.0480166 -0.016816 0.00284582 
v 0.0483773 -0.0167206 0.0030359 
v 0.0487167 -0.0166307 0.00326393 
v 0.0490313 -0.0165475 0.00352742 
v 0.0493175 -0.0164718 0.00382348 
v 0.0495722 -0.0164044 0.00414886 
v 0.0497927 -0.0163461 0.0045 
v 0.0499764 -0.0162975 0.00487305 
v 0.0501215 -0.0162591 0.00526393 
v 0.0502262 -0.0162314 0.00566835 
v 0.0502896 -0.0162146 0.00608189 
v 0.0471538 -0.0180942 0.00252191 
v 0.0475416 -0.0179508 0.00258741 
v 0.0479209 -0.0178105 0.00269577 
v 0.0482875 -0.0176749 0.00284582 
v 0.0486374 -0.0175455 0.0030359 
v 0.0489668 -0.0174237 0.00326393 
v 0.0492719 -0.0173108 0.00352742 
v 0.0495496 -0.0172081 0.00382348 
v 0.0497967 -0.0171167 0.00414886 
v 0.0500106 -0.0170376 0.0045 
v 0.0501889 -0.0169717 0.00487305 
v 0.0503296 -0.0169196 0.00526393 
v 0.0504312 -0.016882 0.00566835 
v 0.0504927 -0.0168593 0.00608189 
v 0.0475106 -0.0189367 0.00252191 
v 0.0478833 -0.0187574 0.00258741 
v 0.0482478 -0.0185821 0.00269577 
v 0.0486 -0.0184127 0.00284582 
v 0.0489362 -0.018251 0.0030359 
v 0.0492526 -0.0180988 0.00326393 
v 0.0495459 -0.0179577 0.00352742 
v 0.0498127 -0.0178294 0.00382348 
v 0.0500501 -0.0177152 0.00414886 
v 0.0502556 -0.0176163 0.0045 
v 0.0504269 -0.017534 0.00487305 
v 0.0505621 -0.0174689 0.00526393 
v 0.0506598 -0.0174219 0.00566835 
v 0.0507188 -0.0173936 0.00608189 
v 0.0479279 -0.0197079 0.00252191 
v 0.0482817 -0.0194938 0.00258741 
v 0.0486277 -0.0192844 0.00269577 
v 0.048962 -0.0190819 0.00284582 
v 0.0492812 -0.0188887 0.0030359 
v 0.0495816 -0.0187069 0.00326393 
v 0.0498599 -0.0185384 0.00352742 
v 0.0501132 -0.0183851 0.00382348 
v 0.0503386 -0.0182486 0.00414886 
v 0.0505336 -0.0181305 0.0045 
v 0.0506963 -0.0180321 0.00487305 
v 0.0508246 -0.0179544 0.00526393 
v 0.0509173 -0.0178983 0.00566835 
v 0.0509733 -0.0178644 0.00608189 
v 0.0484054 -0.0204167 0.00252191 
v 0.0487367 -0.0201691 0.00258741 
v 0.0490606 -0.019927 0.00269577 
v 0.0493737 -0.0196929 0.00284582 
v 0.0496725 -0.0194696 0.0030359 
v 0.0499537 -0.0192593 0.00326393 
v 0.0502143 -0.0190645 0.00352742 
v 0.0504514 -0.0188873 0.00382348 
v 0.0506625 -0.0187295 0.00414886 
v 0.0508451 -0.018593 0.0045 
v 0.0509974 -0.0184792 0.00487305 
v 0.0511175 -0.0183893 0.00526393 
v 0.0512043 -0.0183244 0.00566835 
v 0.0512568 -0.0182852 0.00608189 
v 0.048629 -0.0207029 0.00252191 
v 0.0489494 -0.0204416 0.00258741 
v 0.0492629 -0.020186 0.00269577 
v 0.0495658 -0.019939 0.00284582 
v 0.0498549 -0.0197032 0.0030359 
v 0.050127 -0.0194813 0.00326393 
v 0.0503792 -0.0192756 0.00352742 
v 0.0506086 -0.0190885 0.00382348 
v 0.0508128 -0.018922 0.00414886 
v 0.0509895 -0.0187779 0.0045 
v 0.0511368 -0.0186578 0.00487305 
v 0.0512531 -0.0185629 0.00526393 
v 0.0513371 -0.0184944 0.00566835 
v 0.0513878 -0.018453 0.00608189 
v 0.0492127 -0.0213486 0.00252191 
v 0.0495049 -0.0210559 0.00258741 
v 0.0497906 -0.0207698 0.00269577 
v 0.0500669 -0.0204932 0.00284582 
v 0.0503305 -0.0202292 0.0030359 
v 0.0505786 -0.0199808 0.00326393 
v 0.0508085 -0.0197505 0.00352742 
v 0.0510177 -0.0195411 0.00382348 
v 0.0512039 -0.0193546 0.00414886 
v 0.051365 -0.0191933 0.0045 
v 0.0514994 -0.0190588 0.00487305 
v 0.0516054 -0.0189526 0.00526393 
v 0.051682 -0.0188759 0.00566835 
v 0.0517282 -0.0188296 0.00608189 
v 0.0498532 -0.0219268 0.00252191 
v 0.0501146 -0.0216064 0.00258741 
v 0.0503702 -0.021293 0.00269577 
v 0.0506173 -0.0209901 0.00284582 
v 0.0508531 -0.020701 0.0030359 
v 0.051075 -0.0204289 0.00326393 
v 0.0512807 -0.0201768 0.00352742 
v 0.0514678 -0.0199474 0.00382348 
v 0.0516344 -0.0197432 0.00414886 
v 0.0517785 -0.0195665 0.0045 
v 0.0518987 -0.0194192 0.00487305 
v 0.0519935 -0.0193029 0.00526393 
v 0.052062 -0.0192189 0.00566835 
v 0.0521034 -0.0191682 0.00608189 
v 0.0521115 -0.0200943 0.00414886 
v 0.0522375 -0.0199042 0.0045 
v 0.0523425 -0.0197458 0.00487305 
v 0.0524254 -0.0196207 0.00526393 
v 0.0524853 -0.0195304 0.00566835 
v 0.0525215 -0.0194758 0.00608189 
v 0.05294 -0.0197318 0.0065 
v 0.0531805 -0.0199398 0.0065 
v 0.0533976 -0.020172 0.0065 
v 0.053589 -0.0204258 0.0065 
v 0.0537524 -0.0206985 0.0065 
v 0.053886 -0.020987 0.0065 
v 0.0539883 -0.021288 0.0065 
v 0.0540583 -0.0215981 0.0065 
v 0.054095 -0.0219139 0.0065 
v 0.0540981 -0.0222318 0.0065 
v 0.0540675 -0.0225482 0.0065 
v 0.0540037 -0.0228596 0.0065 
v 0.0539072 -0.0231626 0.0065 
v 0.0537792 -0.0234536 0.0065 
v 0.0536212 -0.0237294 0.0065 
v 0.0534348 -0.023987 0.0065 
v 0.0532142 -0.0242192 0.00623736 
v 0.0531905 -0.0242068 0.00597843 
v 0.0532 -0.0242118 0.00608209 
v 0.0531511 -0.0241863 0.00572133 
v 0.0531092 -0.0241645 0.00552158 
v 0.05314 -0.0241806 0.00566858 
v 0.0530399 -0.0241283 0.00526402 
v 0.0530374 -0.024127 0.00525465 
v 0.0529365 -0.0240742 0.004962 
v 0.0528123 -0.024009 0.00467338 
v 0.0528987 -0.0240543 0.00487418 
v 0.0526519 -0.0239244 0.00436934 
v 0.0527218 -0.0239613 0.00450186 
v 0.0524313 -0.0238075 0.00403056 
v 0.0525102 -0.0238493 0.0041517 
v 0.052174 -0.0236703 0.00371138 
v 0.0522671 -0.02372 0.0038269 
v 0.0521357 -0.0236498 0.00366931 
v 0.0519753 -0.0235637 0.00350537 
v 0.0519975 -0.0235756 0.00352804 
v 0.0517809 -0.0234589 0.00333063 
v 0.0515762 -0.0233481 0.00317072 
v 0.0516979 -0.023414 0.00326578 
v 0.0513771 -0.0232396 0.00303644 
v 0.0513616 -0.0232312 0.00302603 
v 0.0511138 -0.0230955 0.00288471 
v 0.0508597 -0.0229555 0.00276547 
v 0.0510357 -0.0230525 0.00284807 
v 0.0506045 -0.0228142 0.00266966 
v 0.0506798 -0.0228559 0.00269793 
v 0.0503461 -0.0226702 0.00259533 
v 0.0500853 -0.0225241 0.00254233 
v 0.0503129 -0.0226516 0.00258858 
v 0.0498319 -0.0223814 0.00251128 
v 0.0499383 -0.0224413 0.00252432 
v 0.0495762 -0.0222366 0.00250004 
v 0.0532222 -0.0242234 0.0065 
v 0.0529313 -0.0197386 0.00621237 
v 0.0531693 -0.0199466 0.00618985 
v 0.0533842 -0.0201786 0.00617006 
v 0.0535736 -0.0204321 0.00615322 
v 0.0537353 -0.0207043 0.00613952 
v 0.0538676 -0.0209921 0.00612911 
v 0.053969 -0.0212922 0.0061221 
v 0.0540384 -0.0216014 0.00611858 
v 0.054075 -0.0219162 0.00611858 
v 0.0540783 -0.022233 0.0061221 
v 0.0540484 -0.0225484 0.00612911 
v 0.0539855 -0.0228589 0.00613952 
v 0.0538904 -0.0231608 0.00615322 
v 0.0537642 -0.023451 0.00617006 
v 0.0536082 -0.0237261 0.00618985 
v 0.0534242 -0.0239832 0.00621237 
v 0.0529057 -0.0197584 0.00593012 
v 0.0531366 -0.0199666 0.00588662 
v 0.053345 -0.0201982 0.00584842 
v 0.0535288 -0.0204506 0.00581592 
v 0.0536858 -0.0207212 0.00578948 
v 0.0538143 -0.0210068 0.00576939 
v 0.053913 -0.0213045 0.00575588 
v 0.0539807 -0.021611 0.00574908 
v 0.0540168 -0.0219228 0.00574908 
v 0.0540208 -0.0222366 0.00575588 
v 0.0539927 -0.022549 0.00576939 
v 0.0539327 -0.0228565 0.00578948 
v 0.0538416 -0.0231557 0.00581592 
v 0.0537203 -0.0234435 0.00584842 
v 0.0535703 -0.0237165 0.00588662 
v 0.053393 -0.0239719 0.00593012 
v 0.0528638 -0.0197911 0.00565234 
v 0.0530835 -0.0199994 0.00559028 
v 0.0532817 -0.0202301 0.0055358 
v 0.0534566 -0.0204807 0.00548949 
v 0.0536061 -0.0207485 0.00545184 
v 0.0537287 -0.0210308 0.00542325 
v 0.053823 -0.0213244 0.00540402 
v 0.0538882 -0.0216264 0.00539435 
v 0.0539235 -0.0219334 0.00539435 
v 0.0539285 -0.0222423 0.00540402 
v 0.0539031 -0.0225497 0.00542325 
v 0.0538477 -0.0228523 0.00545184 
v 0.0537628 -0.0231471 0.00548949 
v 0.0536494 -0.0234308 0.0055358 
v 0.0535086 -0.0237005 0.00559028 
v 0.0533419 -0.0239532 0.00565234 
v 0.05282 -0.0198254 0.00543881 
v 0.0530285 -0.0200337 0.00536443 
v 0.0532167 -0.0202634 0.00529919 
v 0.0533827 -0.0205119 0.00524377 
v 0.0535247 -0.0207768 0.00519874 
v 0.0536414 -0.0210554 0.00516455 
v 0.0537314 -0.0213448 0.00514157 
v 0.053794 -0.0216421 0.00513001 
v 0.0538285 -0.0219441 0.00513001 
v 0.0538344 -0.0222477 0.00514157 
v 0.0538118 -0.02255 0.00516455 
v 0.0537608 -0.0228477 0.00519874 
v 0.0536821 -0.0231378 0.00524377 
v 0.0535763 -0.0234173 0.00529919 
v 0.0534446 -0.0236834 0.00536443 
v 0.0532884 -0.0239333 0.00543881 
v 0.0527463 -0.0198837 0.00515722 
v 0.0529372 -0.0200916 0.00506978 
v 0.0531095 -0.0203191 0.0049932 
v 0.0532615 -0.0205639 0.00492822 
v 0.0533918 -0.0208238 0.00487546 
v 0.0534991 -0.0210961 0.00483543 
v 0.0535824 -0.0213783 0.00480853 
v 0.0536409 -0.0216676 0.00479501 
v 0.0536739 -0.0219612 0.00479501 
v 0.0536813 -0.0222562 0.00480853 
v 0.0536628 -0.0225498 0.00483543 
v 0.0536187 -0.0228392 0.00487546 
v 0.0535495 -0.0231215 0.00492822 
v 0.0534557 -0.023394 0.0049932 
v 0.0533383 -0.0236541 0.00506978 
v 0.0531984 -0.0238992 0.00515722 
v 0.0526453 -0.0199644 0.00485388 
v 0.0528144 -0.0201709 0.00475705 
v 0.052967 -0.0203947 0.00467239 
v 0.0531018 -0.020634 0.00460064 
v 0.0532175 -0.0208866 0.00454246 
v 0.0533133 -0.0211502 0.00449836 
v 0.0533881 -0.0214224 0.00446874 
v 0.0534413 -0.0217008 0.00445387 
v 0.0534725 -0.0219829 0.00445387 
v 0.0534814 -0.0222663 0.00446874 
v 0.0534679 -0.0225483 0.00449836 
v 0.053432 -0.0228264 0.00454246 
v 0.0533742 -0.0230981 0.00460064 
v 0.053295 -0.0233611 0.00467239 
v 0.053195 -0.0236129 0.00475705 
v 0.0530751 -0.0238513 0.00485388 
v 0.0525243 -0.0200618 0.00456046 
v 0.0526703 -0.0202655 0.00445955 
v 0.0528022 -0.0204842 0.00437149 
v 0.0529188 -0.0207162 0.00429699 
v 0.0530192 -0.0209597 0.00423665 
v 0.0531027 -0.0212125 0.00419097 
v 0.0531685 -0.0214727 0.0041603 
v 0.0532161 -0.0217382 0.00414491 
v 0.0532452 -0.0220068 0.00414491 
v 0.0532554 -0.0222763 0.0041603 
v 0.0532467 -0.0225446 0.00419097 
v 0.0532192 -0.0228094 0.00423665 
v 0.0531731 -0.0230687 0.00429699 
v 0.0531088 -0.0233203 0.00437149 
v 0.0530268 -0.0235622 0.00445955 
v 0.0529277 -0.0237923 0.00456046 
v 0.052372 -0.020185 0.00425739 
v 0.0524932 -0.0203837 0.00415762 
v 0.0526027 -0.0205948 0.00407074 
v 0.0526998 -0.0208169 0.00399738 
v 0.0527837 -0.0210483 0.00393805 
v 0.0528539 -0.0212874 0.00389318 
v 0.0529099 -0.0215325 0.00386309 
v 0.0529513 -0.0217819 0.00384799 
v 0.0529777 -0.0220337 0.00384799 
v 0.052989 -0.0222863 0.00386309 
v 0.0529852 -0.0225377 0.00389318 
v 0.0529661 -0.0227862 0.00393805 
v 0.052932 -0.02303 0.00399738 
v 0.0528832 -0.0232674 0.00407074 
v 0.0528199 -0.0234966 0.00415762 
v 0.0527426 -0.0237162 0.00425739 
v 0.0521676 -0.0203501 0.00392653 
v 0.0522616 -0.0205399 0.00383411 
v 0.0523467 -0.0207393 0.00375385 
v 0.0524224 -0.0209469 0.00368622 
v 0.0524883 -0.0211616 0.00363163 
v 0.0525439 -0.0213821 0.0035904 
v 0.0525889 -0.0216071 0.00356278 
v 0.0526231 -0.0218353 0.00354893 
v 0.0526463 -0.0220653 0.00354893 
v 0.0526582 -0.0222957 0.00356278 
v 0.0526589 -0.0225251 0.0035904 
v 0.0526484 -0.0227523 0.00363163 
v 0.0526267 -0.0229759 0.00368622 
v 0.0525939 -0.0231944 0.00375385 
v 0.0525502 -0.0234067 0.00383411 
v 0.0524959 -0.0236115 0.00392653 
v 0.0519338 -0.0205375 0.00362077 
v 0.0520035 -0.0207148 0.00354051 
v 0.0520668 -0.0208989 0.003471 
v 0.0521235 -0.0210889 0.00341256 
v 0.0521731 -0.021284 0.00336547 
v 0.0522155 -0.0214832 0.00332996 
v 0.0522505 -0.0216856 0.00330619 
v 0.0522779 -0.0218902 0.00329428 
v 0.0522976 -0.022096 0.00329428 
v 0.0523095 -0.022302 0.00330619 
v 0.0523135 -0.0225073 0.00332996 
v 0.0523096 -0.022711 0.00336547 
v 0.0522979 -0.0229119 0.00341256 
v 0.0522783 -0.0231093 0.003471 
v 0.0522511 -0.023302 0.00354051 
v 0.0522162 -0.0234893 0.00362077 
v 0.0518993 -0.0205649 0.00358085 
v 0.051966 -0.0207402 0.00350254 
v 0.0520266 -0.0209219 0.00343474 
v 0.0520808 -0.0211093 0.00337776 
v 0.0521283 -0.0213015 0.00333186 
v 0.0521691 -0.0214975 0.00329724 
v 0.0522028 -0.0216966 0.00327408 
v 0.0522293 -0.0218977 0.00326247 
v 0.0522485 -0.0221001 0.00326247 
v 0.0522603 -0.0223026 0.00327408 
v 0.0522647 -0.0225044 0.00329724 
v 0.0522616 -0.0227047 0.00333186 
v 0.052251 -0.0229024 0.00337776 
v 0.0522331 -0.0230966 0.00343474 
v 0.0522078 -0.0232865 0.00350254 
v 0.0521753 -0.0234712 0.00358085 
v 0.0517552 -0.0206788 0.00342614 
v 0.0518103 -0.0208452 0.00335612 
v 0.0518605 -0.0210168 0.00329558 
v 0.0519056 -0.0211928 0.00324475 
v 0.0519454 -0.0213727 0.00320385 
v 0.0519797 -0.0215558 0.00317303 
v 0.0520085 -0.0217412 0.00315242 
v 0.0520316 -0.0219282 0.00314209 
v 0.0520488 -0.0221161 0.00314209 
v 0.0520602 -0.0223043 0.00315242 
v 0.0520657 -0.0224918 0.00317303 
v 0.0520653 -0.022678 0.00320385 
v 0.052059 -0.0228621 0.00324475 
v 0.0520468 -0.0230435 0.00329558 
v 0.0520287 -0.0232213 0.00335612 
v 0.0520048 -0.023395 0.00342614 
v 0.0515814 -0.0208145 0.00326257 
v 0.0516249 -0.0209694 0.00320253 
v 0.0516646 -0.0211282 0.00315069 
v 0.0517005 -0.0212904 0.00310723 
v 0.0517324 -0.0214555 0.00307229 
v 0.0517602 -0.0216229 0.00304598 
v 0.0517839 -0.021792 0.00302839 
v 0.0518033 -0.0219624 0.00301959 
v 0.0518184 -0.0221335 0.00301959 
v 0.0518291 -0.0223046 0.00302839 
v 0.0518354 -0.0224753 0.00304598 
v 0.0518374 -0.022645 0.00307229 
v 0.0518348 -0.0228131 0.00310723 
v 0.0518279 -0.0229791 0.00315069 
v 0.0518166 -0.0231424 0.00320253 
v 0.0518009 -0.0233025 0.00326257 
v 0.0513988 -0.0209549 0.00311399 
v 0.0514323 -0.021097 0.00306402 
v 0.0514631 -0.0212419 0.00302093 
v 0.0514911 -0.0213894 0.00298486 
v 0.0515162 -0.0215388 0.00295588 
v 0.0515384 -0.02169 0.00293408 
v 0.0515575 -0.0218425 0.00291952 
v 0.0515736 -0.0219958 0.00291223 
v 0.0515866 -0.0221496 0.00291223 
v 0.0515964 -0.0223034 0.00291952 
v 0.0516031 -0.0224569 0.00293408 
v 0.0516066 -0.0226097 0.00295588 
v 0.0516069 -0.0227612 0.00298486 
v 0.051604 -0.0229113 0.00302093 
v 0.0515979 -0.0230593 0.00306402 
v 0.0515886 -0.0232051 0.00311399 
v 0.0512072 -0.0210995 0.00298038 
v 0.0512324 -0.0212276 0.00294023 
v 0.0512557 -0.0213577 0.00290566 
v 0.051277 -0.0214895 0.00287674 
v 0.0512963 -0.0216227 0.00285353 
v 0.0513136 -0.0217571 0.00283609 
v 0.0513288 -0.0218923 0.00282443 
v 0.0513419 -0.0220282 0.0028186 
v 0.0513528 -0.0221643 0.0028186 
v 0.0513616 -0.0223005 0.00282443 
v 0.0513682 -0.0224365 0.00283609 
v 0.0513727 -0.0225719 0.00285353 
v 0.0513749 -0.0227065 0.00287674 
v 0.0513749 -0.02284 0.00290566 
v 0.0513727 -0.0229721 0.00294023 
v 0.0513682 -0.0231026 0.00298038 
v 0.0509854 -0.0212635 0.00285058 
v 0.0510031 -0.0213748 0.0028206 
v 0.0510196 -0.0214874 0.00279482 
v 0.0510349 -0.021601 0.00277328 
v 0.051049 -0.0217156 0.002756 
v 0.0510617 -0.0218308 0.00274302 
v 0.0510732 -0.0219466 0.00273436 
v 0.0510833 -0.0220627 0.00273003 
v 0.0510922 -0.0221791 0.00273003 
v 0.0510996 -0.0222954 0.00273436 
v 0.0511058 -0.0224116 0.00274302 
v 0.0511105 -0.0225274 0.002756 
v 0.051114 -0.0226428 0.00277328 
v 0.051116 -0.0227574 0.00279482 
v 0.0511166 -0.0228712 0.0028206 
v 0.0511159 -0.022984 0.00285058 
v 0.0507569 -0.0214285 0.00274154 
v 0.0507689 -0.0215221 0.00272054 
v 0.0507801 -0.0216165 0.0027025 
v 0.0507907 -0.0217115 0.00268744 
v 0.0508005 -0.0218069 0.00267538 
v 0.0508096 -0.0219028 0.00266631 
v 0.050818 -0.021999 0.00266027 
v 0.0508257 -0.0220954 0.00265724 
v 0.0508325 -0.0221919 0.00265724 
v 0.0508386 -0.0222884 0.00266027 
v 0.050844 -0.0223848 0.00266631 
v 0.0508486 -0.022481 0.00267538 
v 0.0508524 -0.0225769 0.00268744 
v 0.0508554 -0.0226724 0.0027025 
v 0.0508576 -0.0227674 0.00272054 
v 0.050859 -0.0228618 0.00274154 
v 0.050526 -0.0215911 0.0026542 
v 0.0505338 -0.0216666 0.00264065 
v 0.0505411 -0.0217426 0.00262901 
v 0.0505481 -0.0218188 0.00261931 
v 0.0505548 -0.0218952 0.00261154 
v 0.0505611 -0.0219719 0.00260571 
v 0.050567 -0.0220487 0.00260182 
v 0.0505725 -0.0221257 0.00259987 
v 0.0505776 -0.0222026 0.00259987 
v 0.0505824 -0.0222796 0.00260182 
v 0.0505867 -0.0223565 0.00260571 
v 0.0505907 -0.0224334 0.00261154 
v 0.0505942 -0.02251 0.00261931 
v 0.0505974 -0.0225865 0.00262901 
v 0.0506002 -0.0226627 0.00264065 
v 0.0506026 -0.0227386 0.0026542 
v 0.0502904 -0.0217529 0.00258659 
v 0.0502951 -0.0218098 0.00257894 
v 0.0502996 -0.0218669 0.00257237 
v 0.050304 -0.0219242 0.0025669 
v 0.0503082 -0.0219815 0.00256251 
v 0.0503122 -0.022039 0.00255922 
v 0.0503161 -0.0220965 0.00255703 
v 0.0503199 -0.022154 0.00255593 
v 0.0503235 -0.0222116 0.00255593 
v 0.0503269 -0.0222691 0.00255703 
v 0.0503301 -0.0223267 0.00255922 
v 0.0503332 -0.0223842 0.00256251 
v 0.0503361 -0.0224416 0.0025669 
v 0.0503389 -0.0224989 0.00257237 
v 0.0503415 -0.0225562 0.00257894 
v 0.0503439 -0.0226133 0.00258659 
v 0.0500506 -0.0219133 0.00253844 
v 0.0500531 -0.0219514 0.00253503 
v 0.0500556 -0.0219895 0.00253212 
v 0.050058 -0.0220276 0.00252968 
v 0.0500604 -0.0220658 0.00252774 
v 0.0500627 -0.022104 0.00252628 
v 0.050065 -0.0221422 0.0025253 
v 0.0500673 -0.0221805 0.00252482 
v 0.0500695 -0.0222187 0.00252482 
v 0.0500716 -0.022257 0.0025253 
v 0.0500737 -0.0222952 0.00252628 
v 0.0500758 -0.0223334 0.00252774 
v 0.0500778 -0.0223716 0.00252968 
v 0.0500798 -0.0224098 0.00253212 
v 0.0500817 -0.022448 0.00253503 
v 0.0500835 -0.0224861 0.00253844 
v 0.0498152 -0.0220666 0.00251025 
v 0.0498163 -0.0220863 0.00250934 
v 0.0498174 -0.0221059 0.00250857 
v 0.0498185 -0.0221256 0.00250792 
v 0.0498195 -0.0221453 0.0025074 
v 0.0498206 -0.0221649 0.00250701 
v 0.0498217 -0.0221846 0.00250676 
v 0.0498227 -0.0222043 0.00250663 
v 0.0498238 -0.022224 0.00250663 
v 0.0498248 -0.0222437 0.00250676 
v 0.0498258 -0.0222633 0.00250701 
v 0.0498269 -0.022283 0.0025074 
v 0.0498279 -0.0223027 0.00250792 
v 0.0498289 -0.0223224 0.00250857 
v 0.0498299 -0.022342 0.00250934 
v 0.0498309 -0.0223617 0.00251025 
v 0.0495754 -0.0222188 0.00250003 
v 0.0495754 -0.0222199 0.00250003 
v 0.0495755 -0.022221 0.00250003 
v 0.0495755 -0.0222221 0.00250003 
v 0.0495756 -0.0222232 0.00250002 
v 0.0495756 -0.0222243 0.00250002 
v 0.0495757 -0.0222255 0.00250002 
v 0.0495758 -0.0222266 0.00250002 
v 0.0495758 -0.0222277 0.00250002 
v 0.0495759 -0.0222288 0.00250002 
v 0.0495759 -0.0222299 0.00250002 
v 0.049576 -0.022231 0.00250002 
v 0.049576 -0.0222321 0.00250003 
v 0.0495761 -0.0222332 0.00250003 
v 0.0495761 -0.0222344 0.00250003 
v 0.0495762 -0.0222355 0.00250003 
v 0.05294 -0.0197318 0.02 
v 0.0531805 -0.0199398 0.02 
v 0.0533976 -0.020172 0.02 
v 0.053589 -0.0204258 0.02 
v 0.0537524 -0.0206985 0.02 
v 0.053886 -0.020987 0.02 
v 0.0539883 -0.021288 0.02 
v 0.0540583 -0.0215981 0.02 
v 0.054095 -0.0219139 0.02 
v 0.0540981 -0.0222318 0.02 
v 0.0540675 -0.0225482 0.02 
v 0.0540037 -0.0228596 0.02 
v 0.0539072 -0.0231626 0.02 
v 0.0537792 -0.0234536 0.02 
v 0.0536212 -0.0237294 0.02 
v 0.0534348 -0.023987 0.02 
v 0.0532222 -0.0242234 0.02 
v 0.0515692 -0.0258764 0.0114373 
v 0.0514383 -0.0260073 0.011478 
v 0.0519326 -0.025513 0.0111995 
v 0.0518178 -0.0256278 0.0112972 
v 0.0513051 -0.0261405 0.0114985 
v 0.0511711 -0.0262744 0.0114985 
v 0.0516962 -0.0257494 0.0113768 
v 0.0520392 -0.0254063 0.0110849 
v 0.0489645 -0.0284811 0.02 
v 0.0507801 -0.0266655 0.0113768 
v 0.0506585 -0.0267871 0.0112972 
v 0.0510379 -0.0264076 0.011478 
v 0.0509071 -0.0265385 0.0114373 
v 0.0516962 -0.0257494 0.00812537 
v 0.0518178 -0.0256278 0.00820493 
v 0.0505437 -0.0269019 0.0111995 
v 0.0515692 -0.0258764 0.00806486 
v 0.0513051 -0.0261405 0.00800364 
v 0.0514383 -0.0260073 0.00802413 
v 0.0511711 -0.0262744 0.00800364 
v 0.050437 -0.0270085 0.0110849 
v 0.0503398 -0.0271058 0.0109546 
v 0.0510379 -0.0264076 0.00802413 
v 0.0522233 -0.0252223 0.0108101 
v 0.0521365 -0.0253091 0.0109546 
v 0.0524756 -0.02497 0.00975108 
v 0.0524683 -0.0249773 0.00994029 
v 0.0507801 -0.0266655 0.00812537 
v 0.0509071 -0.0265385 0.00806486 
v 0.0505437 -0.0269019 0.00830262 
v 0.0506585 -0.0267871 0.00820493 
v 0.0500296 -0.027416 0.0101273 
v 0.050008 -0.0274376 0.00994029 
v 0.050253 -0.0271926 0.0108101 
v 0.0501778 -0.0272678 0.0106533 
v 0.0524466 -0.0249989 0.00937488 
v 0.0524683 -0.0249773 0.00956187 
v 0.0519326 -0.025513 0.00830262 
v 0.0520392 -0.0254063 0.00841729 
v 0.050437 -0.0270085 0.00841729 
v 0.0501151 -0.0273305 0.0104859 
v 0.0500655 -0.0273801 0.0103099 
v 0.0523612 -0.0250844 0.0104859 
v 0.0522984 -0.0251471 0.0106533 
v 0.0523612 -0.0250844 0.00901627 
v 0.0524108 -0.0250348 0.0091923 
v 0.0521365 -0.0253091 0.0085476 
v 0.0524466 -0.0249989 0.0101273 
v 0.0524108 -0.0250348 0.0103099 
v 0.0522233 -0.0252223 0.00869202 
v 0.0522984 -0.0251471 0.00884886 
v 0.050253 -0.0271926 0.00869202 
v 0.0503398 -0.0271058 0.0085476 
v 0.0500296 -0.027416 0.00937488 
v 0.0500655 -0.0273801 0.0091923 
v 0.0500007 -0.0274449 0.00975108 
v 0.050008 -0.0274376 0.00956187 
v 0.0501151 -0.0273305 0.00901627 
v 0.0501778 -0.0272678 0.00884886 
v 0.0542361 -0.026745 0.00956187 
v 0.0542433 -0.0267378 0.00975108 
v 0.0542144 -0.0267667 0.00937488 
v 0.0541786 -0.0268026 0.0091923 
v 0.054129 -0.0268521 0.00901627 
v 0.0540662 -0.0269149 0.00884886 
v 0.053991 -0.0269901 0.00869202 
v 0.0539043 -0.0270768 0.0085476 
v 0.053807 -0.0271741 0.00841729 
v 0.0537003 -0.0272808 0.00830262 
v 0.0535855 -0.0273956 0.00820493 
v 0.0534639 -0.0275172 0.00812537 
v 0.053337 -0.0276442 0.00806486 
v 0.0532061 -0.027775 0.00802413 
v 0.0530729 -0.0279082 0.00800364 
v 0.0529389 -0.0280422 0.00800364 
v 0.0528057 -0.0281754 0.00802413 
v 0.0526749 -0.0283063 0.00806486 
v 0.0525479 -0.0284332 0.00812537 
v 0.0524263 -0.0285548 0.00820493 
v 0.0523115 -0.0286696 0.00830262 
v 0.0522048 -0.0287763 0.00841729 
v 0.0521075 -0.0288736 0.0085476 
v 0.0520208 -0.0289603 0.00869202 
v 0.0519456 -0.0290355 0.00884886 
v 0.0518828 -0.0290983 0.00901627 
v 0.0518332 -0.0291479 0.0091923 
v 0.0517974 -0.0291837 0.00937488 
v 0.0517757 -0.0292054 0.00956187 
v 0.0517685 -0.0292126 0.00975108 
v 0.0517757 -0.0292054 0.00994029 
v 0.0517974 -0.0291837 0.0101273 
v 0.0518332 -0.0291479 0.0103099 
v 0.0518828 -0.0290983 0.0104859 
v 0.0519456 -0.0290355 0.0106533 
v 0.0520208 -0.0289603 0.0108101 
v 0.0521075 -0.0288736 0.0109546 
v 0.0522048 -0.0287763 0.0110849 
v 0.0523115 -0.0286696 0.0111995 
v 0.0524263 -0.0285548 0.0112972 
v 0.0525479 -0.0284332 0.0113768 
v 0.0526749 -0.0283063 0.0114373 
v 0.0528057 -0.0281754 0.011478 
v 0.0529389 -0.0280422 0.0114985 
v 0.0530729 -0.0279082 0.0114985 
v 0.0532061 -0.027775 0.011478 
v 0.053337 -0.0276442 0.0114373 
v 0.0534639 -0.0275172 0.0113768 
v 0.0535855 -0.0273956 0.0112972 
v 0.0537003 -0.0272808 0.0111995 
v 0.053807 -0.0271741 0.0110849 
v 0.0539043 -0.0270768 0.0109546 
v 0.053991 -0.0269901 0.0108101 
v 0.0540662 -0.0269149 0.0106533 
v 0.054129 -0.0268521 0.0104859 
v 0.0541786 -0.0268026 0.0103099 
v 0.0542144 -0.0267667 0.0101273 
v 0.0542361 -0.026745 0.00994029 
v 0.0045 -0.0173484 0 
v 0.00447362 -0.0178349 0 
v 0.00439479 -0.0183158 0 
v 0.00426444 -0.0187852 0 
v 0.00408409 -0.0192379 0 
v 0.00385586 -0.0196684 0 
v 0.00358242 -0.0200717 0 
v 0.00326698 -0.020443 0 
v 0.00291324 -0.0207781 0 
v 0.00252534 -0.021073 0 
v 0.00210784 -0.0213242 0 
v 0.00166562 -0.0215288 0 
v 0.00120388 -0.0216844 0 
v 0.000728019 -0.0217891 0 
v 0.000243625 -0.0218418 0 
v -0.000243625 -0.0218418 0 
v -0.000728019 -0.0217891 0 
v -0.00120388 -0.0216844 0 
v -0.00166562 -0.0215288 0 
v -0.00210784 -0.0213242 0 
v -0.00252534 -0.021073 0 
v -0.00291324 -0.0207781 0 
v -0.00326698 -0.020443 0 
v -0.00358242 -0.0200717 0 
v -0.00385586 -0.0196684 0 
v -0.00408409 -0.0192379 0 
v -0.00426444 -0.0187852 0 
v -0.00439479 -0.0183158 0 
v -0.00447362 -0.0178349 0 
v -0.0045 -0.0173484 0 
v -0.00447362 -0.0168619 0 
v -0.00439479 -0.016381 0 
v -0.00426444 -0.0159115 0 
v -0.00408409 -0.0154589 0 
v -0.00385586 -0.0150284 0 
v -0.00358242 -0.0146251 0 
v -0.00326698 -0.0142537 0 
v -0.00291324 -0.0139187 0 
v -0.00252534 -0.0136238 0 
v -0.00210784 -0.0133726 0 
v -0.00166562 -0.013168 0 
v -0.00120388 -0.0130124 0 
v -0.000728019 -0.0129077 0 
v -0.000243625 -0.012855 0 
v 0.000243625 -0.012855 0 
v 0.000728019 -0.0129077 0 
v 0.00120388 -0.0130124 0 
v 0.00166562 -0.013168 0 
v 0.00210784 -0.0133726 0 
v 0.00252534 -0.0136238 0 
v 0.00291324 -0.0139187 0 
v 0.00326698 -0.0142537 0 
v 0.00358242 -0.0146251 0 
v 0.00385586 -0.0150284 0 
v 0.00408409 -0.0154589 0 
v 0.00426444 -0.0159115 0 
v 0.00439479 -0.016381 0 
v 0.00447362 -0.0168619 0 
v 0.0202658 -0.0284811 0.0107837 
v 0.0199668 -0.0284811 0.011671 
v 0.0198522 -0.0284811 0.0118219 
v 0.0202658 -0.0284811 0.0105942 
v 0.0181422 -0.0284811 0.00897984 
v 0.0183292 -0.0284811 0.00894918 
v 0.0177836 -0.0284811 0.00910067 
v 0.0179596 -0.0284811 0.00903053 
v -0.0186708 -0.0284811 0.00894918 
v -0.0184816 -0.0284811 0.00893893 
v -0.020229 -0.0284811 0.0105942 
v -0.0202086 -0.0284811 0.0104058 
v -0.0202086 -0.0284811 0.010972 
v -0.020229 -0.0284811 0.0107837 
v 0.0170699 -0.0284811 0.011671 
v -0.0167342 -0.0284811 0.0107837 
v -0.0167547 -0.0284811 0.010972 
v -0.0177468 -0.0284811 0.00910067 
v -0.0175794 -0.0284811 0.00918943 
v 0.0200645 -0.0284811 0.0115086 
v 0.0202453 -0.0284811 0.010972 
v 0.0202046 -0.0284811 0.0111571 
v 0.0202453 -0.0284811 0.0104058 
v 0.0187076 -0.0284811 0.00894918 
v 0.0188946 -0.0284811 0.00897984 
v 0.0167914 -0.0284811 0.0104058 
v -0.0201678 -0.0284811 0.0102208 
v -0.0201073 -0.0284811 0.0100412 
v -0.0201678 -0.0284811 0.0111571 
v -0.0199301 -0.0284811 0.011671 
v -0.0200278 -0.0284811 0.0115086 
v -0.0167954 -0.0284811 0.0111571 
v -0.0168559 -0.0284811 0.0113367 
v -0.0167342 -0.0284811 0.0105942 
v -0.0167954 -0.0284811 0.0102208 
v -0.0167547 -0.0284811 0.0104058 
v -0.0169355 -0.0284811 0.00986921 
v -0.0168559 -0.0284811 0.0100412 
v -0.0171478 -0.0284811 0.009556 
v -0.0170332 -0.0284811 0.00970685 
v -0.0174226 -0.0284811 0.00929576 
v 0.0192532 -0.0284811 0.0122772 
v 0.0190772 -0.0284811 0.0123473 
v 0.0201441 -0.0284811 0.0113367 
v 0.0201441 -0.0284811 0.0100412 
v 0.0202046 -0.0284811 0.0102208 
v 0.0198522 -0.0284811 0.009556 
v 0.0199668 -0.0284811 0.00970685 
v 0.0192532 -0.0284811 0.00910067 
v 0.0194206 -0.0284811 0.00918943 
v 0.0190772 -0.0284811 0.00903053 
v 0.0185184 -0.0284811 0.00893893 
v 0.0176162 -0.0284811 0.00918943 
v 0.0170699 -0.0284811 0.00970685 
v 0.0171846 -0.0284811 0.009556 
v 0.016771 -0.0284811 0.0105942 
v -0.0182924 -0.0284811 0.00894918 
v -0.0200278 -0.0284811 0.00986921 
v -0.0201073 -0.0284811 0.0113367 
v -0.0190404 -0.0284811 0.0123473 
v -0.0192164 -0.0284811 0.0122772 
v -0.0186708 -0.0284811 0.0124287 
v -0.0188578 -0.0284811 0.012398 
v -0.0179228 -0.0284811 0.0123473 
v -0.0181054 -0.0284811 0.012398 
v -0.0172781 -0.0284811 0.0119594 
v -0.0174226 -0.0284811 0.0120821 
v -0.0169355 -0.0284811 0.0115086 
v -0.0172781 -0.0284811 0.00941843 
v 0.0188946 -0.0284811 0.012398 
v 0.0197219 -0.0284811 0.0119594 
v 0.0200645 -0.0284811 0.00986921 
v 0.0195774 -0.0284811 0.00929576 
v 0.0197219 -0.0284811 0.00941843 
v 0.0173149 -0.0284811 0.00941843 
v 0.016771 -0.0284811 0.0107837 
v 0.0168322 -0.0284811 0.0111571 
v 0.0167914 -0.0284811 0.010972 
v -0.0192164 -0.0284811 0.00910067 
v -0.0190404 -0.0284811 0.00903053 
v -0.0198154 -0.0284811 0.0118219 
v -0.0193838 -0.0284811 0.0121884 
v -0.0184816 -0.0284811 0.0124389 
v -0.0177468 -0.0284811 0.0122772 
v -0.0175794 -0.0284811 0.0121884 
v -0.0170332 -0.0284811 0.011671 
v -0.0171478 -0.0284811 0.0118219 
v 0.0185184 -0.0284811 0.0124389 
v 0.0183292 -0.0284811 0.0124287 
v 0.0187076 -0.0284811 0.0124287 
v 0.0195774 -0.0284811 0.0120821 
v 0.0194206 -0.0284811 0.0121884 
v 0.0174593 -0.0284811 0.00929576 
v 0.0168322 -0.0284811 0.0102208 
v 0.0168927 -0.0284811 0.0100412 
v -0.0188578 -0.0284811 0.00897984 
v -0.0196851 -0.0284811 0.00941843 
v -0.0195407 -0.0284811 0.00929576 
v -0.0199301 -0.0284811 0.00970685 
v -0.0198154 -0.0284811 0.009556 
v -0.0195407 -0.0284811 0.0120821 
v -0.0196851 -0.0284811 0.0119594 
v -0.0181054 -0.0284811 0.00897984 
v -0.0179228 -0.0284811 0.00903053 
v 0.0169722 -0.0284811 0.0115086 
v 0.0176162 -0.0284811 0.0121884 
v 0.0174593 -0.0284811 0.0120821 
v 0.0181422 -0.0284811 0.012398 
v 0.0179596 -0.0284811 0.0123473 
v 0.0169722 -0.0284811 0.00986921 
v -0.0193838 -0.0284811 0.00918943 
v -0.0182924 -0.0284811 0.0124287 
v 0.0168927 -0.0284811 0.0113367 
v 0.0173149 -0.0284811 0.0119594 
v 0.0171846 -0.0284811 0.0118219 
v 0.0177836 -0.0284811 0.0122772 
v 0.0183292 -0.0309811 0.00894918 
v 0.0185184 -0.0309811 0.00893893 
v 0.0181422 -0.0309811 0.00897984 
v 0.0179596 -0.0309811 0.00903053 
v 0.0177836 -0.0309811 0.00910067 
v 0.0176162 -0.0309811 0.00918943 
v 0.0174593 -0.0309811 0.00929576 
v 0.0173149 -0.0309811 0.00941843 
v 0.0171846 -0.0309811 0.009556 
v 0.0170699 -0.0309811 0.00970685 
v 0.0169722 -0.0309811 0.00986921 
v 0.0168927 -0.0309811 0.0100412 
v 0.0168322 -0.0309811 0.0102208 
v 0.0167914 -0.0309811 0.0104058 
v 0.016771 -0.0309811 0.0105942 
v 0.016771 -0.0309811 0.0107837 
v 0.0167914 -0.0309811 0.010972 
v 0.0168322 -0.0309811 0.0111571 
v 0.0168927 -0.0309811 0.0113367 
v 0.0169722 -0.0309811 0.0115086 
v 0.0170699 -0.0309811 0.011671 
v 0.0171846 -0.0309811 0.0118219 
v 0.0173149 -0.0309811 0.0119594 
v 0.0174593 -0.0309811 0.0120821 
v 0.0176162 -0.0309811 0.0121884 
v 0.0177836 -0.0309811 0.0122772 
v 0.0179596 -0.0309811 0.0123473 
v 0.0181422 -0.0309811 0.012398 
v 0.0183292 -0.0309811 0.0124287 
v 0.0185184 -0.0309811 0.0124389 
v 0.0187076 -0.0309811 0.0124287 
v 0.0188946 -0.0309811 0.012398 
v 0.0190772 -0.0309811 0.0123473 
v 0.0192532 -0.0309811 0.0122772 
v 0.0194206 -0.0309811 0.0121884 
v 0.0195774 -0.0309811 0.0120821 
v 0.0197219 -0.0309811 0.0119594 
v 0.0198522 -0.0309811 0.0118219 
v 0.0199668 -0.0309811 0.011671 
v 0.0200645 -0.0309811 0.0115086 
v 0.0201441 -0.0309811 0.0113367 
v 0.0202046 -0.0309811 0.0111571 
v 0.0202453 -0.0309811 0.010972 
v 0.0202658 -0.0309811 0.0107837 
v 0.0202658 -0.0309811 0.0105942 
v 0.0202453 -0.0309811 0.0104058 
v 0.0202046 -0.0309811 0.0102208 
v 0.0201441 -0.0309811 0.0100412 
v 0.0200645 -0.0309811 0.00986921 
v 0.0199668 -0.0309811 0.00970685 
v 0.0198522 -0.0309811 0.009556 
v 0.0197219 -0.0309811 0.00941843 
v 0.0195774 -0.0309811 0.00929576 
v 0.0194206 -0.0309811 0.00918943 
v 0.0192532 -0.0309811 0.00910067 
v 0.0190772 -0.0309811 0.00903053 
v 0.0188946 -0.0309811 0.00897984 
v 0.0187076 -0.0309811 0.00894918 
v -0.05 -0.0309811 0.02 
v -0.0186708 -0.0309811 0.0124287 
v -0.0184816 -0.0309811 0.0124389 
v -0.0182924 -0.0309811 0.0124287 
v -0.0192164 -0.0309811 0.0122772 
v -0.0190404 -0.0309811 0.0123473 
v -0.0188578 -0.0309811 0.012398 
v -0.0195407 -0.0309811 0.0120821 
v -0.0193838 -0.0309811 0.0121884 
v -0.0201073 -0.0309811 0.0113367 
v -0.0200278 -0.0309811 0.0115086 
v -0.05 -0.0309811 0 
v -0.020229 -0.0309811 0.0105942 
v -0.0201678 -0.0309811 0.0102208 
v -0.0202086 -0.0309811 0.0104058 
v -0.0174226 -0.0309811 0.00929576 
v -0.0175794 -0.0309811 0.00918943 
v -0.0171478 -0.0309811 0.009556 
v -0.0172781 -0.0309811 0.00941843 
v -0.0169355 -0.0309811 0.00986921 
v -0.0170332 -0.0309811 0.00970685 
v -0.0167954 -0.0309811 0.0102208 
v -0.0168559 -0.0309811 0.0100412 
v -0.0167342 -0.0309811 0.0105942 
v -0.0167547 -0.0309811 0.0104058 
v -0.0201678 -0.0309811 0.0111571 
v -0.020229 -0.0309811 0.0107837 
v -0.0202086 -0.0309811 0.010972 
v -0.0167342 -0.0309811 0.0107837 
v -0.0167954 -0.0309811 0.0111571 
v -0.0167547 -0.0309811 0.010972 
v 0.05 -0.0309811 0.02 
v -0.0199301 -0.0309811 0.011671 
v -0.0200278 -0.0309811 0.00986921 
v -0.0201073 -0.0309811 0.0100412 
v -0.0179228 -0.0309811 0.00903053 
v -0.0181054 -0.0309811 0.00897984 
v -0.0170332 -0.0309811 0.011671 
v -0.0169355 -0.0309811 0.0115086 
v -0.0177468 -0.0309811 0.0122772 
v -0.0175794 -0.0309811 0.0121884 
v 0.05 -0.0309811 0 
v -0.0199301 -0.0309811 0.00970685 
v -0.0186708 -0.0309811 0.00894918 
v -0.0188578 -0.0309811 0.00897984 
v -0.0177468 -0.0309811 0.00910067 
v -0.0168559 -0.0309811 0.0113367 
v -0.0172781 -0.0309811 0.0119594 
v -0.0171478 -0.0309811 0.0118219 
v -0.0174226 -0.0309811 0.0120821 
v -0.0181054 -0.0309811 0.012398 
v -0.0198154 -0.0309811 0.0118219 
v -0.0196851 -0.0309811 0.0119594 
v -0.0196851 -0.0309811 0.00941843 
v -0.0198154 -0.0309811 0.009556 
v -0.0192164 -0.0309811 0.00910067 
v -0.0193838 -0.0309811 0.00918943 
v -0.0184816 -0.0309811 0.00893893 
v -0.0179228 -0.0309811 0.0123473 
v -0.0195407 -0.0309811 0.00929576 
v -0.0190404 -0.0309811 0.00903053 
v -0.0182924 -0.0309811 0.00894918 
v -0.0818198 0.000838688 0.02 
v -0.078694 -0.0022871 0.0111877 
v -0.0785724 -0.00240871 0.0111081 
v -0.078821 -0.00216013 0.0112482 
v -0.079085 -0.00189608 0.0113094 
v -0.0789518 -0.00202928 0.0112889 
v -0.0793522 -0.00162889 0.0112889 
v -0.079219 -0.00176209 0.0113094 
v -0.0796101 -0.00137106 0.0111877 
v -0.0794831 -0.00149803 0.0112482 
v -0.0818198 0.000838688 0 
v -0.0798465 -0.00113465 0.00811349 
v -0.0799531 -0.00102798 0.00822816 
v -0.0796101 -0.00137106 0.00793624 
v -0.0797317 -0.00124946 0.0080158 
v -0.0793522 -0.00162889 0.007835 
v -0.0794831 -0.00149803 0.00787573 
v -0.079085 -0.00189608 0.00781451 
v -0.079219 -0.00176209 0.00781451 
v -0.0798465 -0.00113465 0.0110104 
v -0.0797317 -0.00124946 0.0111081 
v -0.0800504 -0.000930708 0.0107654 
v -0.0799531 -0.00102798 0.0108957 
v -0.0779219 -0.00305926 0.00975115 
v -0.0803895 -0.000591645 0.00956195 
v -0.078821 -0.00216013 0.00787573 
v -0.0789518 -0.00202928 0.007835 
v -0.0785724 -0.00240871 0.0080158 
v -0.078694 -0.0022871 0.00793624 
v -0.0784576 -0.00252352 0.00811349 
v -0.0779794 -0.00300174 0.0101207 
v -0.0779435 -0.00303759 0.00993814 
v -0.0784576 -0.00252352 0.0110104 
v -0.0783509 -0.00263018 0.0108957 
v -0.0802123 -0.000768775 0.0104642 
v -0.0801372 -0.000843967 0.010621 
v -0.0803605 -0.000620575 0.00993814 
v -0.0803247 -0.000656421 0.0101207 
v -0.0803822 -0.000598899 0.00975115 
v -0.0803605 -0.000620575 0.00918575 
v -0.0803822 -0.000598899 0.00937274 
v -0.0802751 -0.000706014 0.00882714 
v -0.0803247 -0.000656421 0.00900317 
v -0.0800504 -0.000930708 0.00835847 
v -0.0801372 -0.000843967 0.00850289 
v -0.0779435 -0.00303759 0.00918575 
v -0.0779219 -0.00305926 0.00937274 
v -0.0782537 -0.00272746 0.0107654 
v -0.0781669 -0.0028142 0.010621 
v -0.0802751 -0.000706014 0.0102968 
v -0.0802123 -0.000768775 0.00865973 
v -0.0782537 -0.00272746 0.00835847 
v -0.0783509 -0.00263018 0.00822816 
v -0.0779146 -0.00306652 0.00956195 
v -0.0780917 -0.00288939 0.0104642 
v -0.078029 -0.00295215 0.0102968 
v -0.0780917 -0.00288939 0.00865973 
v -0.0781669 -0.0028142 0.00850289 
v -0.0779794 -0.00300174 0.00900317 
v -0.078029 -0.00295215 0.00882714 
v -0.080052 0.00260646 0.02 
v -0.080052 0.00260646 0 
v -0.0761468 -0.00129875 0.00956195 
v -0.0761541 -0.0012915 0.00937274 
v -0.0761758 -0.00126982 0.00918575 
v -0.0762116 -0.00123398 0.00900317 
v -0.0762612 -0.00118438 0.00882714 
v -0.076324 -0.00112162 0.00865973 
v -0.0763992 -0.00104643 0.00850289 
v -0.0764859 -0.000959688 0.00835847 
v -0.0765832 -0.000862414 0.00822816 
v -0.0766898 -0.000755748 0.00811349 
v -0.0768046 -0.00064094 0.0080158 
v -0.0769262 -0.000519337 0.00793624 
v -0.0770532 -0.000392364 0.00787573 
v -0.0771841 -0.00026151 0.007835 
v -0.0773173 -0.000128308 0.00781451 
v -0.0774513 5.67889e-06 0.00781451 
v -0.0775845 0.00013888 0.007835 
v -0.0777153 0.000269735 0.00787573 
v -0.0778423 0.000396708 0.00793624 
v -0.0779639 0.000518311 0.0080158 
v -0.0780787 0.000633119 0.00811349 
v -0.0781854 0.000739785 0.00822816 
v -0.0782826 0.000837059 0.00835847 
v -0.0783694 0.0009238 0.00850289 
v -0.0784446 0.000998992 0.00865973 
v -0.0785073 0.00106175 0.00882714 
v -0.0785569 0.00111135 0.00900317 
v -0.0785928 0.00114719 0.00918575 
v -0.0786145 0.00116887 0.00937274 
v -0.0786217 0.00117612 0.00956195 
v -0.0786145 0.00116887 0.00975115 
v -0.0785928 0.00114719 0.00993814 
v -0.0785569 0.00111135 0.0101207 
v -0.0785073 0.00106175 0.0102968 
v -0.0784446 0.000998992 0.0104642 
v -0.0783694 0.0009238 0.010621 
v -0.0782826 0.000837059 0.0107654 
v -0.0781854 0.000739785 0.0108957 
v -0.0780787 0.000633119 0.0110104 
v -0.0779639 0.000518311 0.0111081 
v -0.0778423 0.000396708 0.0111877 
v -0.0777153 0.000269735 0.0112482 
v -0.0775845 0.00013888 0.0112889 
v -0.0774513 5.67889e-06 0.0113094 
v -0.0773173 -0.000128308 0.0113094 
v -0.0771841 -0.00026151 0.0112889 
v -0.0770532 -0.000392364 0.0112482 
v -0.0769262 -0.000519337 0.0111877 
v -0.0768046 -0.00064094 0.0111081 
v -0.0766898 -0.000755748 0.0110104 
v -0.0765832 -0.000862414 0.0108957 
v -0.0764859 -0.000959688 0.0107654 
v -0.0763992 -0.00104643 0.010621 
v -0.076324 -0.00112162 0.0104642 
v -0.0762612 -0.00118438 0.0102968 
v -0.0762116 -0.00123398 0.0101207 
v -0.0761758 -0.00126982 0.00993814 
v -0.0761541 -0.0012915 0.00975115 
v -0.0610355 -0.01641 0.02 
v -0.0610355 -0.01641 0 
v -0.0525286 -0.013409 0.02 
v -0.0525 -0.0128745 0.02 
v -0.0525 -0.0128745 0 
v -0.0526143 -0.0139373 0.02 
v -0.0525286 -0.013409 0 
v -0.0527559 -0.0144535 0.02 
v -0.0526143 -0.0139373 0 
v -0.0529518 -0.0149516 0.02 
v -0.0527559 -0.0144535 0 
v -0.0531999 -0.0154259 0.02 
v -0.0529518 -0.0149516 0 
v -0.0534973 -0.0158709 0.02 
v -0.0531999 -0.0154259 0 
v -0.0538405 -0.0162816 0.02 
v -0.0534973 -0.0158709 0 
v -0.0542257 -0.0166533 0.02 
v -0.0538405 -0.0162816 0 
v -0.0546484 -0.0169816 0.02 
v -0.0542257 -0.0166533 0 
v -0.0551038 -0.0172629 0.02 
v -0.0546484 -0.0169816 0 
v -0.0555866 -0.0174939 0.02 
v -0.0551038 -0.0172629 0 
v -0.0560913 -0.017672 0.02 
v -0.0555866 -0.0174939 0 
v -0.0566122 -0.0177951 0.02 
v -0.0560913 -0.017672 0 
v -0.0571433 -0.0178618 0.02 
v -0.0566122 -0.0177951 0 
v -0.0576785 -0.0178713 0.02 
v -0.0571433 -0.0178618 0 
v -0.0582116 -0.0178236 0.02 
v -0.0576785 -0.0178713 0 
v -0.0587365 -0.0177192 0.02 
v -0.0582116 -0.0178236 0 
v -0.0592473 -0.0175593 0.02 
v -0.0587365 -0.0177192 0 
v -0.0597381 -0.0173456 0.02 
v -0.0592473 -0.0175593 0 
v -0.0602032 -0.0170808 0.02 
v -0.0597381 -0.0173456 0 
v -0.0606373 -0.0167677 0.02 
v -0.0602032 -0.0170808 0 
v -0.0606373 -0.0167677 0 
v 0.0779603 -0.00302077 0.0101273 
v 0.0779962 -0.00298492 0.0091923 
v 0.0779603 -0.00302077 0.00937488 
v 0.0818198 0.000838688 0 
v 0.0787108 -0.00227028 0.00812537 
v 0.0785892 -0.00239189 0.00820493 
v 0.0792358 -0.00174527 0.00800364 
v 0.0791019 -0.00187926 0.00800364 
v 0.0818198 0.000838688 0.02 
v 0.0789687 -0.00201246 0.011478 
v 0.0791019 -0.00187926 0.0114985 
v 0.0785892 -0.00239189 0.0112972 
v 0.0787108 -0.00227028 0.0113768 
v 0.0779387 -0.00304245 0.00994029 
v 0.0788378 -0.00214331 0.00806486 
v 0.079369 -0.00161207 0.00802413 
v 0.0796269 -0.00135424 0.00812537 
v 0.0794999 -0.00148121 0.00806486 
v 0.0796269 -0.00135424 0.0113768 
v 0.0797485 -0.00123264 0.0112972 
v 0.079369 -0.00161207 0.011478 
v 0.0794999 -0.00148121 0.0114373 
v 0.0792358 -0.00174527 0.0114985 
v 0.0788378 -0.00214331 0.0114373 
v 0.0784744 -0.0025067 0.0111995 
v 0.0784744 -0.0025067 0.00830262 
v 0.0789687 -0.00201246 0.00802413 
v 0.0798633 -0.00111783 0.00830262 
v 0.0797485 -0.00123264 0.00820493 
v 0.0798633 -0.00111783 0.0111995 
v 0.0779387 -0.00304245 0.00956187 
v 0.0783678 -0.00261336 0.00841729 
v 0.07997 -0.00101116 0.00841729 
v 0.07997 -0.00101116 0.0110849 
v 0.0800672 -0.000913889 0.0085476 
v 0.0782705 -0.00271064 0.0109546 
v 0.0783678 -0.00261336 0.0110849 
v 0.0779314 -0.0030497 0.00975108 
v 0.0782705 -0.00271064 0.0085476 
v 0.0781837 -0.00279738 0.00869202 
v 0.0800672 -0.000913889 0.0109546 
v 0.080154 -0.000827147 0.0108101 
v 0.0802292 -0.000751956 0.00884886 
v 0.080154 -0.000827147 0.00869202 
v 0.0781085 -0.00287257 0.0106533 
v 0.0781837 -0.00279738 0.0108101 
v 0.0781085 -0.00287257 0.00884886 
v 0.0780458 -0.00293533 0.00901627 
v 0.0779962 -0.00298492 0.0103099 
v 0.0780458 -0.00293533 0.0104859 
v 0.0803415 -0.000639601 0.0091923 
v 0.0802919 -0.000689195 0.00901627 
v 0.0802292 -0.000751956 0.0106533 
v 0.0802919 -0.000689195 0.0104859 
v 0.080399 -0.000582079 0.00994029 
v 0.0804063 -0.000574825 0.00975108 
v 0.0803415 -0.000639601 0.0103099 
v 0.0803774 -0.000603756 0.0101273 
v 0.080399 -0.000582079 0.00956187 
v 0.0803774 -0.000603756 0.00937488 
v 0.080052 0.00260646 0 
v 0.080052 0.00260646 0.02 
v 0.0786385 0.00119294 0.00975108 
v 0.0786313 0.00118569 0.00956187 
v 0.0786096 0.00116401 0.00937488 
v 0.0785737 0.00112817 0.0091923 
v 0.0785242 0.00107857 0.00901627 
v 0.0784614 0.00101581 0.00884886 
v 0.0783862 0.00094062 0.00869202 
v 0.0782995 0.000853878 0.0085476 
v 0.0782022 0.000756604 0.00841729 
v 0.0780955 0.000649938 0.00830262 
v 0.0779807 0.000535131 0.00820493 
v 0.0778591 0.000413527 0.00812537 
v 0.0777321 0.000286554 0.00806486 
v 0.0776013 0.0001557 0.00802413 
v 0.0774681 2.24982e-05 0.00800364 
v 0.0773341 -0.000111489 0.00800364 
v 0.0772009 -0.00024469 0.00802413 
v 0.07707 -0.000375545 0.00806486 
v 0.0769431 -0.000502518 0.00812537 
v 0.0768215 -0.000624121 0.00820493 
v 0.0767067 -0.000738929 0.00830262 
v 0.0766 -0.000845595 0.00841729 
v 0.0765027 -0.000942869 0.0085476 
v 0.076416 -0.00102961 0.00869202 
v 0.0763408 -0.0011048 0.00884886 
v 0.076278 -0.00116756 0.00901627 
v 0.0762284 -0.00121716 0.0091923 
v 0.0761926 -0.001253 0.00937488 
v 0.0761709 -0.00127468 0.00956187 
v 0.0761637 -0.00128193 0.00975108 
v 0.0761709 -0.00127468 0.00994029 
v 0.0761926 -0.001253 0.0101273 
v 0.0762284 -0.00121716 0.0103099 
v 0.076278 -0.00116756 0.0104859 
v 0.0763408 -0.0011048 0.0106533 
v 0.076416 -0.00102961 0.0108101 
v 0.0765027 -0.000942869 0.0109546 
v 0.0766 -0.000845595 0.0110849 
v 0.0767067 -0.000738929 0.0111995 
v 0.0768215 -0.000624121 0.0112972 
v 0.0769431 -0.000502518 0.0113768 
v 0.07707 -0.000375545 0.0114373 
v 0.0772009 -0.00024469 0.011478 
v 0.0773341 -0.000111489 0.0114985 
v 0.0774681 2.24982e-05 0.0114985 
v 0.0776013 0.0001557 0.011478 
v 0.0777321 0.000286554 0.0114373 
v 0.0778591 0.000413527 0.0113768 
v 0.0779807 0.000535131 0.0112972 
v 0.0780955 0.000649938 0.0111995 
v 0.0782022 0.000756604 0.0110849 
v 0.0782995 0.000853878 0.0109546 
v 0.0783862 0.00094062 0.0108101 
v 0.0784614 0.00101581 0.0106533 
v 0.0785242 0.00107857 0.0104859 
v 0.0785737 0.00112817 0.0103099 
v 0.0786096 0.00116401 0.0101273 
v 0.0786313 0.00118569 0.00994029 
v 0.0610355 -0.01641 0.02 
v 0.0610355 -0.01641 0 
v 0.0606373 -0.0167677 0.02 
v 0.0602032 -0.0170808 0.02 
v 0.0606373 -0.0167677 0 
v 0.0597381 -0.0173456 0.02 
v 0.0602032 -0.0170808 0 
v 0.0592473 -0.0175593 0.02 
v 0.0597381 -0.0173456 0 
v 0.0587365 -0.0177192 0.02 
v 0.0592473 -0.0175593 0 
v 0.0582116 -0.0178236 0.02 
v 0.0587365 -0.0177192 0 
v 0.0576785 -0.0178713 0.02 
v 0.0582116 -0.0178236 0 
v 0.0571433 -0.0178618 0.02 
v 0.0576785 -0.0178713 0 
v 0.0566122 -0.0177951 0.02 
v 0.0571433 -0.0178618 0 
v 0.0560913 -0.017672 0.02 
v 0.0566122 -0.0177951 0 
v 0.0555866 -0.0174939 0.02 
v 0.0560913 -0.017672 0 
v 0.0551038 -0.0172629 0.02 
v 0.0555866 -0.0174939 0 
v 0.0546484 -0.0169816 0.02 
v 0.0551038 -0.0172629 0 
v 0.0542257 -0.0166533 0.02 
v 0.0546484 -0.0169816 0 
v 0.0538405 -0.0162816 0.02 
v 0.0542257 -0.0166533 0 
v 0.0534973 -0.0158709 0.02 
v 0.0538405 -0.0162816 0 
v 0.0531999 -0.0154259 0.02 
v 0.0534973 -0.0158709 0 
v 0.0529518 -0.0149516 0.02 
v 0.0531999 -0.0154259 0 
v 0.0527559 -0.0144535 0.02 
v 0.0529518 -0.0149516 0 
v 0.0526143 -0.0139373 0.02 
v 0.0527559 -0.0144535 0 
v 0.0525286 -0.013409 0.02 
v 0.0526143 -0.0139373 0 
v 0.0525 -0.0128745 0.02 
v 0.0525286 -0.013409 0 
v 0.0525 -0.0128745 0 
v -0.0525 0.0219606 0.00412864 
v -0.0525 0.0165058 0.00331378 
v -0.0525 0.0167569 0.00335494 
v -0.0525 0.0270189 0 
v -0.0525 0.0255428 0.00412864 
v -0.0525 0.0256968 0.00433121 
v -0.0525 0.0218066 0.00433121 
v -0.0525 0.025828 0.00454924 
v -0.0525 0.0251739 0.00377918 
v -0.0525 0.0253678 0.00394391 
v -0.0525 0.0223296 0.00377918 
v -0.0525 0.0225402 0.00363639 
v -0.0525 0.0221356 0.00394391 
v -0.0525 0.0259348 0.00478018 
v -0.0525 0.0260161 0.00502131 
v -0.0525 0.0230014 0.00342302 
v -0.0525 0.0232465 0.00335494 
v -0.0525 0.022765 0.0035172 
v -0.0525 0.0215686 0.00478018 
v -0.0525 0.0170021 0.00342302 
v -0.0525 0.0172385 0.0035172 
v -0.0525 0.0139327 0.00603019 
v -0.0525 0.0150402 0.00766361 
v -0.0525 0.0148296 0.00752082 
v -0.0525 0.0247385 0.0035172 
v -0.0525 0.0249633 0.00363639 
v -0.0525 0.0242569 0.00335494 
v -0.0525 0.0245021 0.00342302 
v -0.0525 0.0216755 0.00454924 
v -0.0525 0.0214327 0.00526981 
v -0.0525 0.0214874 0.00502131 
v -0.0525 0.0140686 0.00478018 
v -0.0525 0.0141755 0.00454924 
v -0.0525 0.0139327 0.00526981 
v -0.0525 0.0139874 0.00502131 
v -0.0525 0.0139052 0.00577723 
v -0.0525 0.0146356 0.00735609 
v -0.0525 0.0144606 0.00717136 
v -0.0525 0.015265 0.0077828 
v -0.0525 0.0157465 0.00794506 
v -0.0525 0.0155014 0.00787698 
v -0.0525 0.0270189 0.02 
v -0.0525 0.0159976 0.00798622 
v -0.0525 0.018328 0.00675076 
v -0.0525 0.0221356 0.00735609 
v -0.0525 0.0219606 0.00717136 
v -0.0525 0.0225402 0.00766361 
v -0.0525 0.0223296 0.00752082 
v -0.0525 0.0247385 0.0077828 
v -0.0525 0.0245021 0.00787698 
v -0.0525 0.0240058 0.00331378 
v -0.0525 0.0159976 0.00331378 
v -0.0525 0.0139052 0.00552277 
v -0.0525 0.0141755 0.00675076 
v -0.0525 0.0140686 0.00651982 
v -0.0525 0.0181968 0.00696879 
v -0.0525 0.0232465 0.00794506 
v -0.0525 0.0185161 0.00627869 
v -0.0525 0.0216755 0.00675076 
v -0.0525 0.0215686 0.00651982 
v -0.0525 0.0218066 0.00696879 
v -0.0525 0.022765 0.0077828 
v -0.0525 0.0242569 0.00794506 
v -0.0525 0.0251739 0.00752082 
v -0.0525 0.0249633 0.00766361 
v -0.0525 0.0255428 0.00717136 
v -0.0525 0.0253678 0.00735609 
v -0.0525 0.0260708 0.00603019 
v -0.0525 0.0260161 0.00627869 
v -0.0525 0.0234976 0.00331378 
v -0.0525 0.0237517 0.0033 
v -0.0525 0.0162517 0.0033 
v -0.0525 0.015265 0.0035172 
v -0.0525 0.0155014 0.00342302 
v -0.0525 0.0148296 0.00377918 
v -0.0525 0.0150402 0.00363639 
v -0.0525 0.0139874 0.00627869 
v -0.0525 0.0143066 0.00696879 
v -0.0525 0.0162517 0.008 
v -0.0525 0.0172385 0.0077828 
v -0.0525 0.0170021 0.00787698 
v -0.0525 0.0234976 0.00798622 
v -0.0525 0.0185708 0.00603019 
v -0.0525 0.0230014 0.00787698 
v -0.0525 0.0240058 0.00798622 
v -0.0525 0.025828 0.00675076 
v -0.0525 0.0256968 0.00696879 
v -0.0525 0.0259348 0.00651982 
v -0.0525 0.0260983 0.00552277 
v -0.0525 0.0260983 0.00577723 
v -0.0525 0.0157465 0.00335494 
v -0.0525 0.0146356 0.00394391 
v -0.0525 0.0167569 0.00794506 
v -0.0525 0.0176739 0.00752082 
v -0.0525 0.0174633 0.00766361 
v -0.0525 0.0180428 0.00717136 
v -0.0525 0.0178678 0.00735609 
v -0.0525 0.0184348 0.00651982 
v -0.0525 0.0214327 0.00603019 
v -0.0525 0.0180428 0.00412864 
v -0.0525 0.0181968 0.00433121 
v -0.0525 0.0260708 0.00526981 
v -0.0525 0.0143066 0.00433121 
v -0.0525 0.0144606 0.00412864 
v -0.0525 0.0165058 0.00798622 
v -0.0525 0.0237517 0.008 
v -0.0525 0.0214874 0.00627869 
v -0.0525 0.018328 0.00454924 
v -0.0525 0.0185708 0.00526981 
v -0.0525 0.0185983 0.00552277 
v -0.0525 0.0184348 0.00478018 
v -0.0525 0.0185161 0.00502131 
v -0.0525 0.0178678 0.00394391 
v -0.0525 0.0174633 0.00363639 
v -0.0525 0.0214052 0.00577723 
v -0.0525 0.0185983 0.00577723 
v -0.0525 0.0176739 0.00377918 
v -0.0525 0.0214052 0.00552277 
v -0.05 0.0270189 0.02 
v -0.05 0.0270189 0 
v -0.05 0.0162517 0.008 
v -0.05 0.0159976 0.00798622 
v -0.05 0.0157465 0.00794506 
v -0.05 0.0155014 0.00787698 
v -0.05 0.015265 0.0077828 
v -0.05 0.0150402 0.00766361 
v -0.05 0.0148296 0.00752082 
v -0.05 0.0146356 0.00735609 
v -0.05 0.0144606 0.00717136 
v -0.05 0.0143066 0.00696879 
v -0.05 0.0141755 0.00675076 
v -0.05 0.0140686 0.00651982 
v -0.05 0.0139874 0.00627869 
v -0.05 0.0139327 0.00603019 
v -0.05 0.0139052 0.00577723 
v -0.05 0.0139052 0.00552277 
v -0.05 0.0139327 0.00526981 
v -0.05 0.0139874 0.00502131 
v -0.05 0.0140686 0.00478018 
v -0.05 0.0141755 0.00454924 
v -0.05 0.0143066 0.00433121 
v -0.05 0.0144606 0.00412864 
v -0.05 0.0146356 0.00394391 
v -0.05 0.0148296 0.00377918 
v -0.05 0.0150402 0.00363639 
v -0.05 0.015265 0.0035172 
v -0.05 0.0155014 0.00342302 
v -0.05 0.0157465 0.00335494 
v -0.05 0.0159976 0.00331378 
v -0.05 0.0162517 0.0033 
v -0.05 0.0165058 0.00331378 
v -0.05 0.0167569 0.00335494 
v -0.05 0.0170021 0.00342302 
v -0.05 0.0172385 0.0035172 
v -0.05 0.0174633 0.00363639 
v -0.05 0.0176739 0.00377918 
v -0.05 0.0178678 0.00394391 
v -0.05 0.0180428 0.00412864 
v -0.05 0.0181968 0.00433121 
v -0.05 0.018328 0.00454924 
v -0.05 0.0184348 0.00478018 
v -0.05 0.0185161 0.00502131 
v -0.05 0.0185708 0.00526981 
v -0.05 0.0185983 0.00552277 
v -0.05 0.0185983 0.00577723 
v -0.05 0.0185708 0.00603019 
v -0.05 0.0185161 0.00627869 
v -0.05 0.0184348 0.00651982 
v -0.05 0.018328 0.00675076 
v -0.05 0.0181968 0.00696879 
v -0.05 0.0180428 0.00717136 
v -0.05 0.0178678 0.00735609 
v -0.05 0.0176739 0.00752082 
v -0.05 0.0174633 0.00766361 
v -0.05 0.0172385 0.0077828 
v -0.05 0.0170021 0.00787698 
v -0.05 0.0167569 0.00794506 
v -0.05 0.0165058 0.00798622 
v -0.05 0.0237517 0.008 
v -0.05 0.0234976 0.00798622 
v -0.05 0.0232465 0.00794506 
v -0.05 0.0230014 0.00787698 
v -0.05 0.022765 0.0077828 
v -0.05 0.0225402 0.00766361 
v -0.05 0.0223296 0.00752082 
v -0.05 0.0221356 0.00735609 
v -0.05 0.0219606 0.00717136 
v -0.05 0.0218066 0.00696879 
v -0.05 0.0216755 0.00675076 
v -0.05 0.0215686 0.00651982 
v -0.05 0.0214874 0.00627869 
v -0.05 0.0214327 0.00603019 
v -0.05 0.0214052 0.00577723 
v -0.05 0.0214052 0.00552277 
v -0.05 0.0214327 0.00526981 
v -0.05 0.0214874 0.00502131 
v -0.05 0.0215686 0.00478018 
v -0.05 0.0216755 0.00454924 
v -0.05 0.0218066 0.00433121 
v -0.05 0.0219606 0.00412864 
v -0.05 0.0221356 0.00394391 
v -0.05 0.0223296 0.00377918 
v -0.05 0.0225402 0.00363639 
v -0.05 0.022765 0.0035172 
v -0.05 0.0230014 0.00342302 
v -0.05 0.0232465 0.00335494 
v -0.05 0.0234976 0.00331378 
v -0.05 0.0237517 0.0033 
v -0.05 0.0240058 0.00331378 
v -0.05 0.0242569 0.00335494 
v -0.05 0.0245021 0.00342302 
v -0.05 0.0247385 0.0035172 
v -0.05 0.0249633 0.00363639 
v -0.05 0.0251739 0.00377918 
v -0.05 0.0253678 0.00394391 
v -0.05 0.0255428 0.00412864 
v -0.05 0.0256968 0.00433121 
v -0.05 0.025828 0.00454924 
v -0.05 0.0259348 0.00478018 
v -0.05 0.0260161 0.00502131 
v -0.05 0.0260708 0.00526981 
v -0.05 0.0260983 0.00552277 
v -0.05 0.0260983 0.00577723 
v -0.05 0.0260708 0.00603019 
v -0.05 0.0260161 0.00627869 
v -0.05 0.0259348 0.00651982 
v -0.05 0.025828 0.00675076 
v -0.05 0.0256968 0.00696879 
v -0.05 0.0255428 0.00717136 
v -0.05 0.0253678 0.00735609 
v -0.05 0.0251739 0.00752082 
v -0.05 0.0249633 0.00766361 
v -0.05 0.0247385 0.0077828 
v -0.05 0.0245021 0.00787698 
v -0.05 0.0242569 0.00794506 
v -0.05 0.0240058 0.00798622 
v -0.05 0.00201888 0.02 
v -0.05 0.00201888 0 
v -0.0499726 0.00149624 0 
v -0.0498907 0.000979324 0 
v -0.0499726 0.00149624 0.02 
v -0.0497553 0.000473798 0 
v -0.0498907 0.000979324 0.02 
v -0.0495677 -1.48003e-05 0 
v -0.0497553 0.000473798 0.02 
v -0.0493301 -0.000481117 0 
v -0.0495677 -1.48003e-05 0.02 
v -0.0490451 -0.000920043 0 
v -0.0493301 -0.000481117 0.02 
v -0.0487157 -0.00132677 0 
v -0.0490451 -0.000920043 0.02 
v -0.0483457 -0.00169684 0 
v -0.0487157 -0.00132677 0.02 
v -0.0479389 -0.0020262 0 
v -0.0483457 -0.00169684 0.02 
v -0.0475 -0.00231124 0 
v -0.0479389 -0.0020262 0.02 
v -0.0470337 -0.00254884 0 
v -0.0475 -0.00231124 0.02 
v -0.0465451 -0.0027364 0 
v -0.0470337 -0.00254884 0.02 
v -0.0460396 -0.00287186 0 
v -0.0465451 -0.0027364 0.02 
v -0.0455226 -0.00295373 0 
v -0.0460396 -0.00287186 0.02 
v -0.045 -0.00298112 0 
v -0.0455226 -0.00295373 0.02 
v -0.045 -0.00298112 0.02 
v 0.045 -0.00298112 0.02 
v 0.045 -0.00298112 0 
v 0.0499726 0.00149624 0.02 
v 0.05 0.00201888 0.02 
v 0.05 0.00201888 0 
v 0.0498907 0.000979324 0.02 
v 0.0499726 0.00149624 0 
v 0.0497553 0.000473798 0.02 
v 0.0498907 0.000979324 0 
v 0.0495677 -1.48003e-05 0.02 
v 0.0497553 0.000473798 0 
v 0.0493301 -0.000481117 0.02 
v 0.0495677 -1.48003e-05 0 
v 0.0490451 -0.000920043 0.02 
v 0.0493301 -0.000481117 0 
v 0.0487157 -0.00132677 0.02 
v 0.0490451 -0.000920043 0 
v 0.0483457 -0.00169684 0.02 
v 0.0487157 -0.00132677 0 
v 0.0479389 -0.0020262 0.02 
v 0.0483457 -0.00169684 0 
v 0.0475 -0.00231124 0.02 
v 0.0479389 -0.0020262 0 
v 0.0470337 -0.00254884 0.02 
v 0.0475 -0.00231124 0 
v 0.0465451 -0.0027364 0.02 
v 0.0470337 -0.00254884 0 
v 0.0460396 -0.00287186 0.02 
v 0.0465451 -0.0027364 0 
v 0.0455226 -0.00295373 0.02 
v 0.0460396 -0.00287186 0 
v 0.0455226 -0.00295373 0 
v 0.0525 0.0270189 0.02 
v 0.05 0.0270189 0.02 
v 0.0525 0.0270189 0 
v 0.05 0.0270189 0 
v 0.0525 0.0167569 0.00794506 
v 0.0525 0.0170021 0.00787698 
v 0.0525 0.0225402 0.00766361 
v 0.0525 0.022765 0.0077828 
v 0.0525 0.0165058 0.00798622 
v 0.0525 0.0242569 0.00794506 
v 0.0525 0.0245021 0.00787698 
v 0.0525 0.0214874 0.00627869 
v 0.0525 0.0172385 0.0077828 
v 0.0525 0.0215686 0.00651982 
v 0.0525 0.0240058 0.00798622 
v 0.0525 0.0223296 0.00752082 
v 0.0525 0.0146356 0.00735609 
v 0.0525 0.0148296 0.00752082 
v 0.0525 0.0237517 0.008 
v 0.0525 0.0221356 0.00735609 
v 0.0525 0.0218066 0.00696879 
v 0.0525 0.0219606 0.00717136 
v 0.0525 0.0214327 0.00603019 
v 0.0525 0.0159976 0.00798622 
v 0.0525 0.0162517 0.008 
v 0.0525 0.015265 0.0077828 
v 0.0525 0.0155014 0.00787698 
v 0.0525 0.0150402 0.00766361 
v 0.0525 0.0143066 0.00696879 
v 0.0525 0.0144606 0.00717136 
v 0.0525 0.0139052 0.00577723 
v 0.0525 0.0139327 0.00603019 
v 0.0525 0.0234976 0.00798622 
v 0.0525 0.0230014 0.00787698 
v 0.0525 0.0232465 0.00794506 
v 0.0525 0.0157465 0.00794506 
v 0.0525 0.0139052 0.00552277 
v 0.0525 0.0140686 0.00478018 
v 0.0525 0.0139874 0.00502131 
v 0.0525 0.0143066 0.00433121 
v 0.0525 0.0141755 0.00454924 
v 0.0525 0.0216755 0.00675076 
v 0.0525 0.0141755 0.00675076 
v 0.0525 0.0139874 0.00627869 
v 0.0525 0.0140686 0.00651982 
v 0.0525 0.0139327 0.00526981 
v 0.0525 0.0214874 0.00502131 
v 0.0525 0.0214327 0.00526981 
v 0.0525 0.0184348 0.00478018 
v 0.0525 0.0172385 0.0035172 
v 0.0525 0.0221356 0.00394391 
v 0.0525 0.0219606 0.00412864 
v 0.0525 0.0259348 0.00651982 
v 0.0525 0.0260161 0.00627869 
v 0.0525 0.0251739 0.00752082 
v 0.0525 0.0253678 0.00735609 
v 0.0525 0.0247385 0.0077828 
v 0.0525 0.0249633 0.00766361 
v 0.0525 0.0214052 0.00552277 
v 0.0525 0.0214052 0.00577723 
v 0.0525 0.0185983 0.00577723 
v 0.0525 0.0216755 0.00454924 
v 0.0525 0.0180428 0.00412864 
v 0.0525 0.0178678 0.00394391 
v 0.0525 0.018328 0.00454924 
v 0.0525 0.0181968 0.00433121 
v 0.0525 0.0215686 0.00478018 
v 0.0525 0.0223296 0.00377918 
v 0.0525 0.022765 0.0035172 
v 0.0525 0.0225402 0.00363639 
v 0.0525 0.0255428 0.00412864 
v 0.0525 0.0253678 0.00394391 
v 0.0525 0.025828 0.00454924 
v 0.0525 0.0256968 0.00433121 
v 0.0525 0.025828 0.00675076 
v 0.0525 0.0255428 0.00717136 
v 0.0525 0.0256968 0.00696879 
v 0.0525 0.015265 0.0035172 
v 0.0525 0.0150402 0.00363639 
v 0.0525 0.0159976 0.00331378 
v 0.0525 0.0157465 0.00335494 
v 0.0525 0.0185983 0.00552277 
v 0.0525 0.0184348 0.00651982 
v 0.0525 0.0185161 0.00627869 
v 0.0525 0.0230014 0.00342302 
v 0.0525 0.0234976 0.00331378 
v 0.0525 0.0232465 0.00335494 
v 0.0525 0.0148296 0.00377918 
v 0.0525 0.0155014 0.00342302 
v 0.0525 0.0185708 0.00526981 
v 0.0525 0.018328 0.00675076 
v 0.0525 0.0180428 0.00717136 
v 0.0525 0.0181968 0.00696879 
v 0.0525 0.0176739 0.00752082 
v 0.0525 0.0178678 0.00735609 
v 0.0525 0.0174633 0.00766361 
v 0.0525 0.0170021 0.00342302 
v 0.0525 0.0176739 0.00377918 
v 0.0525 0.0174633 0.00363639 
v 0.0525 0.0218066 0.00433121 
v 0.0525 0.0247385 0.0035172 
v 0.0525 0.0245021 0.00342302 
v 0.0525 0.0259348 0.00478018 
v 0.0525 0.0260708 0.00526981 
v 0.0525 0.0260161 0.00502131 
v 0.0525 0.0146356 0.00394391 
v 0.0525 0.0144606 0.00412864 
v 0.0525 0.0162517 0.0033 
v 0.0525 0.0167569 0.00335494 
v 0.0525 0.0242569 0.00335494 
v 0.0525 0.0251739 0.00377918 
v 0.0525 0.0249633 0.00363639 
v 0.0525 0.0260983 0.00577723 
v 0.0525 0.0260983 0.00552277 
v 0.0525 0.0260708 0.00603019 
v 0.0525 0.0185708 0.00603019 
v 0.0525 0.0165058 0.00331378 
v 0.0525 0.0240058 0.00331378 
v 0.0525 0.0185161 0.00502131 
v 0.0525 0.0237517 0.0033 
v 0.05 0.0219606 0.00412864 
v 0.05 0.0165058 0.00331378 
v 0.05 0.0167569 0.00335494 
v 0.05 0.0255428 0.00412864 
v 0.05 0.0256968 0.00433121 
v 0.05 0.0218066 0.00433121 
v 0.05 0.025828 0.00454924 
v 0.05 0.0251739 0.00377918 
v 0.05 0.0253678 0.00394391 
v 0.05 0.0223296 0.00377918 
v 0.05 0.0225402 0.00363639 
v 0.05 0.0221356 0.00394391 
v 0.05 0.0259348 0.00478018 
v 0.05 0.0260161 0.00502131 
v 0.05 0.0230014 0.00342302 
v 0.05 0.0232465 0.00335494 
v 0.05 0.022765 0.0035172 
v 0.05 0.0215686 0.00478018 
v 0.05 0.0170021 0.00342302 
v 0.05 0.0172385 0.0035172 
v 0.05 0.0150402 0.00766361 
v 0.05 0.0148296 0.00752082 
v 0.05 0.0247385 0.0035172 
v 0.05 0.0249633 0.00363639 
v 0.05 0.0242569 0.00335494 
v 0.05 0.0245021 0.00342302 
v 0.05 0.0216755 0.00454924 
v 0.05 0.0214327 0.00526981 
v 0.05 0.0214874 0.00502131 
v 0.05 0.0140686 0.00478018 
v 0.05 0.0141755 0.00454924 
v 0.05 0.0139327 0.00526981 
v 0.05 0.0139874 0.00502131 
v 0.05 0.0139327 0.00603019 
v 0.05 0.0139052 0.00577723 
v 0.05 0.0146356 0.00735609 
v 0.05 0.0144606 0.00717136 
v 0.05 0.015265 0.0077828 
v 0.05 0.0157465 0.00794506 
v 0.05 0.0155014 0.00787698 
v 0.05 0.018328 0.00675076 
v 0.05 0.0221356 0.00735609 
v 0.05 0.0219606 0.00717136 
v 0.05 0.0225402 0.00766361 
v 0.05 0.0223296 0.00752082 
v 0.05 0.0247385 0.0077828 
v 0.05 0.0245021 0.00787698 
v 0.05 0.0240058 0.00331378 
v 0.05 0.0159976 0.00331378 
v 0.05 0.0162517 0.0033 
v 0.05 0.0139052 0.00552277 
v 0.05 0.0139874 0.00627869 
v 0.05 0.0141755 0.00675076 
v 0.05 0.0140686 0.00651982 
v 0.05 0.0159976 0.00798622 
v 0.05 0.0162517 0.008 
v 0.05 0.0181968 0.00696879 
v 0.05 0.0232465 0.00794506 
v 0.05 0.0185161 0.00627869 
v 0.05 0.0216755 0.00675076 
v 0.05 0.0215686 0.00651982 
v 0.05 0.0218066 0.00696879 
v 0.05 0.022765 0.0077828 
v 0.05 0.0242569 0.00794506 
v 0.05 0.0251739 0.00752082 
v 0.05 0.0249633 0.00766361 
v 0.05 0.0255428 0.00717136 
v 0.05 0.0253678 0.00735609 
v 0.05 0.0260708 0.00603019 
v 0.05 0.0260161 0.00627869 
v 0.05 0.0234976 0.00331378 
v 0.05 0.0237517 0.0033 
v 0.05 0.0155014 0.00342302 
v 0.05 0.0157465 0.00335494 
v 0.05 0.0148296 0.00377918 
v 0.05 0.0150402 0.00363639 
v 0.05 0.0143066 0.00696879 
v 0.05 0.0172385 0.0077828 
v 0.05 0.0170021 0.00787698 
v 0.05 0.0234976 0.00798622 
v 0.05 0.0185708 0.00603019 
v 0.05 0.0230014 0.00787698 
v 0.05 0.0240058 0.00798622 
v 0.05 0.025828 0.00675076 
v 0.05 0.0256968 0.00696879 
v 0.05 0.0259348 0.00651982 
v 0.05 0.0260983 0.00552277 
v 0.05 0.0260983 0.00577723 
v 0.05 0.015265 0.0035172 
v 0.05 0.0146356 0.00394391 
v 0.05 0.0167569 0.00794506 
v 0.05 0.0176739 0.00752082 
v 0.05 0.0174633 0.00766361 
v 0.05 0.0180428 0.00717136 
v 0.05 0.0178678 0.00735609 
v 0.05 0.0184348 0.00651982 
v 0.05 0.0214327 0.00603019 
v 0.05 0.0180428 0.00412864 
v 0.05 0.0181968 0.00433121 
v 0.05 0.0260708 0.00526981 
v 0.05 0.0143066 0.00433121 
v 0.05 0.0144606 0.00412864 
v 0.05 0.0165058 0.00798622 
v 0.05 0.0237517 0.008 
v 0.05 0.0214874 0.00627869 
v 0.05 0.018328 0.00454924 
v 0.05 0.0185708 0.00526981 
v 0.05 0.0185983 0.00552277 
v 0.05 0.0184348 0.00478018 
v 0.05 0.0185161 0.00502131 
v 0.05 0.0178678 0.00394391 
v 0.05 0.0174633 0.00363639 
v 0.05 0.0214052 0.00577723 
v 0.05 0.0185983 0.00577723 
v 0.05 0.0176739 0.00377918 
v 0.05 0.0214052 0.00552277 
vn -0.702962 0.702962 0.108119 
vn -0.707107 0.707107 2.44929e-16 
vn -0.690575 0.690575 0.21497 
vn -0.702962 0.702962 0.108119 
vn -0.670092 0.670092 0.319302 
vn -0.690575 0.690575 0.21497 
vn -0.641753 0.641753 0.419889 
vn -0.670092 0.670092 0.319302 
vn -0.60589 0.60589 0.515554 
vn -0.641753 0.641753 0.419889 
vn -0.562923 0.562923 0.605174 
vn -0.60589 0.60589 0.515554 
vn -0.513356 0.513356 0.687699 
vn -0.562923 0.562923 0.605174 
vn -0.457771 0.457771 0.762162 
vn -0.513356 0.513356 0.687699 
vn -0.396819 0.396819 0.827689 
vn -0.457771 0.457771 0.762162 
vn -0.331215 0.331215 0.883512 
vn -0.396819 0.396819 0.827689 
vn -0.261727 0.261727 0.928977 
vn -0.331215 0.331215 0.883512 
vn -0.189171 0.189171 0.96355 
vn -0.261727 0.261727 0.928977 
vn -0.114397 0.114397 0.986827 
vn -0.189171 0.189171 0.96355 
vn -0.038282 0.038282 0.998533 
vn -0.114397 0.114397 0.986827 
vn 0.038282 -0.038282 0.998533 
vn -0.038282 0.038282 0.998533 
vn 0.114397 -0.114397 0.986827 
vn 0.038282 -0.038282 0.998533 
vn 0.189171 -0.189171 0.96355 
vn 0.114397 -0.114397 0.986827 
vn 0.261727 -0.261727 0.928977 
vn 0.189171 -0.189171 0.96355 
vn 0.331215 -0.331215 0.883512 
vn 0.261727 -0.261727 0.928977 
vn 0.396819 -0.396819 0.827689 
vn 0.331215 -0.331215 0.883512 
vn 0.457771 -0.457771 0.762162 
vn 0.396819 -0.396819 0.827689 
vn 0.513356 -0.513356 0.687699 
vn 0.457771 -0.457771 0.762162 
vn 0.562923 -0.562923 0.605174 
vn 0.513356 -0.513356 0.687699 
vn 0.60589 -0.60589 0.515554 
vn 0.562923 -0.562923 0.605174 
vn 0.641753 -0.641753 0.419889 
vn 0.60589 -0.60589 0.515554 
vn 0.670092 -0.670092 0.319302 
vn 0.641753 -0.641753 0.419889 
vn 0.690575 -0.690575 0.21497 
vn 0.670092 -0.670092 0.319302 
vn 0.702962 -0.702962 0.108119 
vn 0.690575 -0.690575 0.21497 
vn 0.707107 -0.707107 -1.22465e-16 
vn 0.702962 -0.702962 0.108119 
vn 0.702962 -0.702962 -0.108119 
vn 0.707107 -0.707107 -1.22465e-16 
vn 0.690575 -0.690575 -0.21497 
vn 0.702962 -0.702962 -0.108119 
vn 0.670092 -0.670092 -0.319302 
vn 0.690575 -0.690575 -0.21497 
vn 0.641753 -0.641753 -0.419889 
vn 0.670092 -0.670092 -0.319302 
vn 0.60589 -0.60589 -0.515554 
vn 0.641753 -0.641753 -0.419889 
vn 0.562923 -0.562923 -0.605174 
vn 0.60589 -0.60589 -0.515554 
vn 0.513356 -0.513356 -0.687699 
vn 0.562923 -0.562923 -0.605174 
vn 0.457771 -0.457771 -0.762162 
vn 0.513356 -0.513356 -0.687699 
vn 0.396819 -0.396819 -0.827689 
vn 0.457771 -0.457771 -0.762162 
vn 0.331215 -0.331215 -0.883512 
vn 0.396819 -0.396819 -0.827689 
vn 0.261727 -0.261727 -0.928977 
vn 0.331215 -0.331215 -0.883512 
vn 0.189171 -0.189171 -0.96355 
vn 0.261727 -0.261727 -0.928977 
vn 0.114397 -0.114397 -0.986827 
vn 0.189171 -0.189171 -0.96355 
vn 0.038282 -0.038282 -0.998533 
vn 0.114397 -0.114397 -0.986827 
vn -0.038282 0.038282 -0.998533 
vn 0.038282 -0.038282 -0.998533 
vn -0.114397 0.114397 -0.986827 
vn -0.038282 0.038282 -0.998533 
vn -0.189171 0.189171 -0.96355 
vn -0.114397 0.114397 -0.986827 
vn -0.261727 0.261727 -0.928977 
vn -0.189171 0.189171 -0.96355 
vn -0.331215 0.331215 -0.883512 
vn -0.261727 0.261727 -0.928977 
vn -0.396819 0.396819 -0.827689 
vn -0.331215 0.331215 -0.883512 
vn -0.457771 0.457771 -0.762162 
vn -0.396819 0.396819 -0.827689 
vn -0.513356 0.513356 -0.687699 
vn -0.457771 0.457771 -0.762162 
vn -0.562923 0.562923 -0.605174 
vn -0.513356 0.513356 -0.687699 
vn -0.60589 0.60589 -0.515554 
vn -0.562923 0.562923 -0.605174 
vn -0.641753 0.641753 -0.419889 
vn -0.60589 0.60589 -0.515554 
vn -0.670092 0.670092 -0.319302 
vn -0.641753 0.641753 -0.419889 
vn -0.690575 0.690575 -0.21497 
vn -0.670092 0.670092 -0.319302 
vn -0.702962 0.702962 -0.108119 
vn -0.690575 0.690575 -0.21497 
vn 0.707107 0.707107 0 
vn 0.777963 0.62831 0 
vn 0.840084 0.542457 0 
vn 0.89277 0.450513 0 
vn 0.935431 0.353509 0 
vn 0.967587 0.252536 0 
vn 0.988878 0.148727 0 
vn 0.999064 0.0432482 0 
vn 0.998031 -0.0627166 0 
vn 0.985791 -0.167977 0 
vn 0.96248 -0.271351 0 
vn 0.928362 -0.371678 0 
vn 0.883818 -0.467832 0 
vn 0.829349 -0.558731 0 
vn 0.765567 -0.643357 0 
vn 0.693187 -0.720757 0 
vn 0.613024 -0.790064 0 
vn 0.525977 -0.850499 0 
vn 0.777963 0.62831 2.89121e-16 
vn 0.707107 0.707107 0 
vn 0.705581 0.705581 0.0656597 
vn 0.840084 0.542457 2.89121e-16 
vn 0.775573 0.626906 0.0739907 
vn 0.89277 0.450513 5.78241e-16 
vn 0.836912 0.541237 0.081496 
vn 0.935431 0.353509 8.67362e-16 
vn 0.888912 0.449528 0.0880921 
vn 0.967587 0.252536 8.67362e-16 
vn 0.930994 0.352803 0.0937052 
vn 0.988878 0.148727 1.15648e-15 
vn 0.962687 0.252142 0.0982727 
vn 0.999064 0.0432482 1.15648e-15 
vn 0.983639 0.148668 0.101744 
vn 0.998031 -0.0627166 1.4456e-15 
vn 0.993616 0.0435342 0.104079 
vn 0.992505 -0.062085 0.105254 
vn 0.980321 -0.167011 0.105254 
vn 0.985791 -0.167977 1.4456e-15 
vn 0.957198 -0.270074 0.104079 
vn 0.96248 -0.271351 1.4456e-15 
vn 0.923394 -0.370124 0.101744 
vn 0.928362 -0.371678 1.73472e-15 
vn 0.879287 -0.466043 0.0982727 
vn 0.883818 -0.467832 1.73472e-15 
vn 0.825369 -0.556763 0.0937052 
vn 0.829349 -0.558731 1.73472e-15 
vn 0.762242 -0.64127 0.0880921 
vn 0.765567 -0.643357 1.73472e-15 
vn 0.690609 -0.718622 0.081496 
vn 0.693187 -0.720757 1.73472e-15 
vn 0.611271 -0.787955 0.0739907 
vn 0.613024 -0.790064 1.73472e-15 
vn 0.525112 -0.848496 0.0656597 
vn 0.768577 0.622758 0.146496 
vn 0.703084 0.703383 0.104525 
vn 0.82767 0.537628 0.160994 
vn 0.8777 0.446611 0.17373 
vn 0.918119 0.350704 0.184564 
vn 0.948486 0.250956 0.193376 
vn 0.968468 0.148462 0.200072 
vn 0.977846 0.0443412 0.204577 
vn 0.976517 -0.0602648 0.206841 
vn 0.964495 -0.164211 0.206841 
vn 0.941914 -0.266359 0.204577 
vn 0.909019 -0.365591 0.200072 
vn 0.86617 -0.460819 0.193376 
vn 0.813838 -0.551002 0.184564 
vn 0.752595 -0.635152 0.17373 
vn 0.683112 -0.712348 0.160994 
vn 0.606149 -0.781743 0.146496 
vn 0.522549 -0.84258 0.130393 
vn 0.523661 -0.84549 0.104527 
vn 0.70107 0.70107 0.130393 
vn 0.693579 0.693579 0.194668 
vn 0.75718 0.615874 0.217665 
vn 0.812745 0.531633 0.238352 
vn 0.859686 0.44175 0.25651 
vn 0.897503 0.34718 0.271946 
vn 0.925796 0.248925 0.284496 
vn 0.944265 0.148029 0.294027 
vn 0.952713 0.0455613 0.300438 
vn 0.951051 -0.0573895 0.30366 
vn 0.939296 -0.159731 0.30366 
vn 0.917573 -0.260378 0.300438 
vn 0.886113 -0.358261 0.294027 
vn 0.84525 -0.452343 0.284496 
vn 0.795417 -0.541625 0.271946 
vn 0.737143 -0.625158 0.25651 
vn 0.671046 -0.702058 0.238352 
vn 0.597829 -0.771507 0.217665 
vn 0.518267 -0.832769 0.194668 
vn 0.691584 0.691728 0.207902 
vn 0.685627 0.685627 0.244606 
vn 0.745353 0.608571 0.272195 
vn 0.797428 0.525268 0.296989 
vn 0.841317 0.436572 0.318734 
vn 0.876568 0.343394 0.337207 
vn 0.902821 0.246692 0.352218 
vn 0.919805 0.147456 0.363613 
vn 0.927347 0.0467073 0.371276 
vn 0.925369 -0.0545213 0.375127 
vn 0.91389 -0.15519 0.375127 
vn 0.89303 -0.254266 0.371276 
vn 0.863002 -0.350731 0.363613 
vn 0.824115 -0.443596 0.352218 
vn 0.776767 -0.531907 0.337207 
vn 0.721445 -0.614757 0.318734 
vn 0.658716 -0.691297 0.296989 
vn 0.589225 -0.760739 0.272195 
vn 0.513685 -0.822372 0.244606 
vn 0.517102 -0.83029 0.207904 
vn 0.672477 0.67252 0.309017 
vn 0.725622 0.59604 0.343816 
vn 0.772243 0.514336 0.372959 
vn 0.811375 0.427644 0.398486 
vn 0.842638 0.336804 0.420148 
vn 0.865728 0.242698 0.437736 
vn 0.880422 0.146238 0.451077 
vn 0.886578 0.0483593 0.460045 
vn 0.884135 -0.0499881 0.46455 
vn 0.873117 -0.147851 0.46455 
vn 0.853631 -0.244279 0.460045 
vn 0.825867 -0.338339 0.451077 
vn 0.790093 -0.429117 0.437736 
vn 0.746656 -0.515733 0.420148 
vn 0.695977 -0.597348 0.398486 
vn 0.638549 -0.673169 0.372959 
vn 0.574928 -0.742461 0.343816 
vn 0.505731 -0.804553 0.311337 
vn 0.671963 0.671963 0.311337 
vn 0.652748 0.652748 0.3845 
vn 0.698952 0.578456 0.42054 
vn 0.738898 0.498986 0.452816 
vn 0.772229 0.415048 0.481037 
vn 0.798647 0.327394 0.504952 
vn 0.817914 0.236809 0.524346 
vn 0.829858 0.144104 0.539045 
vn 0.834373 0.0501086 0.548918 
vn 0.831417 -0.0443354 0.553877 
vn 0.821018 -0.138382 0.553877 
vn 0.803268 -0.23119 0.548918 
vn 0.778327 -0.321929 0.539045 
vn 0.746417 -0.409785 0.524346 
vn 0.707824 -0.493972 0.504952 
vn 0.662895 -0.573737 0.481037 
vn 0.61203 -0.648365 0.452816 
vn 0.555686 -0.717188 0.42054 
vn 0.494367 -0.77959 0.3845 
vn 0.645821 0.64615 0.4067 
vn 0.629074 0.629074 0.456654 
vn 0.667516 0.556861 0.494297 
vn 0.700545 0.480132 0.527931 
vn 0.727892 0.399509 0.557284 
vn 0.749337 0.315647 0.582118 
vn 0.764705 0.229225 0.602231 
vn 0.773872 0.140944 0.61746 
vn 0.776763 0.0515196 0.627682 
vn 0.773355 -0.0383221 0.632814 
vn 0.763676 -0.127853 0.632814 
vn 0.747803 -0.216347 0.627682 
vn 0.725866 -0.303087 0.61746 
vn 0.698043 -0.387369 0.602231 
vn 0.664559 -0.468509 0.582118 
vn 0.625685 -0.54585 0.557284 
vn 0.581738 -0.618765 0.527931 
vn 0.533073 -0.686662 0.494297 
vn 0.480085 -0.74899 0.456654 
vn 0.490155 -0.770936 0.406701 
vn 0.612178 0.612595 0.499965 
vn 0.598443 0.598443 0.532664 
vn 0.628684 0.529034 0.569982 
vn 0.654446 0.455856 0.603239 
vn 0.675544 0.379429 0.632197 
vn 0.69183 0.300299 0.656652 
vn 0.703186 0.21903 0.676428 
vn 0.709533 0.1362 0.691384 
vn 0.710824 0.0524002 0.701415 
vn 0.707051 -0.0317733 0.706448 
vn 0.69824 -0.11572 0.706448 
vn 0.684455 -0.198843 0.701415 
vn 0.665793 -0.280549 0.691384 
vn 0.642387 -0.360256 0.676428 
vn 0.614404 -0.437397 0.656652 
vn 0.582044 -0.511421 0.632197 
vn 0.545537 -0.581801 0.603239 
vn 0.505143 -0.648036 0.569982 
vn 0.461151 -0.709654 0.532664 
vn 0.469604 -0.727676 0.49996 
vn 0.57779 0.490923 0.652038 
vn 0.571839 0.57232 0.58775 
vn 0.595884 0.422665 0.682844 
vn 0.610441 0.351899 0.709598 
vn 0.621374 0.279043 0.73214 
vn 0.62862 0.204532 0.750336 
vn 0.632134 0.128806 0.764078 
vn 0.631896 0.0523161 0.773285 
vn 0.627908 -0.0244845 0.777903 
vn 0.620192 -0.10114 0.777903 
vn 0.608795 -0.177195 0.773285 
vn 0.593785 -0.252198 0.764078 
vn 0.57525 -0.325704 0.750336 
vn 0.553301 -0.397277 0.73214 
vn 0.528068 -0.466492 0.709598 
vn 0.4997 -0.532938 0.682844 
vn 0.468366 -0.596221 0.652038 
vn 0.434253 -0.655965 0.617361 
vn 0.444151 -0.676239 0.587733 
vn 0.521031 0.446625 0.72736 
vn 0.525286 0.525721 0.669098 
vn 0.556267 0.556267 0.617361 
vn 0.532648 0.384189 0.754112 
vn 0.541736 0.319929 0.777282 
vn 0.548251 0.254149 0.796762 
vn 0.552162 0.187163 0.812457 
vn 0.553452 0.119288 0.824295 
vn 0.552113 0.050846 0.832218 
vn 0.548152 -0.0178372 0.836189 
vn 0.541588 -0.0864357 0.836189 
vn 0.532452 -0.154624 0.832218 
vn 0.520788 -0.222077 0.824295 
vn 0.50665 -0.288476 0.812457 
vn 0.490107 -0.353506 0.796762 
vn 0.471236 -0.416856 0.777282 
vn 0.450127 -0.478227 0.754112 
vn 0.426881 -0.537327 0.72736 
vn 0.413736 -0.617392 0.669066 
vn 0.432326 -0.652428 0.622441 
vn 0.401607 -0.593875 0.697154 
vn 0.50694 0.50694 0.697154 
vn 0.499599 0.499599 0.707673 
vn 0.512785 0.440056 0.737158 
vn 0.523618 0.378493 0.763261 
vn 0.532047 0.315194 0.785862 
vn 0.538036 0.250448 0.804856 
vn 0.541556 0.184553 0.820157 
vn 0.54259 0.117811 0.831695 
vn 0.541135 0.0505282 0.839416 
vn 0.537197 -0.0169862 0.843286 
vn 0.530793 -0.0844227 0.843286 
vn 0.521954 -0.151472 0.839416 
vn 0.51072 -0.217826 0.831695 
vn 0.497143 -0.28318 0.820157 
vn 0.481284 -0.347235 0.804856 
vn 0.463217 -0.409697 0.785862 
vn 0.443024 -0.470279 0.763261 
vn 0.420798 -0.528703 0.737158 
vn 0.396642 -0.5847 0.707673 
vn 0.47863 0.412536 0.775066 
vn 0.473119 0.473179 0.743142 
vn 0.486584 0.354657 0.798408 
vn 0.492612 0.295374 0.818589 
vn 0.49669 0.234922 0.83553 
vn 0.498802 0.17354 0.849164 
vn 0.49894 0.111472 0.859438 
vn 0.497103 0.048962 0.866309 
vn 0.493299 -0.0137415 0.869752 
vn 0.487542 -0.0763907 0.869752 
vn 0.479855 -0.138738 0.866309 
vn 0.470269 -0.200535 0.859438 
vn 0.458821 -0.261539 0.849164 
vn 0.445558 -0.321508 0.83553 
vn 0.430531 -0.380204 0.818589 
vn 0.4138 -0.437396 0.798408 
vn 0.395431 -0.492856 0.775066 
vn 0.375497 -0.546365 0.748657 
vn 0.468782 0.468782 0.748657 
vn 0.43139 0.43139 0.792342 
vn 0.438053 0.379261 0.815028 
vn 0.443281 0.32589 0.835044 
vn 0.447056 0.271451 0.852323 
vn 0.449367 0.216123 0.86681 
vn 0.450205 0.160087 0.878457 
vn 0.449569 0.103526 0.887226 
vn 0.447459 0.0466259 0.893088 
vn 0.443884 -0.0104269 0.896024 
vn 0.438854 -0.0674455 0.896024 
vn 0.432386 -0.124243 0.893088 
vn 0.424501 -0.180634 0.887226 
vn 0.415226 -0.236433 0.878457 
vn 0.40459 -0.291457 0.86681 
vn 0.392628 -0.345526 0.852323 
vn 0.37938 -0.398463 0.835044 
vn 0.36489 -0.450094 0.815028 
vn 0.349203 -0.500251 0.792342 
vn 0.415577 0.415706 0.809002 
vn 0.391945 0.391945 0.832321 
vn 0.396076 0.344281 0.851231 
vn 0.399159 0.295707 0.867888 
vn 0.401186 0.246349 0.882248 
vn 0.402151 0.19634 0.894273 
vn 0.402052 0.145812 0.903932 
vn 0.400889 0.0948969 0.911199 
vn 0.398664 0.0437311 0.916054 
vn 0.395385 -0.00755048 0.918484 
vn 0.39106 -0.058812 0.918484 
vn 0.385699 -0.109918 0.916054 
vn 0.379318 -0.160733 0.911199 
vn 0.371933 -0.211123 0.903932 
vn 0.363563 -0.260954 0.894273 
vn 0.354232 -0.310094 0.882248 
vn 0.343963 -0.358414 0.867888 
vn 0.332783 -0.405785 0.851231 
vn 0.320723 -0.452082 0.832321 
vn 0.337802 -0.481086 0.808978 
vn 0.35354 0.353568 0.866025 
vn 0.352715 0.307654 0.883709 
vn 0.354185 0.264156 0.897092 
vn 0.354921 0.220111 0.908616 
vn 0.35492 0.175609 0.918255 
vn 0.354184 0.130743 0.925991 
vn 0.352713 0.0856061 0.931807 
vn 0.350511 0.0402916 0.935691 
vn 0.347583 -0.00510647 0.937635 
vn 0.343933 -0.0504939 0.937635 
vn 0.339571 -0.0957767 0.935691 
vn 0.334504 -0.140861 0.931807 
vn 0.328744 -0.185653 0.925991 
vn 0.322303 -0.23006 0.918255 
vn 0.315193 -0.273991 0.908616 
vn 0.30743 -0.317353 0.897092 
vn 0.299029 -0.360057 0.883709 
vn 0.290008 -0.402015 0.868493 
vn 0.350514 0.350514 0.868493 
vn 0.302575 0.302575 0.903823 
vn 0.303274 0.265393 0.9152 
vn 0.303515 0.22781 0.925193 
vn 0.303296 0.189882 0.933786 
vn 0.302619 0.151667 0.940967 
vn 0.301484 0.113222 0.946725 
vn 0.299893 0.0746067 0.951051 
vn 0.297848 0.0358781 0.953939 
vn 0.295353 -0.00290466 0.955384 
vn 0.292411 -0.0416831 0.955384 
vn 0.289027 -0.0803984 0.953939 
vn 0.285206 -0.118992 0.951051 
vn 0.280954 -0.157406 0.946725 
vn 0.276276 -0.195582 0.940967 
vn 0.271181 -0.233462 0.933786 
vn 0.265676 -0.270989 0.925193 
vn 0.259769 -0.308106 0.9152 
vn 0.253469 -0.344757 0.903823 
vn 0.287583 0.28766 0.913536 
vn 0.253311 0.253311 0.933631 
vn 0.253095 0.222069 0.94161 
vn 0.252616 0.190596 0.948609 
vn 0.251874 0.158926 0.954621 
vn 0.250871 0.12709 0.959642 
vn 0.249606 0.0951219 0.963664 
vn 0.248082 0.063055 0.966685 
vn 0.2463 0.0309225 0.9687 
vn 0.244263 -0.00124216 0.969708 
vn 0.241971 -0.0334055 0.969708 
vn 0.239427 -0.0655341 0.9687 
vn 0.236635 -0.0975946 0.966685 
vn 0.233596 -0.129554 0.963664 
vn 0.230315 -0.161378 0.959642 
vn 0.226794 -0.193034 0.954621 
vn 0.223038 -0.22449 0.948609 
vn 0.219049 -0.255713 0.94161 
vn 0.214833 -0.286669 0.933631 
vn 0.24175 -0.327195 0.91351 
vn 0.203095 0.178565 0.962739 
vn 0.218485 0.218531 0.951056 
vn 0.202304 0.153261 0.967256 
vn 0.201379 0.127855 0.971133 
vn 0.200322 0.102365 0.974368 
vn 0.199132 0.0768069 0.976958 
vn 0.19781 0.0511983 0.978902 
vn 0.196357 0.0255558 0.980199 
vn 0.194774 -0.000103671 0.980848 
vn 0.193063 -0.025763 0.980848 
vn 0.191224 -0.0514053 0.980199 
vn 0.189259 -0.0770137 0.978902 
vn 0.187168 -0.102571 0.976958 
vn 0.184954 -0.128061 0.974368 
vn 0.182617 -0.153465 0.971133 
vn 0.180159 -0.178769 0.967256 
vn 0.177583 -0.203954 0.962739 
vn 0.174889 -0.229004 0.957586 
vn 0.186809 -0.246236 0.951036 
vn 0.203751 0.203751 0.957586 
vn 0.153458 0.153458 0.976167 
vn 0.152708 0.134471 0.97908 
vn 0.151902 0.115435 0.981632 
vn 0.151039 0.0963552 0.983821 
vn 0.15012 0.0772402 0.985646 
vn 0.149146 0.0580967 0.987107 
vn 0.148117 0.0389317 0.988203 
vn 0.147033 0.0197523 0.988934 
vn 0.145895 0.000565627 0.9893 
vn 0.144703 -0.0186213 0.9893 
vn 0.143457 -0.0378013 0.988934 
vn 0.142159 -0.0569673 0.988203 
vn 0.140807 -0.0761123 0.987107 
vn 0.139404 -0.0952292 0.985646 
vn 0.13795 -0.114311 0.983821 
vn 0.136444 -0.13335 0.981632 
vn 0.134888 -0.15234 0.97908 
vn 0.133282 -0.171274 0.976167 
vn 0.147017 0.147028 0.978146 
vn 0.102594 0.102594 0.989419 
vn 0.10199 0.0899051 0.990714 
vn 0.101369 0.077202 0.991849 
vn 0.100732 0.0644863 0.992822 
vn 0.100078 0.0517601 0.993632 
vn 0.099408 0.0390254 0.994281 
vn 0.0987218 0.0262844 0.994768 
vn 0.0980196 0.0135391 0.995092 
vn 0.0973013 0.000791593 0.995255 
vn 0.0965672 -0.011956 0.995255 
vn 0.0958174 -0.0247017 0.995092 
vn 0.0950519 -0.0374434 0.994768 
vn 0.0942709 -0.050179 0.994281 
vn 0.0934746 -0.0629063 0.993632 
vn 0.092663 -0.0756235 0.992822 
vn 0.0918363 -0.0883283 0.991849 
vn 0.0909947 -0.101019 0.990714 
vn 0.0901382 -0.113693 0.989419 
vn 0.0527376 0.0465166 0.997524 
vn 0.0739121 0.0739075 0.994522 
vn 0.0524039 0.0399622 0.997826 
vn 0.052068 0.033406 0.998085 
vn 0.0517298 0.0268484 0.9983 
vn 0.0513894 0.0202897 0.998473 
vn 0.0510467 0.01373 0.998602 
vn 0.0507019 0.00716982 0.998688 
vn 0.0503549 0.000609283 0.998731 
vn 0.0500057 -0.00595128 0.998731 
vn 0.0496543 -0.0125116 0.998688 
vn 0.0493008 -0.0190713 0.998602 
vn 0.0489452 -0.0256303 0.998473 
vn 0.0485874 -0.0321881 0.9983 
vn 0.0482276 -0.0387446 0.998085 
vn 0.0478656 -0.0452993 0.997826 
vn 0.0475016 -0.0518521 0.997524 
vn 0.0471356 -0.0584027 0.99718 
vn 0.0652917 -0.0817209 0.994514 
vn 0.053069 0.053069 0.99718 
vn 0.00301164 0.00301164 0.999991 
vn 0.00299352 0.0026409 0.999992 
vn 0.0029754 0.00227015 0.999993 
vn 0.00295728 0.00189941 0.999994 
vn 0.00293915 0.00152866 0.999995 
vn 0.00292103 0.00115791 0.999995 
vn 0.00290291 0.000787168 0.999995 
vn 0.00288478 0.000416422 0.999996 
vn 0.00286666 4.56764e-05 0.999996 
vn 0.00284854 -0.00032507 0.999996 
vn 0.00283041 -0.000695816 0.999996 
vn 0.00281229 -0.00106656 0.999995 
vn 0.00279416 -0.00143731 0.999995 
vn 0.00277603 -0.00180805 0.999995 
vn 0.00275791 -0.0021788 0.999994 
vn 0.00273978 -0.00254954 0.999993 
vn 0.00272166 -0.00292029 0.999992 
vn 0.00270353 -0.00329103 0.999991 
vn 0.020595 -0.0254416 0.999464 
vn 6.93889e-15 7.63278e-14 1 
vn 0.525977 -0.850499 1.73472e-15 
vn 0.525977 -0.850499 0 
vn 0.535904 -0.844279 0 
vn 0.616313 -0.787501 0 
vn 0.55251 -0.833506 0 
vn 0.693594 -0.720366 0 
vn 0.632076 -0.774906 0 
vn 0.616313 -0.787501 0 
vn 0.764295 -0.644867 0 
vn 0.706631 -0.707582 0 
vn 0.693594 -0.720366 0 
vn 0.774968 -0.632001 0 
vn 0.800948 -0.598734 0 
vn 0.829048 -0.559178 0 
vn 0.764295 -0.644867 0 
vn 0.879745 -0.475446 0 
vn 0.855461 -0.517867 0 
vn 0.829048 -0.559178 0 
vn 0.921925 -0.387369 0 
vn 0.901172 -0.433462 0 
vn 0.879745 -0.475446 0 
vn 0.955212 -0.295922 0 
vn 0.937905 -0.346892 0 
vn 0.921925 -0.387369 0 
vn 0.979352 -0.202161 0 
vn 0.966736 -0.255775 0 
vn 0.955212 -0.295922 0 
vn 0.994216 -0.107399 0 
vn 0.986261 -0.165197 0 
vn 0.979352 -0.202161 0 
vn 1 0 0 
vn 0.996841 -0.0794263 0 
vn 0.994216 -0.107399 0 
vn 1 0 0 
vn 0.994522 0 0.104528 
vn 0.996841 -0.0794263 0 
vn 0.978148 0 0.207912 
vn 0.99138 -0.0789912 0.104528 
vn 0.951057 0 0.309017 
vn 0.975057 -0.0776906 0.207912 
vn 0.913545 0 0.406737 
vn 0.948052 -0.0755389 0.309017 
vn 0.866025 0 0.5 
vn 0.910659 -0.0725595 0.406737 
vn 0.809017 0 0.587785 
vn 0.863289 -0.0687852 0.5 
vn 0.743145 0 0.669131 
vn 0.806461 -0.0642572 0.587785 
vn 0.669131 0 0.743145 
vn 0.740797 -0.0590252 0.669131 
vn 0.587785 0 0.809017 
vn 0.667017 -0.0531466 0.743145 
vn 0.5 0 0.866025 
vn 0.585928 -0.0466856 0.809017 
vn 0.406737 0 0.913545 
vn 0.49842 -0.0397131 0.866025 
vn 0.309017 0 0.951057 
vn 0.405452 -0.0323056 0.913545 
vn 0.207912 0 0.978148 
vn 0.308041 -0.0245441 0.951057 
vn 0.104528 0 0.994522 
vn 0.207255 -0.0165137 0.978148 
vn 0 0 1 
vn 0.104198 -0.00830231 0.994522 
vn 0.980858 -0.164292 0.104528 
vn 0.994217 -0.107388 0 
vn 0.964709 -0.161587 0.207912 
vn 0.93799 -0.157111 0.309017 
vn 0.900994 -0.150915 0.406737 
vn 0.854127 -0.143064 0.5 
vn 0.797902 -0.133647 0.587785 
vn 0.732935 -0.122765 0.669131 
vn 0.659937 -0.110538 0.743145 
vn 0.579709 -0.0971001 0.809017 
vn 0.49313 -0.0825983 0.866025 
vn 0.401148 -0.0671915 0.913545 
vn 0.304771 -0.0510485 0.951057 
vn 0.205055 -0.0343463 0.978148 
vn 0.103092 -0.0172677 0.994522 
vn 0 0 1 
vn 0.961441 -0.254374 0.104528 
vn 0.979354 -0.202154 0 
vn 0.986261 -0.165197 0 
vn 0.945611 -0.250185 0.207912 
vn 0.919421 -0.243256 0.309017 
vn 0.883158 -0.233662 0.406737 
vn 0.837218 -0.221507 0.5 
vn 0.782106 -0.206926 0.587785 
vn 0.718425 -0.190078 0.669131 
vn 0.646873 -0.171147 0.743145 
vn 0.568233 -0.150341 0.809017 
vn 0.483368 -0.127887 0.866025 
vn 0.393207 -0.104033 0.913545 
vn 0.298738 -0.0790387 0.951057 
vn 0.200996 -0.0531786 0.978148 
vn 0.101051 -0.0267357 0.994522 
vn 0 0 1 
vn 0.932767 -0.344992 0.104528 
vn 0.955214 -0.295917 0 
vn 0.966736 -0.255775 0 
vn 0.917409 -0.339312 0.207912 
vn 0.892001 -0.329914 0.309017 
vn 0.856819 -0.316902 0.406737 
vn 0.81225 -0.300418 0.5 
vn 0.758781 -0.280642 0.587785 
vn 0.696999 -0.257791 0.669131 
vn 0.627581 -0.232116 0.743145 
vn 0.551287 -0.203898 0.809017 
vn 0.468952 -0.173446 0.866025 
vn 0.38148 -0.141094 0.913545 
vn 0.289829 -0.107196 0.951057 
vn 0.195001 -0.072123 0.978148 
vn 0.0980378 -0.0362601 0.994522 
vn 0 0 1 
vn 0.896235 -0.431088 0.104528 
vn 0.921926 -0.387366 0 
vn 0.937905 -0.346892 0 
vn 0.881479 -0.42399 0.207912 
vn 0.857065 -0.412247 0.309017 
vn 0.823261 -0.395988 0.406737 
vn 0.780438 -0.375389 0.5 
vn 0.729063 -0.350678 0.587785 
vn 0.669701 -0.322125 0.669131 
vn 0.603002 -0.290043 0.743145 
vn 0.529695 -0.254783 0.809017 
vn 0.450586 -0.216731 0.866025 
vn 0.36654 -0.176305 0.913545 
vn 0.278477 -0.133947 0.951057 
vn 0.187364 -0.0901219 0.978148 
vn 0.0941981 -0.0453092 0.994522 
vn 0 0 1 
vn 0.901172 -0.433462 0 
vn 0.879745 -0.475445 0 
vn 0.850775 -0.51503 0.104528 
vn 0.836767 -0.50655 0.207912 
vn 0.813592 -0.49252 0.309017 
vn 0.781503 -0.473095 0.406737 
vn 0.740851 -0.448486 0.5 
vn 0.692083 -0.418963 0.587785 
vn 0.635732 -0.38485 0.669131 
vn 0.572415 -0.34652 0.743145 
vn 0.502828 -0.304394 0.809017 
vn 0.427731 -0.258933 0.866025 
vn 0.347947 -0.210635 0.913545 
vn 0.264352 -0.16003 0.951057 
vn 0.17786 -0.107671 0.978148 
vn 0.0894201 -0.0541318 0.994522 
vn 0 0 1 
vn 0.855461 -0.517867 0 
vn 0.829047 -0.559179 0 
vn 0.79656 -0.595454 0.104528 
vn 0.783445 -0.58565 0.207912 
vn 0.761747 -0.56943 0.309017 
vn 0.731702 -0.546971 0.406737 
vn 0.693641 -0.518519 0.5 
vn 0.647981 -0.484386 0.587785 
vn 0.59522 -0.444946 0.669131 
vn 0.535939 -0.400631 0.743145 
vn 0.470785 -0.351927 0.809017 
vn 0.400474 -0.299367 0.866025 
vn 0.325775 -0.243527 0.913545 
vn 0.247507 -0.185019 0.951057 
vn 0.166526 -0.124484 0.978148 
vn 0.0837219 -0.0625847 0.994522 
vn 0 0 1 
vn 0.800948 -0.598734 0 
vn 0.774968 -0.632001 0 
vn 0.770722 -0.628539 0.104528 
vn 0.758033 -0.61819 0.207912 
vn 0.737038 -0.601069 0.309017 
vn 0.707968 -0.577362 0.406737 
vn 0.671142 -0.547329 0.5 
vn 0.626962 -0.5113 0.587785 
vn 0.575913 -0.469668 0.669131 
vn 0.518554 -0.422891 0.743145 
vn 0.455514 -0.371481 0.809017 
vn 0.387484 -0.316001 0.866025 
vn 0.315208 -0.257058 0.913545 
vn 0.239478 -0.195299 0.951057 
vn 0.161125 -0.1314 0.978148 
vn 0.0810062 -0.0660621 0.994522 
vn 0 0 1 
vn 0.70276 -0.703706 0.104528 
vn 0.76431 -0.644848 0 
vn 0.69119 -0.69212 0.207912 
vn 0.672046 -0.67295 0.309017 
vn 0.64554 -0.646408 0.406737 
vn 0.611961 -0.612784 0.5 
vn 0.571677 -0.572446 0.587785 
vn 0.525129 -0.525836 0.669131 
vn 0.472829 -0.473465 0.743145 
vn 0.415347 -0.415906 0.809017 
vn 0.353316 -0.353791 0.866025 
vn 0.287413 -0.2878 0.913545 
vn 0.218361 -0.218655 0.951057 
vn 0.146917 -0.147115 0.978148 
vn 0.0738631 -0.0739625 0.994522 
vn 0 0 1 
vn 0.628613 -0.770661 0.104528 
vn 0.693612 -0.720349 0 
vn 0.706631 -0.707582 0 
vn 0.618264 -0.757973 0.207912 
vn 0.60114 -0.73698 0.309017 
vn 0.57743 -0.707912 0.406737 
vn 0.547394 -0.671089 0.5 
vn 0.51136 -0.626912 0.587785 
vn 0.469724 -0.575868 0.669131 
vn 0.422941 -0.518514 0.743145 
vn 0.371525 -0.455479 0.809017 
vn 0.316038 -0.387453 0.866025 
vn 0.257088 -0.315183 0.913545 
vn 0.195322 -0.239459 0.951057 
vn 0.131416 -0.161112 0.978148 
vn 0.0660699 -0.0809998 0.994522 
vn 0.549483 -0.82894 0.104528 
vn 0.616332 -0.787486 0 
vn 0.632076 -0.774906 0 
vn 0.540436 -0.815292 0.207912 
vn 0.525468 -0.792712 0.309017 
vn 0.504743 -0.761446 0.406737 
vn 0.478487 -0.721838 0.5 
vn 0.44699 -0.674321 0.587785 
vn 0.535903 -0.844279 0 
vn 0.525977 -0.850499 0 
vn 0.525112 -0.848496 0.0656597 
vn 0.55251 -0.833506 0 
vn 0.523842 -0.845377 0.104528 
vn 0.522549 -0.84258 0.130393 
vn 0.518267 -0.832769 0.194668 
vn 0.513685 -0.822372 0.244606 
vn 0.517191 -0.830232 0.207912 
vn 0.505731 -0.804553 0.311337 
vn 0.494367 -0.77959 0.3845 
vn 0.480085 -0.74899 0.456654 
vn 0.490378 -0.770776 0.406737 
vn 0.461151 -0.709654 0.532664 
vn 0.469904 -0.727454 0.5 
vn 0.444524 -0.675949 0.587785 
vn 0.434253 -0.655965 0.617361 
vn 0.432417 -0.652337 0.622473 
vn 0.396642 -0.5847 0.707673 
vn 0.4141 -0.617078 0.669131 
vn 0.401607 -0.593875 0.697154 
vn 0.375497 -0.546365 0.748657 
vn 0.349203 -0.500251 0.792342 
vn 0.320723 -0.452082 0.832321 
vn 0.337929 -0.480932 0.809017 
vn 0.290008 -0.402015 0.868493 
vn 0.253469 -0.344757 0.903823 
vn 0.214833 -0.286669 0.933631 
vn 0.24185 -0.327022 0.913545 
vn 0.174889 -0.229004 0.957586 
vn 0.133282 -0.171274 0.976167 
vn 0.186896 -0.246093 0.951057 
vn 0.0901382 -0.113693 0.989419 
vn 0.0653514 -0.0815806 0.994522 
vn 0.0471356 -0.0584027 0.99718 
vn 0.00270353 -0.00329103 0.999991 
vn 0 0 1 
vn 0.0206462 -0.0253117 0.999466 
vn 0.104528 0 0.994522 
vn 2.44929e-16 0 1 
vn 0.207912 0 0.978148 
vn 0.104528 0 0.994522 
vn 0.309017 0 0.951057 
vn 0.207912 0 0.978148 
vn 0.406737 0 0.913545 
vn 0.309017 0 0.951057 
vn 0.5 0 0.866025 
vn 0.406737 0 0.913545 
vn 0.587785 0 0.809017 
vn 0.5 0 0.866025 
vn 0.669131 0 0.743145 
vn 0.587785 0 0.809017 
vn 0.743145 0 0.669131 
vn 0.669131 0 0.743145 
vn 0.809017 0 0.587785 
vn 0.743145 0 0.669131 
vn 0.866025 0 0.5 
vn 0.809017 0 0.587785 
vn 0.913545 0 0.406737 
vn 0.866025 0 0.5 
vn 0.951057 0 0.309017 
vn 0.913545 0 0.406737 
vn 0.978148 0 0.207912 
vn 0.951057 0 0.309017 
vn 0.994522 0 0.104528 
vn 0.978148 0 0.207912 
vn 1 0 -1.83697e-16 
vn 0.994522 0 0.104528 
vn 0.104528 -0.994522 0 
vn 6.12323e-17 -1 0 
vn 0.207912 -0.978148 0 
vn 0.104528 -0.994522 0 
vn 0.309017 -0.951057 0 
vn 0.207912 -0.978148 0 
vn 0.406737 -0.913545 0 
vn 0.309017 -0.951057 0 
vn 0.5 -0.866025 0 
vn 0.406737 -0.913545 0 
vn 0.587785 -0.809017 0 
vn 0.5 -0.866025 0 
vn 0.669131 -0.743145 0 
vn 0.587785 -0.809017 0 
vn 0.743145 -0.669131 0 
vn 0.669131 -0.743145 0 
vn 0.809017 -0.587785 0 
vn 0.743145 -0.669131 0 
vn 0.866025 -0.5 0 
vn 0.809017 -0.587785 0 
vn 0.913545 -0.406737 0 
vn 0.866025 -0.5 0 
vn 0.951057 -0.309017 0 
vn 0.913545 -0.406737 0 
vn 0.978148 -0.207912 0 
vn 0.951057 -0.309017 0 
vn 0.994522 -0.104528 0 
vn 0.978148 -0.207912 0 
vn 1 0 0 
vn 0.994522 -0.104528 0 
vn 0.707107 0.707107 -1.22465e-16 
vn 0.706138 0.706138 0.052336 
vn 0.705581 0.705581 0.0656597 
vn 0.703233 0.703233 0.104528 
vn 0.703233 0.703233 0.104532 
vn 0.693579 0.693579 0.194668 
vn 0.70107 0.70107 0.130393 
vn 0.698401 0.698401 0.156434 
vn 0.691655 0.691655 0.207912 
vn 0.691655 0.691655 0.207909 
vn 0.685627 0.685627 0.244606 
vn 0.683013 0.683013 0.258819 
vn 0.672499 0.672499 0.309017 
vn 0.672498 0.672498 0.30902 
vn 0.652748 0.652748 0.3845 
vn 0.660141 0.660141 0.358368 
vn 0.645974 0.645974 0.406737 
vn 0.645977 0.645977 0.406727 
vn 0.671963 0.671963 0.311337 
vn 0.629074 0.629074 0.456654 
vn 0.630037 0.630037 0.45399 
vn 0.612372 0.612372 0.5 
vn 0.612371 0.612371 0.500005 
vn 0.598443 0.598443 0.532664 
vn 0.572061 0.572061 0.587785 
vn 0.572054 0.572054 0.5878 
vn 0.556267 0.556267 0.617361 
vn 0.525483 0.525483 0.669131 
vn 0.525474 0.525474 0.669145 
vn 0.499599 0.499599 0.707673 
vn 0.50694 0.50694 0.697154 
vn 0.473147 0.473147 0.743145 
vn 0.473144 0.473144 0.743148 
vn 0.43139 0.43139 0.792342 
vn 0.415627 0.415627 0.809017 
vn 0.415629 0.415629 0.809015 
vn 0.468782 0.468782 0.748657 
vn 0.391945 0.391945 0.832321 
vn 0.353553 0.353553 0.866025 
vn 0.353551 0.353551 0.866028 
vn 0.302575 0.302575 0.903823 
vn 0.287606 0.287606 0.913545 
vn 0.287612 0.287612 0.913542 
vn 0.350514 0.350514 0.868493 
vn 0.253311 0.253311 0.933631 
vn 0.218508 0.218508 0.951057 
vn 0.218502 0.218502 0.951059 
vn 0.153458 0.153458 0.976167 
vn 0.203751 0.203751 0.957586 
vn 0.147016 0.147016 0.978148 
vn 0.147021 0.147021 0.978146 
vn 0.102594 0.102594 0.989419 
vn 0.0739128 0.0739128 0.994522 
vn 0.0739104 0.0739104 0.994522 
vn 0.00301164 0.00301164 0.999991 
vn 1.29893e-16 1.29893e-16 1 
vn 0.053069 0.053069 0.99718 
vn 0 0.99863 0.052336 
vn 0 0.994522 0.104528 
vn 0 1 -2.1684e-16 
vn 0 0.987688 0.156434 
vn 0 0.978148 0.207912 
vn 0 0.965926 0.258819 
vn 0 0.951057 0.309017 
vn 0 0.93358 0.358368 
vn 0 0.913545 0.406737 
vn 0 0.891007 0.45399 
vn 0 0.866025 0.5 
vn 0 0.809017 0.587785 
vn 0 0.743145 0.669131 
vn 0 0.669131 0.743145 
vn 0 0.587785 0.809017 
vn 0 0.5 0.866025 
vn 0 0.406737 0.913545 
vn 0 0.309017 0.951057 
vn 0 0.207912 0.978148 
vn 0 0.104528 0.994522 
vn 0 0 1 
vn 0 0.406737 0.913545 
vn 0 1 -1.83697e-16 
vn -1.2801e-17 -0.994522 0.104528 
vn 0.0109262 -0.994522 0.103956 
vn 0.0217327 -0.978148 0.206773 
vn 0.0217327 -0.994522 0.102244 
vn 0.0432273 -0.978148 0.203368 
vn 0.0323011 -0.994522 0.0994125 
vn 0.0642482 -0.978148 0.197736 
vn 0.0425156 -0.994522 0.0954915 
vn 0.0845653 -0.978148 0.189937 
vn 0.0522642 -0.994522 0.0905243 
vn 0.103956 -0.978148 0.180057 
vn 0.0614403 -0.994522 0.0845653 
vn 0.122207 -0.978148 0.168204 
vn 0.0699432 -0.994522 0.0776798 
vn 0.13912 -0.978148 0.154508 
vn 0.0776798 -0.994522 0.0699432 
vn 0.154508 -0.978148 0.13912 
vn 0.0845653 -0.994522 0.0614403 
vn 0.168204 -0.978148 0.122207 
vn 0.0905243 -0.994522 0.0522642 
vn 0.180057 -0.978148 0.103956 
vn 0.0954915 -0.994522 0.0425156 
vn 0.189937 -0.978148 0.0845653 
vn 0.0994125 -0.994522 0.0323011 
vn 0.197736 -0.978148 0.0642482 
vn 0.102244 -0.994522 0.0217327 
vn 0.203368 -0.978148 0.0432273 
vn 0.103956 -0.994522 0.0109262 
vn 0.206773 -0.978148 0.0217327 
vn 0.104528 -0.994522 1.45062e-17 
vn 0.207912 -0.978148 2.88535e-17 
vn -2.54618e-17 -0.978148 0.207912 
vn 0.0323011 -0.951057 0.307324 
vn 0.0642482 -0.951057 0.302264 
vn 0.0954915 -0.951057 0.293893 
vn 0.125689 -0.951057 0.282301 
vn 0.154508 -0.951057 0.267617 
vn 0.181636 -0.951057 0.25 
vn 0.206773 -0.951057 0.229644 
vn 0.229644 -0.951057 0.206773 
vn 0.25 -0.951057 0.181636 
vn 0.267617 -0.951057 0.154508 
vn 0.282301 -0.951057 0.125689 
vn 0.293893 -0.951057 0.0954915 
vn 0.302264 -0.951057 0.0642482 
vn 0.307324 -0.951057 0.0323011 
vn 0.309017 -0.951057 4.28847e-17 
vn -3.78437e-17 -0.951057 0.309017 
vn 0.0425156 -0.913545 0.404508 
vn 0.0845653 -0.913545 0.397848 
vn 0.125689 -0.913545 0.38683 
vn 0.165435 -0.913545 0.371572 
vn 0.203368 -0.913545 0.352244 
vn 0.239074 -0.913545 0.329057 
vn 0.27216 -0.913545 0.302264 
vn 0.302264 -0.913545 0.27216 
vn 0.329057 -0.913545 0.239074 
vn 0.352244 -0.913545 0.203368 
vn 0.371572 -0.913545 0.165435 
vn 0.38683 -0.913545 0.125689 
vn 0.397848 -0.913545 0.0845653 
vn 0.404508 -0.913545 0.0425156 
vn 0.406737 -0.913545 5.6446e-17 
vn -4.98109e-17 -0.913545 0.406737 
vn 0.0522642 -0.866025 0.497261 
vn 0.103956 -0.866025 0.489074 
vn 0.154508 -0.866025 0.475528 
vn 0.203368 -0.866025 0.456773 
vn 0.25 -0.866025 0.433013 
vn 0.293893 -0.866025 0.404508 
vn 0.334565 -0.866025 0.371572 
vn 0.371572 -0.866025 0.334565 
vn 0.404508 -0.866025 0.293893 
vn 0.433013 -0.866025 0.25 
vn 0.456773 -0.866025 0.203368 
vn 0.475528 -0.866025 0.154508 
vn 0.489074 -0.866025 0.103956 
vn 0.497261 -0.866025 0.0522642 
vn 0.5 -0.866025 6.93889e-17 
vn -6.12323e-17 -0.866025 0.5 
vn 0.0614403 -0.809017 0.584565 
vn 0.122207 -0.809017 0.574941 
vn 0.181636 -0.809017 0.559017 
vn 0.239074 -0.809017 0.536969 
vn 0.293893 -0.809017 0.509037 
vn 0.345492 -0.809017 0.475528 
vn 0.393305 -0.809017 0.43681 
vn 0.43681 -0.809017 0.393305 
vn 0.475528 -0.809017 0.345492 
vn 0.509037 -0.809017 0.293893 
vn 0.536969 -0.809017 0.239074 
vn 0.559017 -0.809017 0.181636 
vn 0.574941 -0.809017 0.122207 
vn 0.584565 -0.809017 0.0614403 
vn 0.587785 -0.809017 8.15716e-17 
vn -7.19829e-17 -0.809017 0.587785 
vn 0.0699432 -0.743145 0.665465 
vn 0.13912 -0.743145 0.654508 
vn 0.206773 -0.743145 0.636381 
vn 0.27216 -0.743145 0.611281 
vn 0.334565 -0.743145 0.579484 
vn 0.393305 -0.743145 0.541338 
vn 0.447736 -0.743145 0.497261 
vn 0.497261 -0.743145 0.447736 
vn 0.541338 -0.743145 0.393305 
vn 0.579484 -0.743145 0.334565 
vn 0.611281 -0.743145 0.27216 
vn 0.636381 -0.743145 0.206773 
vn 0.654508 -0.743145 0.13912 
vn 0.665465 -0.743145 0.0699432 
vn 0.669131 -0.743145 9.28605e-17 
vn -8.19449e-17 -0.743145 0.669131 
vn 0.0776798 -0.669131 0.739074 
vn 0.154508 -0.669131 0.726905 
vn 0.229644 -0.669131 0.706773 
vn 0.302264 -0.669131 0.678897 
vn 0.371572 -0.669131 0.643582 
vn 0.43681 -0.669131 0.601217 
vn 0.497261 -0.669131 0.552264 
vn 0.552264 -0.669131 0.497261 
vn 0.601217 -0.669131 0.43681 
vn 0.643582 -0.669131 0.371572 
vn 0.678897 -0.669131 0.302264 
vn 0.706773 -0.669131 0.229644 
vn 0.726905 -0.669131 0.154508 
vn 0.739074 -0.669131 0.0776798 
vn 0.743145 -0.669131 1.03132e-16 
vn -9.1009e-17 -0.669131 0.743145 
vn 0.0845653 -0.587785 0.804585 
vn 0.168204 -0.587785 0.791338 
vn 0.25 -0.587785 0.769421 
vn 0.329057 -0.587785 0.739074 
vn 0.404508 -0.587785 0.700629 
vn 0.475528 -0.587785 0.654508 
vn 0.541338 -0.587785 0.601217 
vn 0.601217 -0.587785 0.541338 
vn 0.654508 -0.587785 0.475528 
vn 0.700629 -0.587785 0.404508 
vn 0.739074 -0.587785 0.329057 
vn 0.769421 -0.587785 0.25 
vn 0.791338 -0.587785 0.168204 
vn 0.804585 -0.587785 0.0845653 
vn 0.809017 -0.587785 1.12274e-16 
vn -9.9076e-17 -0.587785 0.809017 
vn 0.0905243 -0.5 0.861281 
vn 0.180057 -0.5 0.847101 
vn 0.267617 -0.5 0.823639 
vn 0.352244 -0.5 0.791154 
vn 0.433013 -0.5 0.75 
vn 0.509037 -0.5 0.700629 
vn 0.579484 -0.5 0.643582 
vn 0.643582 -0.5 0.579484 
vn 0.700629 -0.5 0.509037 
vn 0.75 -0.5 0.433013 
vn 0.791154 -0.5 0.352244 
vn 0.823639 -0.5 0.267617 
vn 0.847101 -0.5 0.180057 
vn 0.861281 -0.5 0.0905243 
vn 0.866025 -0.5 1.20185e-16 
vn -1.06058e-16 -0.5 0.866025 
vn 0.0954915 -0.406737 0.908541 
vn 0.189937 -0.406737 0.893582 
vn 0.282301 -0.406737 0.868833 
vn 0.371572 -0.406737 0.834565 
vn 0.456773 -0.406737 0.791154 
vn 0.536969 -0.406737 0.739074 
vn 0.611281 -0.406737 0.678897 
vn 0.678897 -0.406737 0.611281 
vn 0.739074 -0.406737 0.536969 
vn 0.791154 -0.406737 0.456773 
vn 0.834565 -0.406737 0.371572 
vn 0.868833 -0.406737 0.282301 
vn 0.893582 -0.406737 0.189937 
vn 0.908541 -0.406737 0.0954915 
vn 0.913545 -0.406737 1.2678e-16 
vn -1.11877e-16 -0.406737 0.913545 
vn 0.0994125 -0.309017 0.945847 
vn 0.197736 -0.309017 0.930274 
vn 0.293893 -0.309017 0.904508 
vn 0.38683 -0.309017 0.868833 
vn 0.475528 -0.309017 0.823639 
vn 0.559017 -0.309017 0.769421 
vn 0.636381 -0.309017 0.706773 
vn 0.706773 -0.309017 0.636381 
vn 0.769421 -0.309017 0.559017 
vn 0.823639 -0.309017 0.475528 
vn 0.868833 -0.309017 0.38683 
vn 0.904508 -0.309017 0.293893 
vn 0.930274 -0.309017 0.197736 
vn 0.945847 -0.309017 0.0994125 
vn 0.951057 -0.309017 1.31986e-16 
vn -1.16471e-16 -0.309017 0.951057 
vn 0.102244 -0.207912 0.972789 
vn 0.203368 -0.207912 0.956773 
vn 0.302264 -0.207912 0.930274 
vn 0.397848 -0.207912 0.893582 
vn 0.489074 -0.207912 0.847101 
vn 0.574941 -0.207912 0.791338 
vn 0.654508 -0.207912 0.726905 
vn 0.726905 -0.207912 0.654508 
vn 0.791338 -0.207912 0.574941 
vn 0.847101 -0.207912 0.489074 
vn 0.893582 -0.207912 0.397848 
vn 0.930274 -0.207912 0.302264 
vn 0.956773 -0.207912 0.203368 
vn 0.972789 -0.207912 0.102244 
vn 0.978148 -0.207912 1.35745e-16 
vn -1.19789e-16 -0.207912 0.978148 
vn 0.103956 -0.104528 0.989074 
vn 0.206773 -0.104528 0.972789 
vn 0.307324 -0.104528 0.945847 
vn 0.404508 -0.104528 0.908541 
vn 0.497261 -0.104528 0.861281 
vn 0.584565 -0.104528 0.804585 
vn 0.665465 -0.104528 0.739074 
vn 0.739074 -0.104528 0.665465 
vn 0.804585 -0.104528 0.584565 
vn 0.861281 -0.104528 0.497261 
vn 0.908541 -0.104528 0.404508 
vn 0.945847 -0.104528 0.307324 
vn 0.972789 -0.104528 0.206773 
vn 0.989074 -0.104528 0.103956 
vn 0.994522 -0.104528 1.38018e-16 
vn -1.21794e-16 -0.104528 0.994522 
vn 0.104528 0 0.994522 
vn 0.207912 0 0.978148 
vn 0.309017 0 0.951057 
vn 0.406737 0 0.913545 
vn 0.5 0 0.866025 
vn 0.587785 0 0.809017 
vn 0.669131 0 0.743145 
vn 0.743145 0 0.669131 
vn 0.809017 0 0.587785 
vn 0.866025 0 0.5 
vn 0.913545 0 0.406737 
vn 0.951057 0 0.309017 
vn 0.978148 0 0.207912 
vn 0.994522 0 0.104528 
vn 1 0 1.38778e-16 
vn -1.22465e-16 0 1 
vn 0 -1 0 
vn 0 -0.104528 0.994522 
vn 0 -1.22465e-16 1 
vn 0 -0.207912 0.978148 
vn 0 -0.104528 0.994522 
vn 0 -0.309017 0.951057 
vn 0 -0.207912 0.978148 
vn 0 -0.406737 0.913545 
vn 0 -0.309017 0.951057 
vn 0 -0.5 0.866025 
vn 0 -0.406737 0.913545 
vn 0 -0.587785 0.809017 
vn 0 -0.5 0.866025 
vn 0 -0.669131 0.743145 
vn 0 -0.587785 0.809017 
vn 0 -0.743145 0.669131 
vn 0 -0.669131 0.743145 
vn 0 -0.809017 0.587785 
vn 0 -0.743145 0.669131 
vn 0 -0.866025 0.5 
vn 0 -0.809017 0.587785 
vn 0 -0.913545 0.406737 
vn 0 -0.866025 0.5 
vn 0 -0.951057 0.309017 
vn 0 -0.913545 0.406737 
vn 0 -0.978148 0.207912 
vn 0 -0.951057 0.309017 
vn 0 -0.994522 0.104528 
vn 0 -0.978148 0.207912 
vn 0 -1 -6.12323e-17 
vn 0 -0.994522 0.104528 
vn -0.104528 -0.994522 0 
vn -6.12323e-17 -1 0 
vn -0.207912 -0.978148 0 
vn -0.104528 -0.994522 0 
vn -0.309017 -0.951057 0 
vn -0.207912 -0.978148 0 
vn -0.406737 -0.913545 0 
vn -0.309017 -0.951057 0 
vn -0.5 -0.866025 0 
vn -0.406737 -0.913545 0 
vn -0.587785 -0.809017 0 
vn -0.5 -0.866025 0 
vn -0.669131 -0.743145 0 
vn -0.587785 -0.809017 0 
vn -0.743145 -0.669131 0 
vn -0.669131 -0.743145 0 
vn -0.809017 -0.587785 0 
vn -0.743145 -0.669131 0 
vn -0.866025 -0.5 0 
vn -0.809017 -0.587785 0 
vn -0.913545 -0.406737 0 
vn -0.866025 -0.5 0 
vn -0.951057 -0.309017 0 
vn -0.913545 -0.406737 0 
vn -0.978148 -0.207912 0 
vn -0.951057 -0.309017 0 
vn -0.994522 -0.104528 0 
vn -0.978148 -0.207912 0 
vn -1 0 0 
vn -0.994522 -0.104528 0 
vn -0.104528 -0.994522 -6.40052e-18 
vn -0.103956 -0.994522 0.0109262 
vn -0.206773 -0.978148 0.0217327 
vn -0.102244 -0.994522 0.0217327 
vn -0.203368 -0.978148 0.0432273 
vn -0.0994125 -0.994522 0.0323011 
vn -0.197736 -0.978148 0.0642482 
vn -0.0954915 -0.994522 0.0425156 
vn -0.189937 -0.978148 0.0845653 
vn -0.0905243 -0.994522 0.0522642 
vn -0.180057 -0.978148 0.103956 
vn -0.0845653 -0.994522 0.0614403 
vn -0.168204 -0.978148 0.122207 
vn -0.0776798 -0.994522 0.0699432 
vn -0.154508 -0.978148 0.13912 
vn -0.0699432 -0.994522 0.0776798 
vn -0.13912 -0.978148 0.154508 
vn -0.0614403 -0.994522 0.0845653 
vn -0.122207 -0.978148 0.168204 
vn -0.0522642 -0.994522 0.0905243 
vn -0.103956 -0.978148 0.180057 
vn -0.0425156 -0.994522 0.0954915 
vn -0.0845653 -0.978148 0.189937 
vn -0.0323011 -0.994522 0.0994125 
vn -0.0642482 -0.978148 0.197736 
vn -0.0217327 -0.994522 0.102244 
vn -0.0432273 -0.978148 0.203368 
vn -0.0109262 -0.994522 0.103956 
vn -0.0217327 -0.978148 0.206773 
vn -1.45062e-17 -0.994522 0.104528 
vn -2.88535e-17 -0.978148 0.207912 
vn -0.207912 -0.978148 -1.27309e-17 
vn -0.307324 -0.951057 0.0323011 
vn -0.302264 -0.951057 0.0642482 
vn -0.293893 -0.951057 0.0954915 
vn -0.282301 -0.951057 0.125689 
vn -0.267617 -0.951057 0.154508 
vn -0.25 -0.951057 0.181636 
vn -0.229644 -0.951057 0.206773 
vn -0.206773 -0.951057 0.229644 
vn -0.181636 -0.951057 0.25 
vn -0.154508 -0.951057 0.267617 
vn -0.125689 -0.951057 0.282301 
vn -0.0954915 -0.951057 0.293893 
vn -0.0642482 -0.951057 0.302264 
vn -0.0323011 -0.951057 0.307324 
vn -4.28847e-17 -0.951057 0.309017 
vn -0.309017 -0.951057 -1.89218e-17 
vn -0.404508 -0.913545 0.0425156 
vn -0.397848 -0.913545 0.0845653 
vn -0.38683 -0.913545 0.125689 
vn -0.371572 -0.913545 0.165435 
vn -0.352244 -0.913545 0.203368 
vn -0.329057 -0.913545 0.239074 
vn -0.302264 -0.913545 0.27216 
vn -0.27216 -0.913545 0.302264 
vn -0.239074 -0.913545 0.329057 
vn -0.203368 -0.913545 0.352244 
vn -0.165435 -0.913545 0.371572 
vn -0.125689 -0.913545 0.38683 
vn -0.0845653 -0.913545 0.397848 
vn -0.0425156 -0.913545 0.404508 
vn -5.6446e-17 -0.913545 0.406737 
vn -0.406737 -0.913545 -2.49054e-17 
vn -0.497261 -0.866025 0.0522642 
vn -0.489074 -0.866025 0.103956 
vn -0.475528 -0.866025 0.154508 
vn -0.456773 -0.866025 0.203368 
vn -0.433013 -0.866025 0.25 
vn -0.404508 -0.866025 0.293893 
vn -0.371572 -0.866025 0.334565 
vn -0.334565 -0.866025 0.371572 
vn -0.293893 -0.866025 0.404508 
vn -0.25 -0.866025 0.433013 
vn -0.203368 -0.866025 0.456773 
vn -0.154508 -0.866025 0.475528 
vn -0.103956 -0.866025 0.489074 
vn -0.0522642 -0.866025 0.497261 
vn -6.93889e-17 -0.866025 0.5 
vn -0.5 -0.866025 -3.06162e-17 
vn -0.584565 -0.809017 0.0614403 
vn -0.574941 -0.809017 0.122207 
vn -0.559017 -0.809017 0.181636 
vn -0.536969 -0.809017 0.239074 
vn -0.509037 -0.809017 0.293893 
vn -0.475528 -0.809017 0.345492 
vn -0.43681 -0.809017 0.393305 
vn -0.393305 -0.809017 0.43681 
vn -0.345492 -0.809017 0.475528 
vn -0.293893 -0.809017 0.509037 
vn -0.239074 -0.809017 0.536969 
vn -0.181636 -0.809017 0.559017 
vn -0.122207 -0.809017 0.574941 
vn -0.0614403 -0.809017 0.584565 
vn -8.15716e-17 -0.809017 0.587785 
vn -0.587785 -0.809017 -3.59915e-17 
vn -0.665465 -0.743145 0.0699432 
vn -0.654508 -0.743145 0.13912 
vn -0.636381 -0.743145 0.206773 
vn -0.611281 -0.743145 0.27216 
vn -0.579484 -0.743145 0.334565 
vn -0.541338 -0.743145 0.393305 
vn -0.497261 -0.743145 0.447736 
vn -0.447736 -0.743145 0.497261 
vn -0.393305 -0.743145 0.541338 
vn -0.334565 -0.743145 0.579484 
vn -0.27216 -0.743145 0.611281 
vn -0.206773 -0.743145 0.636381 
vn -0.13912 -0.743145 0.654508 
vn -0.0699432 -0.743145 0.665465 
vn -9.28605e-17 -0.743145 0.669131 
vn -0.669131 -0.743145 -4.09724e-17 
vn -0.739074 -0.669131 0.0776798 
vn -0.726905 -0.669131 0.154508 
vn -0.706773 -0.669131 0.229644 
vn -0.678897 -0.669131 0.302264 
vn -0.643582 -0.669131 0.371572 
vn -0.601217 -0.669131 0.43681 
vn -0.552264 -0.669131 0.497261 
vn -0.497261 -0.669131 0.552264 
vn -0.43681 -0.669131 0.601217 
vn -0.371572 -0.669131 0.643582 
vn -0.302264 -0.669131 0.678897 
vn -0.229644 -0.669131 0.706773 
vn -0.154508 -0.669131 0.726905 
vn -0.0776798 -0.669131 0.739074 
vn -1.03132e-16 -0.669131 0.743145 
vn -0.743145 -0.669131 -4.55045e-17 
vn -0.804585 -0.587785 0.0845653 
vn -0.791338 -0.587785 0.168204 
vn -0.769421 -0.587785 0.25 
vn -0.739074 -0.587785 0.329057 
vn -0.700629 -0.587785 0.404508 
vn -0.654508 -0.587785 0.475528 
vn -0.601217 -0.587785 0.541338 
vn -0.541338 -0.587785 0.601217 
vn -0.475528 -0.587785 0.654508 
vn -0.404508 -0.587785 0.700629 
vn -0.329057 -0.587785 0.739074 
vn -0.25 -0.587785 0.769421 
vn -0.168204 -0.587785 0.791338 
vn -0.0845653 -0.587785 0.804585 
vn -1.12274e-16 -0.587785 0.809017 
vn -0.809017 -0.587785 -4.9538e-17 
vn -0.861281 -0.5 0.0905243 
vn -0.847101 -0.5 0.180057 
vn -0.823639 -0.5 0.267617 
vn -0.791154 -0.5 0.352244 
vn -0.75 -0.5 0.433013 
vn -0.700629 -0.5 0.509037 
vn -0.643582 -0.5 0.579484 
vn -0.579484 -0.5 0.643582 
vn -0.509037 -0.5 0.700629 
vn -0.433013 -0.5 0.75 
vn -0.352244 -0.5 0.791154 
vn -0.267617 -0.5 0.823639 
vn -0.180057 -0.5 0.847101 
vn -0.0905243 -0.5 0.861281 
vn -1.20185e-16 -0.5 0.866025 
vn -0.866025 -0.5 -5.30288e-17 
vn -0.908541 -0.406737 0.0954915 
vn -0.893582 -0.406737 0.189937 
vn -0.868833 -0.406737 0.282301 
vn -0.834565 -0.406737 0.371572 
vn -0.791154 -0.406737 0.456773 
vn -0.739074 -0.406737 0.536969 
vn -0.678897 -0.406737 0.611281 
vn -0.611281 -0.406737 0.678897 
vn -0.536969 -0.406737 0.739074 
vn -0.456773 -0.406737 0.791154 
vn -0.371572 -0.406737 0.834565 
vn -0.282301 -0.406737 0.868833 
vn -0.189937 -0.406737 0.893582 
vn -0.0954915 -0.406737 0.908541 
vn -1.2678e-16 -0.406737 0.913545 
vn -0.913545 -0.406737 -5.59385e-17 
vn -0.945847 -0.309017 0.0994125 
vn -0.930274 -0.309017 0.197736 
vn -0.904508 -0.309017 0.293893 
vn -0.868833 -0.309017 0.38683 
vn -0.823639 -0.309017 0.475528 
vn -0.769421 -0.309017 0.559017 
vn -0.706773 -0.309017 0.636381 
vn -0.636381 -0.309017 0.706773 
vn -0.559017 -0.309017 0.769421 
vn -0.475528 -0.309017 0.823639 
vn -0.38683 -0.309017 0.868833 
vn -0.293893 -0.309017 0.904508 
vn -0.197736 -0.309017 0.930274 
vn -0.0994125 -0.309017 0.945847 
vn -1.31986e-16 -0.309017 0.951057 
vn -0.951057 -0.309017 -5.82354e-17 
vn -0.972789 -0.207912 0.102244 
vn -0.956773 -0.207912 0.203368 
vn -0.930274 -0.207912 0.302264 
vn -0.893582 -0.207912 0.397848 
vn -0.847101 -0.207912 0.489074 
vn -0.791338 -0.207912 0.574941 
vn -0.726905 -0.207912 0.654508 
vn -0.654508 -0.207912 0.726905 
vn -0.574941 -0.207912 0.791338 
vn -0.489074 -0.207912 0.847101 
vn -0.397848 -0.207912 0.893582 
vn -0.302264 -0.207912 0.930274 
vn -0.203368 -0.207912 0.956773 
vn -0.102244 -0.207912 0.972789 
vn -1.35745e-16 -0.207912 0.978148 
vn -0.978148 -0.207912 -5.98943e-17 
vn -0.989074 -0.104528 0.103956 
vn -0.972789 -0.104528 0.206773 
vn -0.945847 -0.104528 0.307324 
vn -0.908541 -0.104528 0.404508 
vn -0.861281 -0.104528 0.497261 
vn -0.804585 -0.104528 0.584565 
vn -0.739074 -0.104528 0.665465 
vn -0.665465 -0.104528 0.739074 
vn -0.584565 -0.104528 0.804585 
vn -0.497261 -0.104528 0.861281 
vn -0.404508 -0.104528 0.908541 
vn -0.307324 -0.104528 0.945847 
vn -0.206773 -0.104528 0.972789 
vn -0.103956 -0.104528 0.989074 
vn -1.38018e-16 -0.104528 0.994522 
vn -0.994522 -0.104528 -6.08969e-17 
vn -0.994522 0 0.104528 
vn -0.978148 0 0.207912 
vn -0.951057 0 0.309017 
vn -0.913545 0 0.406737 
vn -0.866025 0 0.5 
vn -0.809017 0 0.587785 
vn -0.743145 0 0.669131 
vn -0.669131 0 0.743145 
vn -0.587785 0 0.809017 
vn -0.5 0 0.866025 
vn -0.406737 0 0.913545 
vn -0.309017 0 0.951057 
vn -0.207912 0 0.978148 
vn -0.104528 0 0.994522 
vn -1.38778e-16 0 1 
vn -1 0 -6.12323e-17 
vn 0 -1 0 
vn -0.104528 0 0.994522 
vn -1.22465e-16 0 1 
vn -0.207912 0 0.978148 
vn -0.104528 0 0.994522 
vn -0.309017 0 0.951057 
vn -0.207912 0 0.978148 
vn -0.406737 0 0.913545 
vn -0.309017 0 0.951057 
vn -0.5 0 0.866025 
vn -0.406737 0 0.913545 
vn -0.587785 0 0.809017 
vn -0.5 0 0.866025 
vn -0.669131 0 0.743145 
vn -0.587785 0 0.809017 
vn -0.743145 0 0.669131 
vn -0.669131 0 0.743145 
vn -0.809017 0 0.587785 
vn -0.743145 0 0.669131 
vn -0.866025 0 0.5 
vn -0.809017 0 0.587785 
vn -0.913545 0 0.406737 
vn -0.866025 0 0.5 
vn -0.951057 0 0.309017 
vn -0.913545 0 0.406737 
vn -0.978148 0 0.207912 
vn -0.951057 0 0.309017 
vn -0.994522 0 0.104528 
vn -0.978148 0 0.207912 
vn -1 0 -6.12323e-17 
vn -0.994522 0 0.104528 
vn 0 0 1 
vn -1 0 0 
vn -0.996841 -0.0794263 0 
vn -0.994216 -0.107399 0 
vn -0.986261 -0.165197 0 
vn -0.979352 -0.202161 0 
vn -0.966736 -0.255775 0 
vn -0.955212 -0.295922 0 
vn -0.937905 -0.346892 0 
vn -0.921925 -0.387369 0 
vn -0.901172 -0.433462 0 
vn -0.879745 -0.475446 0 
vn -0.855461 -0.517867 0 
vn -0.829048 -0.559178 0 
vn -0.764295 -0.644867 0 
vn -0.800948 -0.598734 0 
vn -0.774968 -0.632001 0 
vn -0.829048 -0.559178 0 
vn -0.764295 -0.644867 0 
vn -0.706631 -0.707582 0 
vn -0.693594 -0.720366 0 
vn -0.632076 -0.774906 0 
vn -0.616313 -0.787501 0 
vn -0.55251 -0.833506 0 
vn -0.535904 -0.844279 0 
vn -0.525977 -0.850499 0 
vn 0 0 1 
vn -0.104198 -0.00830231 0.994522 
vn -0.104528 0 0.994522 
vn -0.207255 -0.0165137 0.978148 
vn -0.207912 0 0.978148 
vn -0.308041 -0.0245441 0.951057 
vn -0.309017 0 0.951057 
vn -0.405452 -0.0323056 0.913545 
vn -0.406737 0 0.913545 
vn -0.49842 -0.0397131 0.866025 
vn -0.5 0 0.866025 
vn -0.585928 -0.0466856 0.809017 
vn -0.587785 0 0.809017 
vn -0.667017 -0.0531466 0.743145 
vn -0.669131 0 0.743145 
vn -0.740797 -0.0590252 0.669131 
vn -0.743145 0 0.669131 
vn -0.806461 -0.0642572 0.587785 
vn -0.809017 0 0.587785 
vn -0.863289 -0.0687852 0.5 
vn -0.866025 0 0.5 
vn -0.910659 -0.0725595 0.406737 
vn -0.913545 0 0.406737 
vn -0.948052 -0.0755389 0.309017 
vn -0.951057 0 0.309017 
vn -0.975057 -0.0776906 0.207912 
vn -0.978148 0 0.207912 
vn -0.99138 -0.0789912 0.104528 
vn -0.994522 0 0.104528 
vn -0.996841 -0.0794263 0 
vn 0 0 1 
vn -0.103092 -0.0172677 0.994522 
vn -0.205055 -0.0343463 0.978148 
vn -0.304771 -0.0510485 0.951057 
vn -0.401148 -0.0671915 0.913545 
vn -0.49313 -0.0825983 0.866025 
vn -0.579709 -0.0971001 0.809017 
vn -0.659937 -0.110538 0.743145 
vn -0.732935 -0.122765 0.669131 
vn -0.797902 -0.133647 0.587785 
vn -0.854127 -0.143064 0.5 
vn -0.900994 -0.150915 0.406737 
vn -0.93799 -0.157111 0.309017 
vn -0.964709 -0.161587 0.207912 
vn -0.980858 -0.164292 0.104528 
vn -0.986261 -0.165197 0 
vn -0.994217 -0.107388 0 
vn 0 0 1 
vn -0.101051 -0.0267357 0.994522 
vn -0.200996 -0.0531786 0.978148 
vn -0.298738 -0.0790387 0.951057 
vn -0.393207 -0.104033 0.913545 
vn -0.483368 -0.127887 0.866025 
vn -0.568233 -0.150341 0.809017 
vn -0.646873 -0.171147 0.743145 
vn -0.718425 -0.190078 0.669131 
vn -0.782106 -0.206926 0.587785 
vn -0.837218 -0.221507 0.5 
vn -0.883158 -0.233662 0.406737 
vn -0.919421 -0.243256 0.309017 
vn -0.945611 -0.250185 0.207912 
vn -0.961441 -0.254374 0.104528 
vn -0.966736 -0.255775 0 
vn -0.979354 -0.202154 0 
vn 0 0 1 
vn -0.0980378 -0.0362601 0.994522 
vn -0.195001 -0.072123 0.978148 
vn -0.289829 -0.107196 0.951057 
vn -0.38148 -0.141094 0.913545 
vn -0.468952 -0.173446 0.866025 
vn -0.551287 -0.203898 0.809017 
vn -0.627581 -0.232116 0.743145 
vn -0.696999 -0.257791 0.669131 
vn -0.758781 -0.280642 0.587785 
vn -0.81225 -0.300418 0.5 
vn -0.856819 -0.316902 0.406737 
vn -0.892001 -0.329914 0.309017 
vn -0.917409 -0.339312 0.207912 
vn -0.932767 -0.344992 0.104528 
vn -0.937905 -0.346892 0 
vn -0.955214 -0.295917 0 
vn 0 0 1 
vn -0.0941981 -0.0453092 0.994522 
vn -0.187364 -0.0901219 0.978148 
vn -0.278477 -0.133947 0.951057 
vn -0.36654 -0.176305 0.913545 
vn -0.450586 -0.216731 0.866025 
vn -0.529695 -0.254783 0.809017 
vn -0.603002 -0.290043 0.743145 
vn -0.669701 -0.322125 0.669131 
vn -0.729063 -0.350678 0.587785 
vn -0.780438 -0.375389 0.5 
vn -0.823261 -0.395988 0.406737 
vn -0.857065 -0.412247 0.309017 
vn -0.881479 -0.42399 0.207912 
vn -0.896235 -0.431088 0.104528 
vn -0.901172 -0.433462 0 
vn -0.921926 -0.387366 0 
vn 0 0 1 
vn -0.0894201 -0.0541318 0.994522 
vn -0.17786 -0.107671 0.978148 
vn -0.264352 -0.16003 0.951057 
vn -0.347947 -0.210635 0.913545 
vn -0.427731 -0.258933 0.866025 
vn -0.502828 -0.304394 0.809017 
vn -0.572415 -0.34652 0.743145 
vn -0.635732 -0.38485 0.669131 
vn -0.692083 -0.418963 0.587785 
vn -0.740851 -0.448486 0.5 
vn -0.781503 -0.473095 0.406737 
vn -0.813592 -0.49252 0.309017 
vn -0.836767 -0.50655 0.207912 
vn -0.850775 -0.51503 0.104528 
vn -0.879745 -0.475445 0 
vn -0.855461 -0.517867 0 
vn 0 0 1 
vn -0.0837219 -0.0625847 0.994522 
vn -0.166526 -0.124484 0.978148 
vn -0.247507 -0.185019 0.951057 
vn -0.325775 -0.243527 0.913545 
vn -0.400474 -0.299367 0.866025 
vn -0.470785 -0.351927 0.809017 
vn -0.535939 -0.400631 0.743145 
vn -0.59522 -0.444946 0.669131 
vn -0.647981 -0.484386 0.587785 
vn -0.693641 -0.518519 0.5 
vn -0.731702 -0.546971 0.406737 
vn -0.761747 -0.56943 0.309017 
vn -0.783445 -0.58565 0.207912 
vn -0.79656 -0.595454 0.104528 
vn -0.829047 -0.559179 0 
vn -0.800948 -0.598734 0 
vn 0 0 1 
vn -0.0810062 -0.0660621 0.994522 
vn -0.161125 -0.1314 0.978148 
vn -0.239478 -0.195299 0.951057 
vn -0.315208 -0.257058 0.913545 
vn -0.387484 -0.316001 0.866025 
vn -0.455514 -0.371481 0.809017 
vn -0.518554 -0.422891 0.743145 
vn -0.575913 -0.469668 0.669131 
vn -0.626962 -0.5113 0.587785 
vn -0.671142 -0.547329 0.5 
vn -0.707968 -0.577362 0.406737 
vn -0.737038 -0.601069 0.309017 
vn -0.758033 -0.61819 0.207912 
vn -0.770722 -0.628539 0.104528 
vn -0.774968 -0.632001 0 
vn 0 0 1 
vn -0.0738631 -0.0739625 0.994522 
vn -0.146917 -0.147115 0.978148 
vn -0.218361 -0.218655 0.951057 
vn -0.287413 -0.2878 0.913545 
vn -0.353316 -0.353791 0.866025 
vn -0.415347 -0.415906 0.809017 
vn -0.472829 -0.473465 0.743145 
vn -0.525129 -0.525836 0.669131 
vn -0.571677 -0.572446 0.587785 
vn -0.611961 -0.612784 0.5 
vn -0.64554 -0.646408 0.406737 
vn -0.672046 -0.67295 0.309017 
vn -0.69119 -0.69212 0.207912 
vn -0.70276 -0.703706 0.104528 
vn -0.706631 -0.707582 0 
vn -0.76431 -0.644848 0 
vn -0.0660699 -0.0809998 0.994522 
vn -0.131416 -0.161112 0.978148 
vn -0.195322 -0.239459 0.951057 
vn -0.257088 -0.315183 0.913545 
vn -0.316038 -0.387453 0.866025 
vn -0.371525 -0.455479 0.809017 
vn -0.422941 -0.518514 0.743145 
vn -0.469724 -0.575868 0.669131 
vn -0.51136 -0.626912 0.587785 
vn -0.547394 -0.671089 0.5 
vn -0.57743 -0.707912 0.406737 
vn -0.60114 -0.73698 0.309017 
vn -0.618264 -0.757973 0.207912 
vn -0.628613 -0.770661 0.104528 
vn -0.632076 -0.774906 0 
vn -0.693612 -0.720349 0 
vn -0.44699 -0.674321 0.587785 
vn -0.478487 -0.721838 0.5 
vn -0.504743 -0.761446 0.406737 
vn -0.525468 -0.792712 0.309017 
vn -0.540436 -0.815292 0.207912 
vn -0.549483 -0.82894 0.104528 
vn -0.55251 -0.833506 0 
vn -0.616332 -0.787486 0 
vn -0.00270353 -0.00329103 0.999991 
vn -0.0206462 -0.0253117 0.999466 
vn 0 0 1 
vn -0.0471356 -0.0584027 0.99718 
vn -0.0653514 -0.0815806 0.994522 
vn -0.0901382 -0.113693 0.989419 
vn -0.133282 -0.171274 0.976167 
vn -0.174889 -0.229004 0.957586 
vn -0.186896 -0.246093 0.951057 
vn -0.214833 -0.286669 0.933631 
vn -0.253469 -0.344757 0.903823 
vn -0.24185 -0.327022 0.913545 
vn -0.290008 -0.402015 0.868493 
vn -0.320723 -0.452082 0.832321 
vn -0.349203 -0.500251 0.792342 
vn -0.337929 -0.480932 0.809017 
vn -0.396642 -0.5847 0.707673 
vn -0.401607 -0.593875 0.697154 
vn -0.375497 -0.546365 0.748657 
vn -0.4141 -0.617078 0.669131 
vn -0.432417 -0.652337 0.622473 
vn -0.434253 -0.655965 0.617361 
vn -0.444524 -0.675949 0.587785 
vn -0.461151 -0.709654 0.532664 
vn -0.469904 -0.727454 0.5 
vn -0.480085 -0.74899 0.456654 
vn -0.494367 -0.77959 0.3845 
vn -0.490378 -0.770776 0.406737 
vn -0.505731 -0.804553 0.311337 
vn -0.506054 -0.805244 0.309017 
vn -0.513685 -0.822372 0.244606 
vn -0.518267 -0.832769 0.194668 
vn -0.522549 -0.84258 0.130393 
vn -0.523842 -0.845377 0.104528 
vn -0.535903 -0.844279 0 
vn -0.525112 -0.848496 0.0656597 
vn -0.525977 -0.850499 0 
vn -1 0 0 
vn -0.613024 -0.790064 1.73472e-15 
vn -0.525977 -0.850499 1.73472e-15 
vn -0.525112 -0.848496 0.0656597 
vn -0.693187 -0.720757 1.73472e-15 
vn -0.611271 -0.787955 0.0739907 
vn -0.765567 -0.643357 1.73472e-15 
vn -0.690609 -0.718622 0.081496 
vn -0.829349 -0.558731 1.73472e-15 
vn -0.762242 -0.64127 0.0880921 
vn -0.883818 -0.467832 1.73472e-15 
vn -0.825369 -0.556763 0.0937052 
vn -0.928362 -0.371678 1.73472e-15 
vn -0.879287 -0.466043 0.0982727 
vn -0.96248 -0.271351 1.4456e-15 
vn -0.923394 -0.370124 0.101744 
vn -0.985791 -0.167977 1.4456e-15 
vn -0.957198 -0.270074 0.104079 
vn -0.998031 -0.0627166 1.4456e-15 
vn -0.980321 -0.167011 0.105254 
vn -0.992505 -0.062085 0.105254 
vn -0.993616 0.0435342 0.104079 
vn -0.999064 0.0432482 1.15648e-15 
vn -0.983639 0.148668 0.101744 
vn -0.988878 0.148727 1.15648e-15 
vn -0.962687 0.252142 0.0982727 
vn -0.967587 0.252536 8.67362e-16 
vn -0.930994 0.352803 0.0937052 
vn -0.935431 0.353509 8.67362e-16 
vn -0.888912 0.449528 0.0880921 
vn -0.89277 0.450513 5.78241e-16 
vn -0.836912 0.541237 0.081496 
vn -0.840084 0.542457 2.89121e-16 
vn -0.775573 0.626906 0.0739907 
vn -0.777963 0.62831 2.89121e-16 
vn -0.705581 0.705581 0.0656597 
vn -0.606149 -0.781743 0.146496 
vn -0.523661 -0.84549 0.104527 
vn -0.683112 -0.712348 0.160994 
vn -0.752595 -0.635152 0.17373 
vn -0.813838 -0.551002 0.184564 
vn -0.86617 -0.460819 0.193376 
vn -0.909019 -0.365591 0.200072 
vn -0.941914 -0.266359 0.204577 
vn -0.964495 -0.164211 0.206841 
vn -0.976517 -0.0602648 0.206841 
vn -0.977846 0.0443412 0.204577 
vn -0.968468 0.148462 0.200072 
vn -0.948486 0.250956 0.193376 
vn -0.918119 0.350704 0.184564 
vn -0.8777 0.446611 0.17373 
vn -0.82767 0.537628 0.160994 
vn -0.768577 0.622758 0.146496 
vn -0.70107 0.70107 0.130393 
vn -0.703084 0.703383 0.104525 
vn -0.522549 -0.84258 0.130393 
vn -0.518267 -0.832769 0.194668 
vn -0.597829 -0.771507 0.217665 
vn -0.671046 -0.702058 0.238352 
vn -0.737143 -0.625158 0.25651 
vn -0.795417 -0.541625 0.271946 
vn -0.84525 -0.452343 0.284496 
vn -0.886113 -0.358261 0.294027 
vn -0.917573 -0.260378 0.300438 
vn -0.939296 -0.159731 0.30366 
vn -0.951051 -0.0573895 0.30366 
vn -0.952713 0.0455613 0.300438 
vn -0.944265 0.148029 0.294027 
vn -0.925796 0.248925 0.284496 
vn -0.897503 0.34718 0.271946 
vn -0.859686 0.44175 0.25651 
vn -0.812745 0.531633 0.238352 
vn -0.75718 0.615874 0.217665 
vn -0.693579 0.693579 0.194668 
vn -0.513685 -0.822372 0.244606 
vn -0.589225 -0.760739 0.272195 
vn -0.658716 -0.691297 0.296989 
vn -0.721445 -0.614757 0.318734 
vn -0.776767 -0.531907 0.337207 
vn -0.824115 -0.443596 0.352218 
vn -0.863002 -0.350731 0.363613 
vn -0.89303 -0.254266 0.371276 
vn -0.91389 -0.15519 0.375127 
vn -0.925369 -0.0545213 0.375127 
vn -0.927347 0.0467073 0.371276 
vn -0.919805 0.147456 0.363613 
vn -0.902821 0.246692 0.352218 
vn -0.876568 0.343394 0.337207 
vn -0.841317 0.436572 0.318734 
vn -0.797428 0.525268 0.296989 
vn -0.745353 0.608571 0.272195 
vn -0.685627 0.685627 0.244606 
vn -0.691584 0.691728 0.207902 
vn -0.506025 -0.805262 0.309017 
vn -0.574928 -0.742461 0.343816 
vn -0.638549 -0.673169 0.372959 
vn -0.695977 -0.597348 0.398486 
vn -0.746656 -0.515733 0.420148 
vn -0.790093 -0.429117 0.437736 
vn -0.825867 -0.338339 0.451077 
vn -0.853631 -0.244279 0.460045 
vn -0.873117 -0.147851 0.46455 
vn -0.884135 -0.0499881 0.46455 
vn -0.886578 0.0483593 0.460045 
vn -0.880422 0.146238 0.451077 
vn -0.865728 0.242698 0.437736 
vn -0.842638 0.336804 0.420148 
vn -0.811375 0.427644 0.398486 
vn -0.772243 0.514336 0.372959 
vn -0.725622 0.59604 0.343816 
vn -0.672477 0.67252 0.309017 
vn -0.671963 0.671963 0.311337 
vn -0.505731 -0.804553 0.311337 
vn -0.494367 -0.77959 0.3845 
vn -0.555686 -0.717188 0.42054 
vn -0.61203 -0.648365 0.452816 
vn -0.662895 -0.573737 0.481037 
vn -0.707824 -0.493972 0.504952 
vn -0.746417 -0.409785 0.524346 
vn -0.778327 -0.321929 0.539045 
vn -0.803268 -0.23119 0.548918 
vn -0.821018 -0.138382 0.553877 
vn -0.831417 -0.0443354 0.553877 
vn -0.834373 0.0501086 0.548918 
vn -0.829858 0.144104 0.539045 
vn -0.817914 0.236809 0.524346 
vn -0.798647 0.327394 0.504952 
vn -0.772229 0.415048 0.481037 
vn -0.738898 0.498986 0.452816 
vn -0.698952 0.578456 0.42054 
vn -0.652748 0.652748 0.3845 
vn -0.490155 -0.770936 0.406701 
vn -0.480085 -0.74899 0.456654 
vn -0.533073 -0.686662 0.494297 
vn -0.581738 -0.618765 0.527931 
vn -0.625685 -0.54585 0.557284 
vn -0.664559 -0.468509 0.582118 
vn -0.698043 -0.387369 0.602231 
vn -0.725866 -0.303087 0.61746 
vn -0.747803 -0.216347 0.627682 
vn -0.763676 -0.127853 0.632814 
vn -0.773355 -0.0383221 0.632814 
vn -0.776763 0.0515196 0.627682 
vn -0.773872 0.140944 0.61746 
vn -0.764705 0.229225 0.602231 
vn -0.749337 0.315647 0.582118 
vn -0.727892 0.399509 0.557284 
vn -0.700545 0.480132 0.527931 
vn -0.667516 0.556861 0.494297 
vn -0.629074 0.629074 0.456654 
vn -0.645821 0.64615 0.4067 
vn -0.469604 -0.727676 0.49996 
vn -0.461151 -0.709654 0.532664 
vn -0.505143 -0.648036 0.569982 
vn -0.545537 -0.581801 0.603239 
vn -0.582044 -0.511421 0.632197 
vn -0.614404 -0.437397 0.656652 
vn -0.642387 -0.360256 0.676428 
vn -0.665793 -0.280549 0.691384 
vn -0.684455 -0.198843 0.701415 
vn -0.69824 -0.11572 0.706448 
vn -0.707051 -0.0317733 0.706448 
vn -0.710824 0.0524002 0.701415 
vn -0.709533 0.1362 0.691384 
vn -0.703186 0.21903 0.676428 
vn -0.69183 0.300299 0.656652 
vn -0.675544 0.379429 0.632197 
vn -0.654446 0.455856 0.603239 
vn -0.628684 0.529034 0.569982 
vn -0.598443 0.598443 0.532664 
vn -0.612178 0.612595 0.499965 
vn -0.468366 -0.596221 0.652038 
vn -0.444151 -0.676239 0.587733 
vn -0.4997 -0.532938 0.682844 
vn -0.528068 -0.466492 0.709598 
vn -0.553301 -0.397277 0.73214 
vn -0.57525 -0.325704 0.750336 
vn -0.593785 -0.252198 0.764078 
vn -0.608795 -0.177195 0.773285 
vn -0.620192 -0.10114 0.777903 
vn -0.627908 -0.0244845 0.777903 
vn -0.631896 0.0523161 0.773285 
vn -0.632134 0.128806 0.764078 
vn -0.62862 0.204532 0.750336 
vn -0.621374 0.279043 0.73214 
vn -0.610441 0.351899 0.709598 
vn -0.595884 0.422665 0.682844 
vn -0.57779 0.490923 0.652038 
vn -0.556267 0.556267 0.617361 
vn -0.571839 0.57232 0.58775 
vn -0.426881 -0.537327 0.72736 
vn -0.413736 -0.617392 0.669066 
vn -0.434253 -0.655965 0.617361 
vn -0.432326 -0.652428 0.622441 
vn -0.450127 -0.478227 0.754112 
vn -0.471236 -0.416856 0.777282 
vn -0.490107 -0.353506 0.796762 
vn -0.50665 -0.288476 0.812457 
vn -0.520788 -0.222077 0.824295 
vn -0.532452 -0.154624 0.832218 
vn -0.541588 -0.0864357 0.836189 
vn -0.548152 -0.0178372 0.836189 
vn -0.552113 0.050846 0.832218 
vn -0.553452 0.119288 0.824295 
vn -0.552162 0.187163 0.812457 
vn -0.548251 0.254149 0.796762 
vn -0.541736 0.319929 0.777282 
vn -0.532648 0.384189 0.754112 
vn -0.521031 0.446625 0.72736 
vn -0.50694 0.50694 0.697154 
vn -0.525286 0.525721 0.669098 
vn -0.401607 -0.593875 0.697154 
vn -0.396642 -0.5847 0.707673 
vn -0.420798 -0.528703 0.737158 
vn -0.443024 -0.470279 0.763261 
vn -0.463217 -0.409697 0.785862 
vn -0.481284 -0.347235 0.804856 
vn -0.497143 -0.28318 0.820157 
vn -0.51072 -0.217826 0.831695 
vn -0.521954 -0.151472 0.839416 
vn -0.530793 -0.0844227 0.843286 
vn -0.537197 -0.0169862 0.843286 
vn -0.541135 0.0505282 0.839416 
vn -0.54259 0.117811 0.831695 
vn -0.541556 0.184553 0.820157 
vn -0.538036 0.250448 0.804856 
vn -0.532047 0.315194 0.785862 
vn -0.523618 0.378493 0.763261 
vn -0.512785 0.440056 0.737158 
vn -0.499599 0.499599 0.707673 
vn -0.375497 -0.546365 0.748657 
vn -0.395431 -0.492856 0.775066 
vn -0.4138 -0.437396 0.798408 
vn -0.430531 -0.380204 0.818589 
vn -0.445558 -0.321508 0.83553 
vn -0.458821 -0.261539 0.849164 
vn -0.470269 -0.200535 0.859438 
vn -0.479855 -0.138738 0.866309 
vn -0.487542 -0.0763907 0.869752 
vn -0.493299 -0.0137415 0.869752 
vn -0.497103 0.048962 0.866309 
vn -0.49894 0.111472 0.859438 
vn -0.498802 0.17354 0.849164 
vn -0.49669 0.234922 0.83553 
vn -0.492612 0.295374 0.818589 
vn -0.486584 0.354657 0.798408 
vn -0.47863 0.412536 0.775066 
vn -0.468782 0.468782 0.748657 
vn -0.473119 0.473179 0.743142 
vn -0.349203 -0.500251 0.792342 
vn -0.36489 -0.450094 0.815028 
vn -0.37938 -0.398463 0.835044 
vn -0.392628 -0.345526 0.852323 
vn -0.40459 -0.291457 0.86681 
vn -0.415226 -0.236433 0.878457 
vn -0.424501 -0.180634 0.887226 
vn -0.432386 -0.124243 0.893088 
vn -0.438854 -0.0674455 0.896024 
vn -0.443884 -0.0104269 0.896024 
vn -0.447459 0.0466259 0.893088 
vn -0.449569 0.103526 0.887226 
vn -0.450205 0.160087 0.878457 
vn -0.449367 0.216123 0.86681 
vn -0.447056 0.271451 0.852323 
vn -0.443281 0.32589 0.835044 
vn -0.438053 0.379261 0.815028 
vn -0.43139 0.43139 0.792342 
vn -0.337802 -0.481086 0.808978 
vn -0.320723 -0.452082 0.832321 
vn -0.332783 -0.405785 0.851231 
vn -0.343963 -0.358414 0.867888 
vn -0.354232 -0.310094 0.882248 
vn -0.363563 -0.260954 0.894273 
vn -0.371933 -0.211123 0.903932 
vn -0.379318 -0.160733 0.911199 
vn -0.385699 -0.109918 0.916054 
vn -0.39106 -0.058812 0.918484 
vn -0.395385 -0.00755048 0.918484 
vn -0.398664 0.0437311 0.916054 
vn -0.400889 0.0948969 0.911199 
vn -0.402052 0.145812 0.903932 
vn -0.402151 0.19634 0.894273 
vn -0.401186 0.246349 0.882248 
vn -0.399159 0.295707 0.867888 
vn -0.396076 0.344281 0.851231 
vn -0.391945 0.391945 0.832321 
vn -0.415577 0.415706 0.809002 
vn -0.290008 -0.402015 0.868493 
vn -0.299029 -0.360057 0.883709 
vn -0.30743 -0.317353 0.897092 
vn -0.315193 -0.273991 0.908616 
vn -0.322303 -0.23006 0.918255 
vn -0.328744 -0.185653 0.925991 
vn -0.334504 -0.140861 0.931807 
vn -0.339571 -0.0957767 0.935691 
vn -0.343933 -0.0504939 0.937635 
vn -0.347583 -0.00510647 0.937635 
vn -0.350511 0.0402916 0.935691 
vn -0.352713 0.0856061 0.931807 
vn -0.354184 0.130743 0.925991 
vn -0.35492 0.175609 0.918255 
vn -0.354921 0.220111 0.908616 
vn -0.354185 0.264156 0.897092 
vn -0.352715 0.307654 0.883709 
vn -0.35354 0.353568 0.866025 
vn -0.350514 0.350514 0.868493 
vn -0.253469 -0.344757 0.903823 
vn -0.259769 -0.308106 0.9152 
vn -0.265676 -0.270989 0.925193 
vn -0.271181 -0.233462 0.933786 
vn -0.276276 -0.195582 0.940967 
vn -0.280954 -0.157406 0.946725 
vn -0.285206 -0.118992 0.951051 
vn -0.289027 -0.0803984 0.953939 
vn -0.292411 -0.0416831 0.955384 
vn -0.295353 -0.00290466 0.955384 
vn -0.297848 0.0358781 0.953939 
vn -0.299893 0.0746067 0.951051 
vn -0.301484 0.113222 0.946725 
vn -0.302619 0.151667 0.940967 
vn -0.303296 0.189882 0.933786 
vn -0.303515 0.22781 0.925193 
vn -0.303274 0.265393 0.9152 
vn -0.302575 0.302575 0.903823 
vn -0.24175 -0.327195 0.91351 
vn -0.214833 -0.286669 0.933631 
vn -0.219049 -0.255713 0.94161 
vn -0.223038 -0.22449 0.948609 
vn -0.226794 -0.193034 0.954621 
vn -0.230315 -0.161378 0.959642 
vn -0.233596 -0.129554 0.963664 
vn -0.236635 -0.0975946 0.966685 
vn -0.239427 -0.0655341 0.9687 
vn -0.241971 -0.0334055 0.969708 
vn -0.244263 -0.00124216 0.969708 
vn -0.2463 0.0309225 0.9687 
vn -0.248082 0.063055 0.966685 
vn -0.249606 0.0951219 0.963664 
vn -0.250871 0.12709 0.959642 
vn -0.251874 0.158926 0.954621 
vn -0.252616 0.190596 0.948609 
vn -0.253095 0.222069 0.94161 
vn -0.253311 0.253311 0.933631 
vn -0.287583 0.28766 0.913536 
vn -0.177583 -0.203954 0.962739 
vn -0.186809 -0.246236 0.951036 
vn -0.180159 -0.178769 0.967256 
vn -0.182617 -0.153465 0.971133 
vn -0.184954 -0.128061 0.974368 
vn -0.187168 -0.102571 0.976958 
vn -0.189259 -0.0770137 0.978902 
vn -0.191224 -0.0514053 0.980199 
vn -0.193063 -0.025763 0.980848 
vn -0.194774 -0.000103671 0.980848 
vn -0.196357 0.0255558 0.980199 
vn -0.19781 0.0511983 0.978902 
vn -0.199132 0.0768069 0.976958 
vn -0.200322 0.102365 0.974368 
vn -0.201379 0.127855 0.971133 
vn -0.202304 0.153261 0.967256 
vn -0.203095 0.178565 0.962739 
vn -0.203751 0.203751 0.957586 
vn -0.218485 0.218531 0.951056 
vn -0.174889 -0.229004 0.957586 
vn -0.133282 -0.171274 0.976167 
vn -0.134888 -0.15234 0.97908 
vn -0.136444 -0.13335 0.981632 
vn -0.13795 -0.114311 0.983821 
vn -0.139404 -0.0952292 0.985646 
vn -0.140807 -0.0761123 0.987107 
vn -0.142159 -0.0569673 0.988203 
vn -0.143457 -0.0378013 0.988934 
vn -0.144703 -0.0186213 0.9893 
vn -0.145895 0.000565627 0.9893 
vn -0.147033 0.0197523 0.988934 
vn -0.148117 0.0389317 0.988203 
vn -0.149146 0.0580967 0.987107 
vn -0.15012 0.0772402 0.985646 
vn -0.151039 0.0963552 0.983821 
vn -0.151902 0.115435 0.981632 
vn -0.152708 0.134471 0.97908 
vn -0.153458 0.153458 0.976167 
vn -0.0901382 -0.113693 0.989419 
vn -0.0909947 -0.101019 0.990714 
vn -0.0918363 -0.0883283 0.991849 
vn -0.092663 -0.0756235 0.992822 
vn -0.0934746 -0.0629063 0.993632 
vn -0.0942709 -0.050179 0.994281 
vn -0.0950519 -0.0374434 0.994768 
vn -0.0958174 -0.0247017 0.995092 
vn -0.0965672 -0.011956 0.995255 
vn -0.0973013 0.000791593 0.995255 
vn -0.0980196 0.0135391 0.995092 
vn -0.0987218 0.0262844 0.994768 
vn -0.099408 0.0390254 0.994281 
vn -0.100078 0.0517601 0.993632 
vn -0.100732 0.0644863 0.992822 
vn -0.101369 0.077202 0.991849 
vn -0.10199 0.0899051 0.990714 
vn -0.102594 0.102594 0.989419 
vn -0.147017 0.147028 0.978146 
vn -0.0475016 -0.0518521 0.997524 
vn -0.0652917 -0.0817209 0.994514 
vn -0.0478656 -0.0452993 0.997826 
vn -0.0482276 -0.0387446 0.998085 
vn -0.0485874 -0.0321881 0.9983 
vn -0.0489452 -0.0256303 0.998473 
vn -0.0493008 -0.0190713 0.998602 
vn -0.0496543 -0.0125116 0.998688 
vn -0.0500057 -0.00595128 0.998731 
vn -0.0503549 0.000609283 0.998731 
vn -0.0507019 0.00716982 0.998688 
vn -0.0510467 0.01373 0.998602 
vn -0.0513894 0.0202897 0.998473 
vn -0.0517298 0.0268484 0.9983 
vn -0.052068 0.033406 0.998085 
vn -0.0524039 0.0399622 0.997826 
vn -0.0527376 0.0465166 0.997524 
vn -0.053069 0.053069 0.99718 
vn -0.0739121 0.0739075 0.994522 
vn -0.00272166 -0.00292029 0.999992 
vn -0.020595 -0.0254416 0.999464 
vn -0.0471356 -0.0584027 0.99718 
vn -0.00273978 -0.00254954 0.999993 
vn -0.00275791 -0.0021788 0.999994 
vn -0.00277603 -0.00180805 0.999995 
vn -0.00279416 -0.00143731 0.999995 
vn -0.00281229 -0.00106656 0.999995 
vn -0.00283041 -0.000695816 0.999996 
vn -0.00284854 -0.00032507 0.999996 
vn -0.00286666 4.56764e-05 0.999996 
vn -0.00288478 0.000416422 0.999996 
vn -0.00290291 0.000787168 0.999995 
vn -0.00292103 0.00115791 0.999995 
vn -0.00293915 0.00152866 0.999995 
vn -0.00295728 0.00189941 0.999994 
vn -0.0029754 0.00227015 0.999993 
vn -0.00299352 0.0026409 0.999992 
vn -0.00301164 0.00301164 0.999991 
vn 3.70074e-14 -3.46945e-14 1 
vn -0.00270353 -0.00329103 0.999991 
vn -0.707107 0.707107 0 
vn -0.613024 -0.790064 0 
vn -0.525977 -0.850499 0 
vn -0.693187 -0.720757 0 
vn -0.613024 -0.790064 0 
vn -0.765567 -0.643357 0 
vn -0.693187 -0.720757 0 
vn -0.829349 -0.558731 0 
vn -0.765567 -0.643357 0 
vn -0.883818 -0.467832 0 
vn -0.829349 -0.558731 0 
vn -0.928362 -0.371678 0 
vn -0.883818 -0.467832 0 
vn -0.96248 -0.271351 0 
vn -0.928362 -0.371678 0 
vn -0.985791 -0.167977 0 
vn -0.96248 -0.271351 0 
vn -0.998031 -0.0627166 0 
vn -0.985791 -0.167977 0 
vn -0.999064 0.0432482 0 
vn -0.998031 -0.0627166 0 
vn -0.988878 0.148727 0 
vn -0.999064 0.0432482 0 
vn -0.967587 0.252536 0 
vn -0.988878 0.148727 0 
vn -0.935431 0.353509 0 
vn -0.967587 0.252536 0 
vn -0.89277 0.450513 0 
vn -0.935431 0.353509 0 
vn -0.840084 0.542457 0 
vn -0.89277 0.450513 0 
vn -0.777963 0.62831 0 
vn -0.840084 0.542457 0 
vn -0.707107 0.707107 0 
vn -0.777963 0.62831 0 
vn -0.00301164 0.00301164 0.999991 
vn -1.29893e-16 1.29893e-16 1 
vn -0.0739128 0.0739128 0.994522 
vn -0.053069 0.053069 0.99718 
vn -0.0739104 0.0739104 0.994522 
vn -0.102594 0.102594 0.989419 
vn -0.147016 0.147016 0.978148 
vn -0.147021 0.147021 0.978146 
vn -0.153458 0.153458 0.976167 
vn -0.218508 0.218508 0.951057 
vn -0.218502 0.218502 0.951059 
vn -0.203751 0.203751 0.957586 
vn -0.253311 0.253311 0.933631 
vn -0.287606 0.287606 0.913545 
vn -0.287612 0.287612 0.913542 
vn -0.302575 0.302575 0.903823 
vn -0.353553 0.353553 0.866025 
vn -0.350514 0.350514 0.868493 
vn -0.353551 0.353551 0.866028 
vn -0.391945 0.391945 0.832321 
vn -0.415627 0.415627 0.809017 
vn -0.415629 0.415629 0.809015 
vn -0.43139 0.43139 0.792342 
vn -0.473147 0.473147 0.743145 
vn -0.468782 0.468782 0.748657 
vn -0.473144 0.473144 0.743148 
vn -0.499599 0.499599 0.707673 
vn -0.525483 0.525483 0.669131 
vn -0.525474 0.525474 0.669145 
vn -0.50694 0.50694 0.697154 
vn -0.556267 0.556267 0.617361 
vn -0.572061 0.572061 0.587785 
vn -0.572054 0.572054 0.5878 
vn -0.598443 0.598443 0.532664 
vn -0.612372 0.612372 0.5 
vn -0.612371 0.612371 0.500005 
vn -0.629074 0.629074 0.456654 
vn -0.630037 0.630037 0.45399 
vn -0.645977 0.645977 0.406727 
vn -0.652748 0.652748 0.3845 
vn -0.645974 0.645974 0.406737 
vn -0.660141 0.660141 0.358368 
vn -0.671963 0.671963 0.311337 
vn -0.672498 0.672498 0.30902 
vn -0.685627 0.685627 0.244606 
vn -0.672499 0.672499 0.309017 
vn -0.683013 0.683013 0.258819 
vn -0.691655 0.691655 0.207912 
vn -0.691655 0.691655 0.207909 
vn -0.693579 0.693579 0.194668 
vn -0.698401 0.698401 0.156434 
vn -0.703233 0.703233 0.104528 
vn -0.703233 0.703233 0.104532 
vn -0.70107 0.70107 0.130393 
vn -0.705581 0.705581 0.0656597 
vn -0.707107 0.707107 -1.22465e-16 
vn -0.706138 0.706138 0.052336 
vn -0.702962 -0.702962 0.108119 
vn -0.707107 -0.707107 2.44929e-16 
vn -0.690575 -0.690575 0.21497 
vn -0.702962 -0.702962 0.108119 
vn -0.670092 -0.670092 0.319302 
vn -0.690575 -0.690575 0.21497 
vn -0.641753 -0.641753 0.419889 
vn -0.670092 -0.670092 0.319302 
vn -0.60589 -0.60589 0.515554 
vn -0.641753 -0.641753 0.419889 
vn -0.562923 -0.562923 0.605174 
vn -0.60589 -0.60589 0.515554 
vn -0.513356 -0.513356 0.687699 
vn -0.562923 -0.562923 0.605174 
vn -0.457771 -0.457771 0.762162 
vn -0.513356 -0.513356 0.687699 
vn -0.396819 -0.396819 0.827689 
vn -0.457771 -0.457771 0.762162 
vn -0.331215 -0.331215 0.883512 
vn -0.396819 -0.396819 0.827689 
vn -0.261727 -0.261727 0.928977 
vn -0.331215 -0.331215 0.883512 
vn -0.189171 -0.189171 0.96355 
vn -0.261727 -0.261727 0.928977 
vn -0.114397 -0.114397 0.986827 
vn -0.189171 -0.189171 0.96355 
vn -0.038282 -0.038282 0.998533 
vn -0.114397 -0.114397 0.986827 
vn 0.038282 0.038282 0.998533 
vn -0.038282 -0.038282 0.998533 
vn 0.114397 0.114397 0.986827 
vn 0.038282 0.038282 0.998533 
vn 0.189171 0.189171 0.96355 
vn 0.114397 0.114397 0.986827 
vn 0.261727 0.261727 0.928977 
vn 0.189171 0.189171 0.96355 
vn 0.331215 0.331215 0.883512 
vn 0.261727 0.261727 0.928977 
vn 0.396819 0.396819 0.827689 
vn 0.331215 0.331215 0.883512 
vn 0.457771 0.457771 0.762162 
vn 0.396819 0.396819 0.827689 
vn 0.513356 0.513356 0.687699 
vn 0.457771 0.457771 0.762162 
vn 0.562923 0.562923 0.605174 
vn 0.513356 0.513356 0.687699 
vn 0.60589 0.60589 0.515554 
vn 0.562923 0.562923 0.605174 
vn 0.641753 0.641753 0.419889 
vn 0.60589 0.60589 0.515554 
vn 0.670092 0.670092 0.319302 
vn 0.641753 0.641753 0.419889 
vn 0.690575 0.690575 0.21497 
vn 0.670092 0.670092 0.319302 
vn 0.702962 0.702962 0.108119 
vn 0.690575 0.690575 0.21497 
vn 0.707107 0.707107 -1.22465e-16 
vn 0.702962 0.702962 0.108119 
vn 0.702962 0.702962 -0.108119 
vn 0.707107 0.707107 -1.22465e-16 
vn 0.690575 0.690575 -0.21497 
vn 0.702962 0.702962 -0.108119 
vn 0.670092 0.670092 -0.319302 
vn 0.690575 0.690575 -0.21497 
vn 0.641753 0.641753 -0.419889 
vn 0.670092 0.670092 -0.319302 
vn 0.60589 0.60589 -0.515554 
vn 0.641753 0.641753 -0.419889 
vn 0.562923 0.562923 -0.605174 
vn 0.60589 0.60589 -0.515554 
vn 0.513356 0.513356 -0.687699 
vn 0.562923 0.562923 -0.605174 
vn 0.457771 0.457771 -0.762162 
vn 0.513356 0.513356 -0.687699 
vn 0.396819 0.396819 -0.827689 
vn 0.457771 0.457771 -0.762162 
vn 0.331215 0.331215 -0.883512 
vn 0.396819 0.396819 -0.827689 
vn 0.261727 0.261727 -0.928977 
vn 0.331215 0.331215 -0.883512 
vn 0.189171 0.189171 -0.96355 
vn 0.261727 0.261727 -0.928977 
vn 0.114397 0.114397 -0.986827 
vn 0.189171 0.189171 -0.96355 
vn 0.038282 0.038282 -0.998533 
vn 0.114397 0.114397 -0.986827 
vn -0.038282 -0.038282 -0.998533 
vn 0.038282 0.038282 -0.998533 
vn -0.114397 -0.114397 -0.986827 
vn -0.038282 -0.038282 -0.998533 
vn -0.189171 -0.189171 -0.96355 
vn -0.114397 -0.114397 -0.986827 
vn -0.261727 -0.261727 -0.928977 
vn -0.189171 -0.189171 -0.96355 
vn -0.331215 -0.331215 -0.883512 
vn -0.261727 -0.261727 -0.928977 
vn -0.396819 -0.396819 -0.827689 
vn -0.331215 -0.331215 -0.883512 
vn -0.457771 -0.457771 -0.762162 
vn -0.396819 -0.396819 -0.827689 
vn -0.513356 -0.513356 -0.687699 
vn -0.457771 -0.457771 -0.762162 
vn -0.562923 -0.562923 -0.605174 
vn -0.513356 -0.513356 -0.687699 
vn -0.60589 -0.60589 -0.515554 
vn -0.562923 -0.562923 -0.605174 
vn -0.641753 -0.641753 -0.419889 
vn -0.60589 -0.60589 -0.515554 
vn -0.670092 -0.670092 -0.319302 
vn -0.641753 -0.641753 -0.419889 
vn -0.690575 -0.690575 -0.21497 
vn -0.670092 -0.670092 -0.319302 
vn -0.702962 -0.702962 -0.108119 
vn -0.690575 -0.690575 -0.21497 
vn -0.994138 0.108119 0 
vn -1 2.44929e-16 0 
vn -0.976621 0.21497 0 
vn -0.994138 0.108119 0 
vn -0.947653 0.319302 0 
vn -0.976621 0.21497 0 
vn -0.907575 0.419889 0 
vn -0.947653 0.319302 0 
vn -0.856857 0.515554 0 
vn -0.907575 0.419889 0 
vn -0.796093 0.605174 0 
vn -0.856857 0.515554 0 
vn -0.725995 0.687699 0 
vn -0.796093 0.605174 0 
vn -0.647386 0.762162 0 
vn -0.725995 0.687699 0 
vn -0.561187 0.827689 0 
vn -0.647386 0.762162 0 
vn -0.468408 0.883512 0 
vn -0.561187 0.827689 0 
vn -0.370138 0.928977 0 
vn -0.468408 0.883512 0 
vn -0.267528 0.96355 0 
vn -0.370138 0.928977 0 
vn -0.161782 0.986827 0 
vn -0.267528 0.96355 0 
vn -0.0541389 0.998533 0 
vn -0.161782 0.986827 0 
vn 0.0541389 0.998533 0 
vn -0.0541389 0.998533 0 
vn 0.161782 0.986827 0 
vn 0.0541389 0.998533 0 
vn 0.267528 0.96355 0 
vn 0.161782 0.986827 0 
vn 0.370138 0.928977 0 
vn 0.267528 0.96355 0 
vn 0.468408 0.883512 0 
vn 0.370138 0.928977 0 
vn 0.561187 0.827689 0 
vn 0.468408 0.883512 0 
vn 0.647386 0.762162 0 
vn 0.561187 0.827689 0 
vn 0.725995 0.687699 0 
vn 0.647386 0.762162 0 
vn 0.796093 0.605174 0 
vn 0.725995 0.687699 0 
vn 0.856857 0.515554 0 
vn 0.796093 0.605174 0 
vn 0.907575 0.419889 0 
vn 0.856857 0.515554 0 
vn 0.947653 0.319302 0 
vn 0.907575 0.419889 0 
vn 0.976621 0.21497 0 
vn 0.947653 0.319302 0 
vn 0.994138 0.108119 0 
vn 0.976621 0.21497 0 
vn 1 -1.22465e-16 0 
vn 0.994138 0.108119 0 
vn 0.994138 -0.108119 0 
vn 1 -1.22465e-16 0 
vn 0.976621 -0.21497 0 
vn 0.994138 -0.108119 0 
vn 0.947653 -0.319302 0 
vn 0.976621 -0.21497 0 
vn 0.907575 -0.419889 0 
vn 0.947653 -0.319302 0 
vn 0.856857 -0.515554 0 
vn 0.907575 -0.419889 0 
vn 0.796093 -0.605174 0 
vn 0.856857 -0.515554 0 
vn 0.725995 -0.687699 0 
vn 0.796093 -0.605174 0 
vn 0.647386 -0.762162 0 
vn 0.725995 -0.687699 0 
vn 0.561187 -0.827689 0 
vn 0.647386 -0.762162 0 
vn 0.468408 -0.883512 0 
vn 0.561187 -0.827689 0 
vn 0.370138 -0.928977 0 
vn 0.468408 -0.883512 0 
vn 0.267528 -0.96355 0 
vn 0.370138 -0.928977 0 
vn 0.161782 -0.986827 0 
vn 0.267528 -0.96355 0 
vn 0.0541389 -0.998533 0 
vn 0.161782 -0.986827 0 
vn -0.0541389 -0.998533 0 
vn 0.0541389 -0.998533 0 
vn -0.161782 -0.986827 0 
vn -0.0541389 -0.998533 0 
vn -0.267528 -0.96355 0 
vn -0.161782 -0.986827 0 
vn -0.370138 -0.928977 0 
vn -0.267528 -0.96355 0 
vn -0.468408 -0.883512 0 
vn -0.370138 -0.928977 0 
vn -0.561187 -0.827689 0 
vn -0.468408 -0.883512 0 
vn -0.647386 -0.762162 0 
vn -0.561187 -0.827689 0 
vn -0.725995 -0.687699 0 
vn -0.647386 -0.762162 0 
vn -0.796093 -0.605174 0 
vn -0.725995 -0.687699 0 
vn -0.856857 -0.515554 0 
vn -0.796093 -0.605174 0 
vn -0.907575 -0.419889 0 
vn -0.856857 -0.515554 0 
vn -0.947653 -0.319302 0 
vn -0.907575 -0.419889 0 
vn -0.976621 -0.21497 0 
vn -0.947653 -0.319302 0 
vn -0.994138 -0.108119 0 
vn -0.976621 -0.21497 0 
vn 0 1 0 
vn 0.108119 0 0.994138 
vn 2.44929e-16 0 1 
vn 0.21497 0 0.976621 
vn 0.108119 0 0.994138 
vn 0.319302 0 0.947653 
vn 0.21497 0 0.976621 
vn 0.419889 0 0.907575 
vn 0.319302 0 0.947653 
vn 0.515554 0 0.856857 
vn 0.419889 0 0.907575 
vn 0.605174 0 0.796093 
vn 0.515554 0 0.856857 
vn 0.687699 0 0.725995 
vn 0.605174 0 0.796093 
vn 0.762162 0 0.647386 
vn 0.687699 0 0.725995 
vn 0.827689 0 0.561187 
vn 0.762162 0 0.647386 
vn 0.883512 0 0.468408 
vn 0.827689 0 0.561187 
vn 0.928977 0 0.370138 
vn 0.883512 0 0.468408 
vn 0.96355 0 0.267528 
vn 0.928977 0 0.370138 
vn 0.986827 0 0.161782 
vn 0.96355 0 0.267528 
vn 0.998533 0 0.0541389 
vn 0.986827 0 0.161782 
vn 0.998533 0 -0.0541389 
vn 0.998533 0 0.0541389 
vn 0.986827 0 -0.161782 
vn 0.998533 0 -0.0541389 
vn 0.96355 0 -0.267528 
vn 0.986827 0 -0.161782 
vn 0.928977 0 -0.370138 
vn 0.96355 0 -0.267528 
vn 0.883512 0 -0.468408 
vn 0.928977 0 -0.370138 
vn 0.827689 0 -0.561187 
vn 0.883512 0 -0.468408 
vn 0.762162 0 -0.647386 
vn 0.827689 0 -0.561187 
vn 0.687699 0 -0.725995 
vn 0.762162 0 -0.647386 
vn 0.605174 0 -0.796093 
vn 0.687699 0 -0.725995 
vn 0.515554 0 -0.856857 
vn 0.605174 0 -0.796093 
vn 0.419889 0 -0.907575 
vn 0.515554 0 -0.856857 
vn 0.319302 0 -0.947653 
vn 0.419889 0 -0.907575 
vn 0.21497 0 -0.976621 
vn 0.319302 0 -0.947653 
vn 0.108119 0 -0.994138 
vn 0.21497 0 -0.976621 
vn -1.22465e-16 0 -1 
vn 0.108119 0 -0.994138 
vn -0.108119 0 -0.994138 
vn -1.22465e-16 0 -1 
vn -0.21497 0 -0.976621 
vn -0.108119 0 -0.994138 
vn -0.319302 0 -0.947653 
vn -0.21497 0 -0.976621 
vn -0.419889 0 -0.907575 
vn -0.319302 0 -0.947653 
vn -0.515554 0 -0.856857 
vn -0.419889 0 -0.907575 
vn -0.605174 0 -0.796093 
vn -0.515554 0 -0.856857 
vn -0.687699 0 -0.725995 
vn -0.605174 0 -0.796093 
vn -0.762162 0 -0.647386 
vn -0.687699 0 -0.725995 
vn -0.827689 0 -0.561187 
vn -0.762162 0 -0.647386 
vn -0.883512 0 -0.468408 
vn -0.827689 0 -0.561187 
vn -0.928977 0 -0.370138 
vn -0.883512 0 -0.468408 
vn -0.96355 0 -0.267528 
vn -0.928977 0 -0.370138 
vn -0.986827 0 -0.161782 
vn -0.96355 0 -0.267528 
vn -0.998533 0 -0.0541389 
vn -0.986827 0 -0.161782 
vn -0.998533 0 0.0541389 
vn -0.998533 0 -0.0541389 
vn -0.986827 0 0.161782 
vn -0.998533 0 0.0541389 
vn -0.96355 0 0.267528 
vn -0.986827 0 0.161782 
vn -0.928977 0 0.370138 
vn -0.96355 0 0.267528 
vn -0.883512 0 0.468408 
vn -0.928977 0 0.370138 
vn -0.827689 0 0.561187 
vn -0.883512 0 0.468408 
vn -0.762162 0 0.647386 
vn -0.827689 0 0.561187 
vn -0.687699 0 0.725995 
vn -0.762162 0 0.647386 
vn -0.605174 0 0.796093 
vn -0.687699 0 0.725995 
vn -0.515554 0 0.856857 
vn -0.605174 0 0.796093 
vn -0.419889 0 0.907575 
vn -0.515554 0 0.856857 
vn -0.319302 0 0.947653 
vn -0.419889 0 0.907575 
vn -0.21497 0 0.976621 
vn -0.319302 0 0.947653 
vn -0.108119 0 0.994138 
vn -0.21497 0 0.976621 
vn 0 -1 0 
vn 0.108119 0 0.994138 
vn 2.44929e-16 0 1 
vn 0.21497 0 0.976621 
vn 0.108119 0 0.994138 
vn 0.319302 0 0.947653 
vn 0.21497 0 0.976621 
vn 0.419889 0 0.907575 
vn 0.319302 0 0.947653 
vn 0.515554 0 0.856857 
vn 0.419889 0 0.907575 
vn 0.605174 0 0.796093 
vn 0.515554 0 0.856857 
vn 0.687699 0 0.725995 
vn 0.605174 0 0.796093 
vn 0.762162 0 0.647386 
vn 0.687699 0 0.725995 
vn 0.827689 0 0.561187 
vn 0.762162 0 0.647386 
vn 0.883512 0 0.468408 
vn 0.827689 0 0.561187 
vn 0.928977 0 0.370138 
vn 0.883512 0 0.468408 
vn 0.96355 0 0.267528 
vn 0.928977 0 0.370138 
vn 0.986827 0 0.161782 
vn 0.96355 0 0.267528 
vn 0.998533 0 0.0541389 
vn 0.986827 0 0.161782 
vn 0.998533 0 -0.0541389 
vn 0.998533 0 0.0541389 
vn 0.986827 0 -0.161782 
vn 0.998533 0 -0.0541389 
vn 0.96355 0 -0.267528 
vn 0.986827 0 -0.161782 
vn 0.928977 0 -0.370138 
vn 0.96355 0 -0.267528 
vn 0.883512 0 -0.468408 
vn 0.928977 0 -0.370138 
vn 0.827689 0 -0.561187 
vn 0.883512 0 -0.468408 
vn 0.762162 0 -0.647386 
vn 0.827689 0 -0.561187 
vn 0.687699 0 -0.725995 
vn 0.762162 0 -0.647386 
vn 0.605174 0 -0.796093 
vn 0.687699 0 -0.725995 
vn 0.515554 0 -0.856857 
vn 0.605174 0 -0.796093 
vn 0.419889 0 -0.907575 
vn 0.515554 0 -0.856857 
vn 0.319302 0 -0.947653 
vn 0.419889 0 -0.907575 
vn 0.21497 0 -0.976621 
vn 0.319302 0 -0.947653 
vn 0.108119 0 -0.994138 
vn 0.21497 0 -0.976621 
vn -1.22465e-16 0 -1 
vn 0.108119 0 -0.994138 
vn -0.108119 0 -0.994138 
vn -1.22465e-16 0 -1 
vn -0.21497 0 -0.976621 
vn -0.108119 0 -0.994138 
vn -0.319302 0 -0.947653 
vn -0.21497 0 -0.976621 
vn -0.419889 0 -0.907575 
vn -0.319302 0 -0.947653 
vn -0.515554 0 -0.856857 
vn -0.419889 0 -0.907575 
vn -0.605174 0 -0.796093 
vn -0.515554 0 -0.856857 
vn -0.687699 0 -0.725995 
vn -0.605174 0 -0.796093 
vn -0.762162 0 -0.647386 
vn -0.687699 0 -0.725995 
vn -0.827689 0 -0.561187 
vn -0.762162 0 -0.647386 
vn -0.883512 0 -0.468408 
vn -0.827689 0 -0.561187 
vn -0.928977 0 -0.370138 
vn -0.883512 0 -0.468408 
vn -0.96355 0 -0.267528 
vn -0.928977 0 -0.370138 
vn -0.986827 0 -0.161782 
vn -0.96355 0 -0.267528 
vn -0.998533 0 -0.0541389 
vn -0.986827 0 -0.161782 
vn -0.998533 0 0.0541389 
vn -0.998533 0 -0.0541389 
vn -0.986827 0 0.161782 
vn -0.998533 0 0.0541389 
vn -0.96355 0 0.267528 
vn -0.986827 0 0.161782 
vn -0.928977 0 0.370138 
vn -0.96355 0 0.267528 
vn -0.883512 0 0.468408 
vn -0.928977 0 0.370138 
vn -0.827689 0 0.561187 
vn -0.883512 0 0.468408 
vn -0.762162 0 0.647386 
vn -0.827689 0 0.561187 
vn -0.687699 0 0.725995 
vn -0.762162 0 0.647386 
vn -0.605174 0 0.796093 
vn -0.687699 0 0.725995 
vn -0.515554 0 0.856857 
vn -0.605174 0 0.796093 
vn -0.419889 0 0.907575 
vn -0.515554 0 0.856857 
vn -0.319302 0 0.947653 
vn -0.419889 0 0.907575 
vn -0.21497 0 0.976621 
vn -0.319302 0 0.947653 
vn -0.108119 0 0.994138 
vn -0.21497 0 0.976621 
vn -0.707107 -0.707107 0 
vn -0.707107 0.707107 0 
vn -0.702962 0.702962 0.108119 
vn -0.690575 0.690575 0.21497 
vn -0.670092 0.670092 0.319302 
vn -0.641753 0.641753 0.419889 
vn -0.60589 0.60589 0.515554 
vn -0.562923 0.562923 0.605174 
vn -0.513356 0.513356 0.687699 
vn -0.457771 0.457771 0.762162 
vn -0.396819 0.396819 0.827689 
vn -0.331215 0.331215 0.883512 
vn -0.261727 0.261727 0.928977 
vn -0.189171 0.189171 0.96355 
vn -0.114397 0.114397 0.986827 
vn -0.038282 0.038282 0.998533 
vn 0.038282 -0.038282 0.998533 
vn 0.114397 -0.114397 0.986827 
vn 0.189171 -0.189171 0.96355 
vn 0.261727 -0.261727 0.928977 
vn 0.331215 -0.331215 0.883512 
vn 0.396819 -0.396819 0.827689 
vn 0.457771 -0.457771 0.762162 
vn 0.513356 -0.513356 0.687699 
vn 0.562923 -0.562923 0.605174 
vn 0.60589 -0.60589 0.515554 
vn 0.641753 -0.641753 0.419889 
vn 0.670092 -0.670092 0.319302 
vn 0.690575 -0.690575 0.21497 
vn 0.702962 -0.702962 0.108119 
vn 0.707107 -0.707107 -1.22465e-16 
vn 0.702962 -0.702962 -0.108119 
vn 0.690575 -0.690575 -0.21497 
vn 0.670092 -0.670092 -0.319302 
vn 0.641753 -0.641753 -0.419889 
vn 0.60589 -0.60589 -0.515554 
vn 0.562923 -0.562923 -0.605174 
vn 0.513356 -0.513356 -0.687699 
vn 0.457771 -0.457771 -0.762162 
vn 0.396819 -0.396819 -0.827689 
vn 0.331215 -0.331215 -0.883512 
vn 0.261727 -0.261727 -0.928977 
vn 0.189171 -0.189171 -0.96355 
vn 0.114397 -0.114397 -0.986827 
vn 0.038282 -0.038282 -0.998533 
vn -0.038282 0.038282 -0.998533 
vn -0.114397 0.114397 -0.986827 
vn -0.189171 0.189171 -0.96355 
vn -0.261727 0.261727 -0.928977 
vn -0.331215 0.331215 -0.883512 
vn -0.396819 0.396819 -0.827689 
vn -0.457771 0.457771 -0.762162 
vn -0.513356 0.513356 -0.687699 
vn -0.562923 0.562923 -0.605174 
vn -0.60589 0.60589 -0.515554 
vn -0.641753 0.641753 -0.419889 
vn -0.670092 0.670092 -0.319302 
vn -0.690575 0.690575 -0.21497 
vn -0.702962 0.702962 -0.108119 
vn 0.707107 0.707107 0 
vn -0.99427 0.106895 0 
vn -1 2.44929e-16 0 
vn -0.977147 0.212565 0 
vn -0.99427 0.106895 0 
vn -0.948826 0.3158 0 
vn -0.977147 0.212565 0 
vn -0.909632 0.415415 0 
vn -0.948826 0.3158 0 
vn -0.860014 0.51027 0 
vn -0.909632 0.415415 0 
vn -0.800541 0.599278 0 
vn -0.860014 0.51027 0 
vn -0.731895 0.681418 0 
vn -0.800541 0.599278 0 
vn -0.654861 0.75575 0 
vn -0.731895 0.681418 0 
vn -0.570323 0.821421 0 
vn -0.654861 0.75575 0 
vn -0.479249 0.877679 0 
vn -0.570323 0.821421 0 
vn -0.382683 0.92388 0 
vn -0.479249 0.877679 0 
vn -0.281733 0.959493 0 
vn -0.382683 0.92388 0 
vn -0.177553 0.984111 0 
vn -0.281733 0.959493 0 
vn -0.0713392 0.997452 0 
vn -0.177553 0.984111 0 
vn 0.0356923 0.999363 0 
vn -0.0713392 0.997452 0 
vn 0.142315 0.989821 0 
vn 0.0356923 0.999363 0 
vn 0.247307 0.968937 0 
vn 0.142315 0.989821 0 
vn 0.349464 0.93695 0 
vn 0.247307 0.968937 0 
vn 0.447617 0.894225 0 
vn 0.349464 0.93695 0 
vn 0.540641 0.841254 0 
vn 0.447617 0.894225 0 
vn 0.627469 0.778642 0 
vn 0.540641 0.841254 0 
vn 0.707107 0.707107 0 
vn 0.627469 0.778642 0 
vn 0.707107 -0.707107 0 
vn 0.707107 0.707107 0 
vn -0.702962 -0.702962 0.108119 
vn -0.707107 -0.707107 2.44929e-16 
vn -0.690575 -0.690575 0.21497 
vn -0.702962 -0.702962 0.108119 
vn -0.670092 -0.670092 0.319302 
vn -0.690575 -0.690575 0.21497 
vn -0.641753 -0.641753 0.419889 
vn -0.670092 -0.670092 0.319302 
vn -0.60589 -0.60589 0.515554 
vn -0.641753 -0.641753 0.419889 
vn -0.562923 -0.562923 0.605174 
vn -0.60589 -0.60589 0.515554 
vn -0.513356 -0.513356 0.687699 
vn -0.562923 -0.562923 0.605174 
vn -0.457771 -0.457771 0.762162 
vn -0.513356 -0.513356 0.687699 
vn -0.396819 -0.396819 0.827689 
vn -0.457771 -0.457771 0.762162 
vn -0.331215 -0.331215 0.883512 
vn -0.396819 -0.396819 0.827689 
vn -0.261727 -0.261727 0.928977 
vn -0.331215 -0.331215 0.883512 
vn -0.189171 -0.189171 0.96355 
vn -0.261727 -0.261727 0.928977 
vn -0.114397 -0.114397 0.986827 
vn -0.189171 -0.189171 0.96355 
vn -0.038282 -0.038282 0.998533 
vn -0.114397 -0.114397 0.986827 
vn 0.038282 0.038282 0.998533 
vn -0.038282 -0.038282 0.998533 
vn 0.114397 0.114397 0.986827 
vn 0.038282 0.038282 0.998533 
vn 0.189171 0.189171 0.96355 
vn 0.114397 0.114397 0.986827 
vn 0.261727 0.261727 0.928977 
vn 0.189171 0.189171 0.96355 
vn 0.331215 0.331215 0.883512 
vn 0.261727 0.261727 0.928977 
vn 0.396819 0.396819 0.827689 
vn 0.331215 0.331215 0.883512 
vn 0.457771 0.457771 0.762162 
vn 0.396819 0.396819 0.827689 
vn 0.513356 0.513356 0.687699 
vn 0.457771 0.457771 0.762162 
vn 0.562923 0.562923 0.605174 
vn 0.513356 0.513356 0.687699 
vn 0.60589 0.60589 0.515554 
vn 0.562923 0.562923 0.605174 
vn 0.641753 0.641753 0.419889 
vn 0.60589 0.60589 0.515554 
vn 0.670092 0.670092 0.319302 
vn 0.641753 0.641753 0.419889 
vn 0.690575 0.690575 0.21497 
vn 0.670092 0.670092 0.319302 
vn 0.702962 0.702962 0.108119 
vn 0.690575 0.690575 0.21497 
vn 0.707107 0.707107 -1.22465e-16 
vn 0.702962 0.702962 0.108119 
vn 0.702962 0.702962 -0.108119 
vn 0.707107 0.707107 -1.22465e-16 
vn 0.690575 0.690575 -0.21497 
vn 0.702962 0.702962 -0.108119 
vn 0.670092 0.670092 -0.319302 
vn 0.690575 0.690575 -0.21497 
vn 0.641753 0.641753 -0.419889 
vn 0.670092 0.670092 -0.319302 
vn 0.60589 0.60589 -0.515554 
vn 0.641753 0.641753 -0.419889 
vn 0.562923 0.562923 -0.605174 
vn 0.60589 0.60589 -0.515554 
vn 0.513356 0.513356 -0.687699 
vn 0.562923 0.562923 -0.605174 
vn 0.457771 0.457771 -0.762162 
vn 0.513356 0.513356 -0.687699 
vn 0.396819 0.396819 -0.827689 
vn 0.457771 0.457771 -0.762162 
vn 0.331215 0.331215 -0.883512 
vn 0.396819 0.396819 -0.827689 
vn 0.261727 0.261727 -0.928977 
vn 0.331215 0.331215 -0.883512 
vn 0.189171 0.189171 -0.96355 
vn 0.261727 0.261727 -0.928977 
vn 0.114397 0.114397 -0.986827 
vn 0.189171 0.189171 -0.96355 
vn 0.038282 0.038282 -0.998533 
vn 0.114397 0.114397 -0.986827 
vn -0.038282 -0.038282 -0.998533 
vn 0.038282 0.038282 -0.998533 
vn -0.114397 -0.114397 -0.986827 
vn -0.038282 -0.038282 -0.998533 
vn -0.189171 -0.189171 -0.96355 
vn -0.114397 -0.114397 -0.986827 
vn -0.261727 -0.261727 -0.928977 
vn -0.189171 -0.189171 -0.96355 
vn -0.331215 -0.331215 -0.883512 
vn -0.261727 -0.261727 -0.928977 
vn -0.396819 -0.396819 -0.827689 
vn -0.331215 -0.331215 -0.883512 
vn -0.457771 -0.457771 -0.762162 
vn -0.396819 -0.396819 -0.827689 
vn -0.513356 -0.513356 -0.687699 
vn -0.457771 -0.457771 -0.762162 
vn -0.562923 -0.562923 -0.605174 
vn -0.513356 -0.513356 -0.687699 
vn -0.60589 -0.60589 -0.515554 
vn -0.562923 -0.562923 -0.605174 
vn -0.641753 -0.641753 -0.419889 
vn -0.60589 -0.60589 -0.515554 
vn -0.670092 -0.670092 -0.319302 
vn -0.641753 -0.641753 -0.419889 
vn -0.690575 -0.690575 -0.21497 
vn -0.670092 -0.670092 -0.319302 
vn -0.702962 -0.702962 -0.108119 
vn -0.690575 -0.690575 -0.21497 
vn -0.707107 0.707107 0 
vn -0.627469 0.778642 0 
vn -0.540641 0.841254 0 
vn -0.447617 0.894225 0 
vn -0.349464 0.93695 0 
vn -0.247307 0.968937 0 
vn -0.142315 0.989821 0 
vn -0.0356923 0.999363 0 
vn 0.0713392 0.997452 0 
vn 0.177553 0.984111 0 
vn 0.281733 0.959493 0 
vn 0.382683 0.92388 0 
vn 0.479249 0.877679 0 
vn 0.570323 0.821421 0 
vn 0.654861 0.75575 0 
vn 0.731895 0.681418 0 
vn 0.800541 0.599278 0 
vn 0.860014 0.51027 0 
vn 0.909632 0.415415 0 
vn 0.948826 0.3158 0 
vn 0.977147 0.212565 0 
vn 0.99427 0.106895 0 
vn 1 -1.22465e-16 0 
vn -1 0 0 
vn 0 1 0 
vn 0 0.108119 -0.994138 
vn 0 2.44929e-16 -1 
vn 0 0.21497 -0.976621 
vn 0 0.108119 -0.994138 
vn 0 0.319302 -0.947653 
vn 0 0.21497 -0.976621 
vn 0 0.419889 -0.907575 
vn 0 0.319302 -0.947653 
vn 0 0.515554 -0.856857 
vn 0 0.419889 -0.907575 
vn 0 0.605174 -0.796093 
vn 0 0.515554 -0.856857 
vn 0 0.687699 -0.725995 
vn 0 0.605174 -0.796093 
vn 0 0.762162 -0.647386 
vn 0 0.687699 -0.725995 
vn 0 0.827689 -0.561187 
vn 0 0.762162 -0.647386 
vn 0 0.883512 -0.468408 
vn 0 0.827689 -0.561187 
vn 0 0.928977 -0.370138 
vn 0 0.883512 -0.468408 
vn 0 0.96355 -0.267528 
vn 0 0.928977 -0.370138 
vn 0 0.986827 -0.161782 
vn 0 0.96355 -0.267528 
vn 0 0.998533 -0.0541389 
vn 0 0.986827 -0.161782 
vn 0 0.998533 0.0541389 
vn 0 0.998533 -0.0541389 
vn 0 0.986827 0.161782 
vn 0 0.998533 0.0541389 
vn 0 0.96355 0.267528 
vn 0 0.986827 0.161782 
vn 0 0.928977 0.370138 
vn 0 0.96355 0.267528 
vn 0 0.883512 0.468408 
vn 0 0.928977 0.370138 
vn 0 0.827689 0.561187 
vn 0 0.883512 0.468408 
vn 0 0.762162 0.647386 
vn 0 0.827689 0.561187 
vn 0 0.687699 0.725995 
vn 0 0.762162 0.647386 
vn 0 0.605174 0.796093 
vn 0 0.687699 0.725995 
vn 0 0.515554 0.856857 
vn 0 0.605174 0.796093 
vn 0 0.419889 0.907575 
vn 0 0.515554 0.856857 
vn 0 0.319302 0.947653 
vn 0 0.419889 0.907575 
vn 0 0.21497 0.976621 
vn 0 0.319302 0.947653 
vn 0 0.108119 0.994138 
vn 0 0.21497 0.976621 
vn 0 -1.22465e-16 1 
vn 0 0.108119 0.994138 
vn 0 -0.108119 0.994138 
vn 0 -1.22465e-16 1 
vn 0 -0.21497 0.976621 
vn 0 -0.108119 0.994138 
vn 0 -0.319302 0.947653 
vn 0 -0.21497 0.976621 
vn 0 -0.419889 0.907575 
vn 0 -0.319302 0.947653 
vn 0 -0.515554 0.856857 
vn 0 -0.419889 0.907575 
vn 0 -0.605174 0.796093 
vn 0 -0.515554 0.856857 
vn 0 -0.687699 0.725995 
vn 0 -0.605174 0.796093 
vn 0 -0.762162 0.647386 
vn 0 -0.687699 0.725995 
vn 0 -0.827689 0.561187 
vn 0 -0.762162 0.647386 
vn 0 -0.883512 0.468408 
vn 0 -0.827689 0.561187 
vn 0 -0.928977 0.370138 
vn 0 -0.883512 0.468408 
vn 0 -0.96355 0.267528 
vn 0 -0.928977 0.370138 
vn 0 -0.986827 0.161782 
vn 0 -0.96355 0.267528 
vn 0 -0.998533 0.0541389 
vn 0 -0.986827 0.161782 
vn 0 -0.998533 -0.0541389 
vn 0 -0.998533 0.0541389 
vn 0 -0.986827 -0.161782 
vn 0 -0.998533 -0.0541389 
vn 0 -0.96355 -0.267528 
vn 0 -0.986827 -0.161782 
vn 0 -0.928977 -0.370138 
vn 0 -0.96355 -0.267528 
vn 0 -0.883512 -0.468408 
vn 0 -0.928977 -0.370138 
vn 0 -0.827689 -0.561187 
vn 0 -0.883512 -0.468408 
vn 0 -0.762162 -0.647386 
vn 0 -0.827689 -0.561187 
vn 0 -0.687699 -0.725995 
vn 0 -0.762162 -0.647386 
vn 0 -0.605174 -0.796093 
vn 0 -0.687699 -0.725995 
vn 0 -0.515554 -0.856857 
vn 0 -0.605174 -0.796093 
vn 0 -0.419889 -0.907575 
vn 0 -0.515554 -0.856857 
vn 0 -0.319302 -0.947653 
vn 0 -0.419889 -0.907575 
vn 0 -0.21497 -0.976621 
vn 0 -0.319302 -0.947653 
vn 0 -0.108119 -0.994138 
vn 0 -0.21497 -0.976621 
vn 0 0.108119 -0.994138 
vn 0 2.44929e-16 -1 
vn 0 0.21497 -0.976621 
vn 0 0.108119 -0.994138 
vn 0 0.319302 -0.947653 
vn 0 0.21497 -0.976621 
vn 0 0.419889 -0.907575 
vn 0 0.319302 -0.947653 
vn 0 0.515554 -0.856857 
vn 0 0.419889 -0.907575 
vn 0 0.605174 -0.796093 
vn 0 0.515554 -0.856857 
vn 0 0.687699 -0.725995 
vn 0 0.605174 -0.796093 
vn 0 0.762162 -0.647386 
vn 0 0.687699 -0.725995 
vn 0 0.827689 -0.561187 
vn 0 0.762162 -0.647386 
vn 0 0.883512 -0.468408 
vn 0 0.827689 -0.561187 
vn 0 0.928977 -0.370138 
vn 0 0.883512 -0.468408 
vn 0 0.96355 -0.267528 
vn 0 0.928977 -0.370138 
vn 0 0.986827 -0.161782 
vn 0 0.96355 -0.267528 
vn 0 0.998533 -0.0541389 
vn 0 0.986827 -0.161782 
vn 0 0.998533 0.0541389 
vn 0 0.998533 -0.0541389 
vn 0 0.986827 0.161782 
vn 0 0.998533 0.0541389 
vn 0 0.96355 0.267528 
vn 0 0.986827 0.161782 
vn 0 0.928977 0.370138 
vn 0 0.96355 0.267528 
vn 0 0.883512 0.468408 
vn 0 0.928977 0.370138 
vn 0 0.827689 0.561187 
vn 0 0.883512 0.468408 
vn 0 0.762162 0.647386 
vn 0 0.827689 0.561187 
vn 0 0.687699 0.725995 
vn 0 0.762162 0.647386 
vn 0 0.605174 0.796093 
vn 0 0.687699 0.725995 
vn 0 0.515554 0.856857 
vn 0 0.605174 0.796093 
vn 0 0.419889 0.907575 
vn 0 0.515554 0.856857 
vn 0 0.319302 0.947653 
vn 0 0.419889 0.907575 
vn 0 0.21497 0.976621 
vn 0 0.319302 0.947653 
vn 0 0.108119 0.994138 
vn 0 0.21497 0.976621 
vn 0 -1.22465e-16 1 
vn 0 0.108119 0.994138 
vn 0 -0.108119 0.994138 
vn 0 -1.22465e-16 1 
vn 0 -0.21497 0.976621 
vn 0 -0.108119 0.994138 
vn 0 -0.319302 0.947653 
vn 0 -0.21497 0.976621 
vn 0 -0.419889 0.907575 
vn 0 -0.319302 0.947653 
vn 0 -0.515554 0.856857 
vn 0 -0.419889 0.907575 
vn 0 -0.605174 0.796093 
vn 0 -0.515554 0.856857 
vn 0 -0.687699 0.725995 
vn 0 -0.605174 0.796093 
vn 0 -0.762162 0.647386 
vn 0 -0.687699 0.725995 
vn 0 -0.827689 0.561187 
vn 0 -0.762162 0.647386 
vn 0 -0.883512 0.468408 
vn 0 -0.827689 0.561187 
vn 0 -0.928977 0.370138 
vn 0 -0.883512 0.468408 
vn 0 -0.96355 0.267528 
vn 0 -0.928977 0.370138 
vn 0 -0.986827 0.161782 
vn 0 -0.96355 0.267528 
vn 0 -0.998533 0.0541389 
vn 0 -0.986827 0.161782 
vn 0 -0.998533 -0.0541389 
vn 0 -0.998533 0.0541389 
vn 0 -0.986827 -0.161782 
vn 0 -0.998533 -0.0541389 
vn 0 -0.96355 -0.267528 
vn 0 -0.986827 -0.161782 
vn 0 -0.928977 -0.370138 
vn 0 -0.96355 -0.267528 
vn 0 -0.883512 -0.468408 
vn 0 -0.928977 -0.370138 
vn 0 -0.827689 -0.561187 
vn 0 -0.883512 -0.468408 
vn 0 -0.762162 -0.647386 
vn 0 -0.827689 -0.561187 
vn 0 -0.687699 -0.725995 
vn 0 -0.762162 -0.647386 
vn 0 -0.605174 -0.796093 
vn 0 -0.687699 -0.725995 
vn 0 -0.515554 -0.856857 
vn 0 -0.605174 -0.796093 
vn 0 -0.419889 -0.907575 
vn 0 -0.515554 -0.856857 
vn 0 -0.319302 -0.947653 
vn 0 -0.419889 -0.907575 
vn 0 -0.21497 -0.976621 
vn 0 -0.319302 -0.947653 
vn 0 -0.108119 -0.994138 
vn 0 -0.21497 -0.976621 
vn 1 0 0 
vn 0.994522 0.104528 0 
vn 0.978148 0.207912 0 
vn 0.951057 0.309017 0 
vn 0.913545 0.406737 0 
vn 0.866025 0.5 0 
vn 0.809017 0.587785 0 
vn 0.743145 0.669131 0 
vn 0.669131 0.743145 0 
vn 0.587785 0.809017 0 
vn 0.5 0.866025 0 
vn 0.406737 0.913545 0 
vn 0.309017 0.951057 0 
vn 0.207912 0.978148 0 
vn 0.104528 0.994522 0 
vn -1.83697e-16 1 0 
vn -0.994522 0.104528 0 
vn -1 2.44929e-16 0 
vn -0.978148 0.207912 0 
vn -0.994522 0.104528 0 
vn -0.951057 0.309017 0 
vn -0.978148 0.207912 0 
vn -0.913545 0.406737 0 
vn -0.951057 0.309017 0 
vn -0.866025 0.5 0 
vn -0.913545 0.406737 0 
vn -0.809017 0.587785 0 
vn -0.866025 0.5 0 
vn -0.743145 0.669131 0 
vn -0.809017 0.587785 0 
vn -0.669131 0.743145 0 
vn -0.743145 0.669131 0 
vn -0.587785 0.809017 0 
vn -0.669131 0.743145 0 
vn -0.5 0.866025 0 
vn -0.587785 0.809017 0 
vn -0.406737 0.913545 0 
vn -0.5 0.866025 0 
vn -0.309017 0.951057 0 
vn -0.406737 0.913545 0 
vn -0.207912 0.978148 0 
vn -0.309017 0.951057 0 
vn -0.104528 0.994522 0 
vn -0.207912 0.978148 0 
vn 1.83697e-16 1 0 
vn -0.104528 0.994522 0 
vn 0 0 1 
vn 0 0 -1 
vn 0 1 0 
vn 1 0 0 
vn -1 0 0 
vn 0 0.108119 -0.994138 
vn 0 2.44929e-16 -1 
vn 0 0.21497 -0.976621 
vn 0 0.108119 -0.994138 
vn 0 0.319302 -0.947653 
vn 0 0.21497 -0.976621 
vn 0 0.419889 -0.907575 
vn 0 0.319302 -0.947653 
vn 0 0.515554 -0.856857 
vn 0 0.419889 -0.907575 
vn 0 0.605174 -0.796093 
vn 0 0.515554 -0.856857 
vn 0 0.687699 -0.725995 
vn 0 0.605174 -0.796093 
vn 0 0.762162 -0.647386 
vn 0 0.687699 -0.725995 
vn 0 0.827689 -0.561187 
vn 0 0.762162 -0.647386 
vn 0 0.883512 -0.468408 
vn 0 0.827689 -0.561187 
vn 0 0.928977 -0.370138 
vn 0 0.883512 -0.468408 
vn 0 0.96355 -0.267528 
vn 0 0.928977 -0.370138 
vn 0 0.986827 -0.161782 
vn 0 0.96355 -0.267528 
vn 0 0.998533 -0.0541389 
vn 0 0.986827 -0.161782 
vn 0 0.998533 0.0541389 
vn 0 0.998533 -0.0541389 
vn 0 0.986827 0.161782 
vn 0 0.998533 0.0541389 
vn 0 0.96355 0.267528 
vn 0 0.986827 0.161782 
vn 0 0.928977 0.370138 
vn 0 0.96355 0.267528 
vn 0 0.883512 0.468408 
vn 0 0.928977 0.370138 
vn 0 0.827689 0.561187 
vn 0 0.883512 0.468408 
vn 0 0.762162 0.647386 
vn 0 0.827689 0.561187 
vn 0 0.687699 0.725995 
vn 0 0.762162 0.647386 
vn 0 0.605174 0.796093 
vn 0 0.687699 0.725995 
vn 0 0.515554 0.856857 
vn 0 0.605174 0.796093 
vn 0 0.419889 0.907575 
vn 0 0.515554 0.856857 
vn 0 0.319302 0.947653 
vn 0 0.419889 0.907575 
vn 0 0.21497 0.976621 
vn 0 0.319302 0.947653 
vn 0 0.108119 0.994138 
vn 0 0.21497 0.976621 
vn 0 -1.22465e-16 1 
vn 0 0.108119 0.994138 
vn 0 -0.108119 0.994138 
vn 0 -1.22465e-16 1 
vn 0 -0.21497 0.976621 
vn 0 -0.108119 0.994138 
vn 0 -0.319302 0.947653 
vn 0 -0.21497 0.976621 
vn 0 -0.419889 0.907575 
vn 0 -0.319302 0.947653 
vn 0 -0.515554 0.856857 
vn 0 -0.419889 0.907575 
vn 0 -0.605174 0.796093 
vn 0 -0.515554 0.856857 
vn 0 -0.687699 0.725995 
vn 0 -0.605174 0.796093 
vn 0 -0.762162 0.647386 
vn 0 -0.687699 0.725995 
vn 0 -0.827689 0.561187 
vn 0 -0.762162 0.647386 
vn 0 -0.883512 0.468408 
vn 0 -0.827689 0.561187 
vn 0 -0.928977 0.370138 
vn 0 -0.883512 0.468408 
vn 0 -0.96355 0.267528 
vn 0 -0.928977 0.370138 
vn 0 -0.986827 0.161782 
vn 0 -0.96355 0.267528 
vn 0 -0.998533 0.0541389 
vn 0 -0.986827 0.161782 
vn 0 -0.998533 -0.0541389 
vn 0 -0.998533 0.0541389 
vn 0 -0.986827 -0.161782 
vn 0 -0.998533 -0.0541389 
vn 0 -0.96355 -0.267528 
vn 0 -0.986827 -0.161782 
vn 0 -0.928977 -0.370138 
vn 0 -0.96355 -0.267528 
vn 0 -0.883512 -0.468408 
vn 0 -0.928977 -0.370138 
vn 0 -0.827689 -0.561187 
vn 0 -0.883512 -0.468408 
vn 0 -0.762162 -0.647386 
vn 0 -0.827689 -0.561187 
vn 0 -0.687699 -0.725995 
vn 0 -0.762162 -0.647386 
vn 0 -0.605174 -0.796093 
vn 0 -0.687699 -0.725995 
vn 0 -0.515554 -0.856857 
vn 0 -0.605174 -0.796093 
vn 0 -0.419889 -0.907575 
vn 0 -0.515554 -0.856857 
vn 0 -0.319302 -0.947653 
vn 0 -0.419889 -0.907575 
vn 0 -0.21497 -0.976621 
vn 0 -0.319302 -0.947653 
vn 0 -0.108119 -0.994138 
vn 0 -0.21497 -0.976621 
vn 0 0.108119 -0.994138 
vn 0 2.44929e-16 -1 
vn 0 0.21497 -0.976621 
vn 0 0.108119 -0.994138 
vn 0 0.319302 -0.947653 
vn 0 0.21497 -0.976621 
vn 0 0.419889 -0.907575 
vn 0 0.319302 -0.947653 
vn 0 0.515554 -0.856857 
vn 0 0.419889 -0.907575 
vn 0 0.605174 -0.796093 
vn 0 0.515554 -0.856857 
vn 0 0.687699 -0.725995 
vn 0 0.605174 -0.796093 
vn 0 0.762162 -0.647386 
vn 0 0.687699 -0.725995 
vn 0 0.827689 -0.561187 
vn 0 0.762162 -0.647386 
vn 0 0.883512 -0.468408 
vn 0 0.827689 -0.561187 
vn 0 0.928977 -0.370138 
vn 0 0.883512 -0.468408 
vn 0 0.96355 -0.267528 
vn 0 0.928977 -0.370138 
vn 0 0.986827 -0.161782 
vn 0 0.96355 -0.267528 
vn 0 0.998533 -0.0541389 
vn 0 0.986827 -0.161782 
vn 0 0.998533 0.0541389 
vn 0 0.998533 -0.0541389 
vn 0 0.986827 0.161782 
vn 0 0.998533 0.0541389 
vn 0 0.96355 0.267528 
vn 0 0.986827 0.161782 
vn 0 0.928977 0.370138 
vn 0 0.96355 0.267528 
vn 0 0.883512 0.468408 
vn 0 0.928977 0.370138 
vn 0 0.827689 0.561187 
vn 0 0.883512 0.468408 
vn 0 0.762162 0.647386 
vn 0 0.827689 0.561187 
vn 0 0.687699 0.725995 
vn 0 0.762162 0.647386 
vn 0 0.605174 0.796093 
vn 0 0.687699 0.725995 
vn 0 0.515554 0.856857 
vn 0 0.605174 0.796093 
vn 0 0.419889 0.907575 
vn 0 0.515554 0.856857 
vn 0 0.319302 0.947653 
vn 0 0.419889 0.907575 
vn 0 0.21497 0.976621 
vn 0 0.319302 0.947653 
vn 0 0.108119 0.994138 
vn 0 0.21497 0.976621 
vn 0 -1.22465e-16 1 
vn 0 0.108119 0.994138 
vn 0 -0.108119 0.994138 
vn 0 -1.22465e-16 1 
vn 0 -0.21497 0.976621 
vn 0 -0.108119 0.994138 
vn 0 -0.319302 0.947653 
vn 0 -0.21497 0.976621 
vn 0 -0.419889 0.907575 
vn 0 -0.319302 0.947653 
vn 0 -0.515554 0.856857 
vn 0 -0.419889 0.907575 
vn 0 -0.605174 0.796093 
vn 0 -0.515554 0.856857 
vn 0 -0.687699 0.725995 
vn 0 -0.605174 0.796093 
vn 0 -0.762162 0.647386 
vn 0 -0.687699 0.725995 
vn 0 -0.827689 0.561187 
vn 0 -0.762162 0.647386 
vn 0 -0.883512 0.468408 
vn 0 -0.827689 0.561187 
vn 0 -0.928977 0.370138 
vn 0 -0.883512 0.468408 
vn 0 -0.96355 0.267528 
vn 0 -0.928977 0.370138 
vn 0 -0.986827 0.161782 
vn 0 -0.96355 0.267528 
vn 0 -0.998533 0.0541389 
vn 0 -0.986827 0.161782 
vn 0 -0.998533 -0.0541389 
vn 0 -0.998533 0.0541389 
vn 0 -0.986827 -0.161782 
vn 0 -0.998533 -0.0541389 
vn 0 -0.96355 -0.267528 
vn 0 -0.986827 -0.161782 
vn 0 -0.928977 -0.370138 
vn 0 -0.96355 -0.267528 
vn 0 -0.883512 -0.468408 
vn 0 -0.928977 -0.370138 
vn 0 -0.827689 -0.561187 
vn 0 -0.883512 -0.468408 
vn 0 -0.762162 -0.647386 
vn 0 -0.827689 -0.561187 
vn 0 -0.687699 -0.725995 
vn 0 -0.762162 -0.647386 
vn 0 -0.605174 -0.796093 
vn 0 -0.687699 -0.725995 
vn 0 -0.515554 -0.856857 
vn 0 -0.605174 -0.796093 
vn 0 -0.419889 -0.907575 
vn 0 -0.515554 -0.856857 
vn 0 -0.319302 -0.947653 
vn 0 -0.419889 -0.907575 
vn 0 -0.21497 -0.976621 
vn 0 -0.319302 -0.947653 
vn 0 -0.108119 -0.994138 
vn 0 -0.21497 -0.976621 
usemtl 0.615686_0.811765_0.929412_0.000000_0.000000
o mesh0
f 1//1 2//2 3//2 
f 4//3 1//1 5//4 
f 6//5 4//3 7//6 
f 8//7 6//5 9//8 
f 10//9 8//7 11//10 
f 12//11 10//9 13//12 
f 14//13 12//11 15//14 
f 16//15 14//13 17//16 
f 18//17 16//15 19//18 
f 20//19 18//17 21//20 
f 22//21 20//19 23//22 
f 24//23 22//21 25//24 
f 26//25 24//23 27//26 
f 28//27 26//25 29//28 
f 30//29 28//27 31//30 
f 32//31 30//29 33//32 
f 34//33 32//31 35//34 
f 36//35 34//33 37//36 
f 38//37 36//35 39//38 
f 40//39 38//37 41//40 
f 42//41 40//39 43//42 
f 44//43 42//41 45//44 
f 46//45 44//43 47//46 
f 48//47 46//45 49//48 
f 50//49 48//47 51//50 
f 52//51 50//49 53//52 
f 54//53 52//51 55//54 
f 56//55 54//53 57//56 
f 58//57 56//55 59//58 
f 60//59 58//57 61//60 
f 62//61 60//59 63//62 
f 64//63 62//61 65//64 
f 66//65 64//63 67//66 
f 68//67 66//65 69//68 
f 70//69 68//67 71//70 
f 72//71 70//69 73//72 
f 74//73 72//71 75//74 
f 76//75 74//73 77//76 
f 78//77 76//75 79//78 
f 80//79 78//77 81//80 
f 82//81 80//79 83//82 
f 84//83 82//81 85//84 
f 86//85 84//83 87//86 
f 88//87 86//85 89//88 
f 90//89 88//87 91//90 
f 92//91 90//89 93//92 
f 94//93 92//91 95//94 
f 96//95 94//93 97//96 
f 98//97 96//95 99//98 
f 100//99 98//97 101//100 
f 102//101 100//99 103//102 
f 104//103 102//101 105//104 
f 106//105 104//103 107//106 
f 108//107 106//105 109//108 
f 110//109 108//107 111//110 
f 112//111 110//109 113//112 
f 114//113 112//111 115//114 
f 2//2 114//113 116//113 
f 116//113 3//2 2//2 
f 115//114 116//113 114//113 
f 113//112 115//114 112//111 
f 111//110 113//112 110//109 
f 109//108 111//110 108//107 
f 107//106 109//108 106//105 
f 105//104 107//106 104//103 
f 103//102 105//104 102//101 
f 101//100 103//102 100//99 
f 99//98 101//100 98//97 
f 97//96 99//98 96//95 
f 95//94 97//96 94//93 
f 93//92 95//94 92//91 
f 91//90 93//92 90//89 
f 89//88 91//90 88//87 
f 87//86 89//88 86//85 
f 85//84 87//86 84//83 
f 83//82 85//84 82//81 
f 81//80 83//82 80//79 
f 79//78 81//80 78//77 
f 77//76 79//78 76//75 
f 75//74 77//76 74//73 
f 73//72 75//74 72//71 
f 71//70 73//72 70//69 
f 69//68 71//70 68//67 
f 67//66 69//68 66//65 
f 65//64 67//66 64//63 
f 63//62 65//64 62//61 
f 61//60 63//62 60//59 
f 59//58 61//60 58//57 
f 57//56 59//58 56//55 
f 55//54 57//56 54//53 
f 53//52 55//54 52//51 
f 51//50 53//52 50//49 
f 49//48 51//50 48//47 
f 47//46 49//48 46//45 
f 45//44 47//46 44//43 
f 43//42 45//44 42//41 
f 41//40 43//42 40//39 
f 39//38 41//40 38//37 
f 37//36 39//38 36//35 
f 35//34 37//36 34//33 
f 33//32 35//34 32//31 
f 31//30 33//32 30//29 
f 29//28 31//30 28//27 
f 27//26 29//28 26//25 
f 25//24 27//26 24//23 
f 23//22 25//24 22//21 
f 21//20 23//22 20//19 
f 19//18 21//20 18//17 
f 17//16 19//18 16//15 
f 15//14 17//16 14//13 
f 13//12 15//14 12//11 
f 11//10 13//12 10//9 
f 9//8 11//10 8//7 
f 7//6 9//8 6//5 
f 5//4 7//6 4//3 
f 3//2 5//4 1//1 
o mesh1
f 117//115 118//115 91//115 
f 118//115 93//115 91//115 
f 119//115 27//115 25//115 
f 120//115 33//115 31//115 
f 118//115 95//115 93//115 
f 118//115 99//115 97//115 
f 25//115 23//115 119//115 
f 31//115 119//115 120//115 
f 91//115 89//115 117//115 
f 118//115 101//115 99//115 
f 119//115 11//115 9//115 
f 119//115 29//115 27//115 
f 120//115 35//115 33//115 
f 97//115 95//115 118//115 
f 118//115 105//115 103//115 
f 118//115 109//115 107//115 
f 118//115 115//115 113//115 
f 118//115 119//115 116//115 
f 9//115 7//115 119//115 
f 119//115 21//115 19//115 
f 31//115 29//115 119//115 
f 120//115 41//115 39//115 
f 120//115 47//115 45//115 
f 120//115 51//115 49//115 
f 117//115 79//115 77//115 
f 117//115 85//115 83//115 
f 103//115 101//115 118//115 
f 118//115 111//115 109//115 
f 116//115 115//115 118//115 
f 119//115 5//115 3//115 
f 119//115 13//115 11//115 
f 119//115 17//115 15//115 
f 23//115 21//115 119//115 
f 39//115 37//115 120//115 
f 45//115 43//115 120//115 
f 120//115 53//115 51//115 
f 77//115 75//115 117//115 
f 117//115 87//115 85//115 
f 107//115 105//115 118//115 
f 3//115 116//115 119//115 
f 15//115 13//115 119//115 
f 37//115 35//115 120//115 
f 49//115 47//115 120//115 
f 117//115 81//115 79//115 
f 89//115 87//115 117//115 
f 7//115 5//115 119//115 
f 43//115 41//115 120//115 
f 83//115 81//115 117//115 
f 19//115 17//115 119//115 
f 117//115 73//115 71//115 
f 113//115 111//115 118//115 
f 117//115 65//115 63//115 
f 117//115 69//115 67//115 
f 75//115 73//115 117//115 
f 63//115 120//115 117//115 
f 71//115 69//115 117//115 
f 120//115 57//115 55//115 
f 120//115 61//115 59//115 
f 67//115 65//115 117//115 
f 59//115 57//115 120//115 
f 55//115 53//115 120//115 
f 63//115 61//115 120//115 
o mesh2
f 121//116 117//115 120//115 
f 122//117 121//116 123//116 
f 124//118 122//117 125//117 
f 126//119 124//118 127//118 
f 128//120 126//119 129//119 
f 130//121 128//120 131//120 
f 132//122 130//121 133//121 
f 134//123 132//122 135//122 
f 136//124 134//123 137//123 
f 138//125 136//124 139//124 
f 140//126 138//125 141//125 
f 142//127 140//126 143//126 
f 144//128 142//127 145//127 
f 146//129 144//128 147//128 
f 148//130 146//129 149//129 
f 150//131 148//130 151//130 
f 152//132 150//131 153//131 
f 153//131 154//132 152//132 
f 151//130 153//131 150//131 
f 149//129 151//130 148//130 
f 147//128 149//129 146//129 
f 145//127 147//128 144//128 
f 143//126 145//127 142//127 
f 141//125 143//126 140//126 
f 139//124 141//125 138//125 
f 137//123 139//124 136//124 
f 135//122 137//123 134//123 
f 133//121 135//122 132//122 
f 131//120 133//121 130//121 
f 129//119 131//120 128//120 
f 127//118 129//119 126//119 
f 125//117 127//118 124//118 
f 123//116 125//117 122//117 
f 120//115 123//116 121//116 
o mesh3
f 123//133 120//134 155//135 
f 125//136 123//133 226//137 
f 127//138 125//136 227//139 
f 129//140 127//138 228//141 
f 131//142 129//140 229//143 
f 133//144 131//142 230//145 
f 135//146 133//144 231//147 
f 137//148 135//146 232//149 
f 137//148 233//150 234//151 
f 139//152 234//151 235//153 
f 141//154 235//153 236//155 
f 143//156 236//155 237//157 
f 145//158 237//157 238//159 
f 147//160 238//159 239//161 
f 149//162 239//161 240//163 
f 151//164 240//163 241//165 
f 153//166 241//165 156//167 
f 242//168 226//137 157//169 
f 226//137 155//135 157//169 
f 226//137 242//168 243//170 
f 227//139 243//170 244//171 
f 228//141 244//171 245//172 
f 229//143 245//172 246//173 
f 230//145 246//173 247//174 
f 231//147 247//174 248//175 
f 232//149 248//175 249//176 
f 233//150 249//176 250//177 
f 234//151 250//177 251//178 
f 235//153 251//178 252//179 
f 236//155 252//179 253//180 
f 237//157 253//180 254//181 
f 238//159 254//181 255//182 
f 239//161 255//182 256//183 
f 240//163 256//183 257//184 
f 257//184 158//185 159//186 
f 159//186 241//165 257//184 
f 242//168 160//187 161//188 
f 242//168 258//189 259//190 
f 243//170 259//190 260//191 
f 244//171 260//191 261//192 
f 245//172 261//192 262//193 
f 246//173 262//193 263//194 
f 247//174 263//194 264//195 
f 248//175 264//195 265//196 
f 249//176 265//196 266//197 
f 250//177 266//197 267//198 
f 251//178 267//198 268//199 
f 252//179 268//199 269//200 
f 253//180 269//200 270//201 
f 254//181 270//201 271//202 
f 255//182 271//202 272//203 
f 256//183 272//203 273//204 
f 257//184 273//204 162//205 
f 258//189 163//206 164//207 
f 258//189 161//188 163//206 
f 258//189 274//208 275//209 
f 259//190 275//209 276//210 
f 260//191 276//210 277//211 
f 261//192 277//211 278//212 
f 262//193 278//212 279//213 
f 263//194 279//213 280//214 
f 264//195 280//214 281//215 
f 265//196 281//215 282//216 
f 266//197 282//216 283//217 
f 267//198 283//217 284//218 
f 268//199 284//218 285//219 
f 269//200 285//219 286//220 
f 270//201 286//220 287//221 
f 271//202 287//221 288//222 
f 272//203 288//222 289//223 
f 273//204 289//223 165//224 
f 165//224 166//225 273//204 
f 274//208 164//207 167//226 
f 167//226 290//227 274//208 
f 274//208 290//227 291//228 
f 275//209 291//228 292//229 
f 276//210 292//229 293//230 
f 277//211 293//230 294//231 
f 278//212 294//231 295//232 
f 279//213 295//232 296//233 
f 280//214 296//233 297//234 
f 281//215 297//234 298//235 
f 282//216 298//235 299//236 
f 283//217 299//236 300//237 
f 284//218 300//237 301//238 
f 285//219 301//238 302//239 
f 286//220 302//239 303//240 
f 287//221 303//240 304//241 
f 288//222 304//241 305//242 
f 289//223 305//242 168//243 
f 290//227 169//244 170//245 
f 290//227 306//246 307//247 
f 291//228 307//247 308//248 
f 292//229 308//248 309//249 
f 293//230 309//249 310//250 
f 294//231 310//250 311//251 
f 295//232 311//251 312//252 
f 296//233 312//252 313//253 
f 297//234 313//253 314//254 
f 298//235 314//254 315//255 
f 299//236 315//255 316//256 
f 300//237 316//256 317//257 
f 301//238 317//257 318//258 
f 302//239 318//258 319//259 
f 303//240 319//259 320//260 
f 304//241 320//260 321//261 
f 305//242 321//261 171//262 
f 306//246 172//263 173//264 
f 306//246 170//245 172//263 
f 306//246 322//265 323//266 
f 307//247 323//266 324//267 
f 308//248 324//267 325//268 
f 309//249 325//268 326//269 
f 310//250 326//269 327//270 
f 311//251 327//270 328//271 
f 312//252 328//271 329//272 
f 313//253 329//272 330//273 
f 314//254 330//273 331//274 
f 315//255 331//274 332//275 
f 316//256 332//275 333//276 
f 317//257 333//276 334//277 
f 318//258 334//277 335//278 
f 319//259 335//278 336//279 
f 320//260 336//279 337//280 
f 321//261 337//280 174//281 
f 174//281 175//282 321//261 
f 322//265 176//283 177//284 
f 322//265 173//264 176//283 
f 322//265 338//285 339//286 
f 323//266 339//286 340//287 
f 324//267 340//287 341//288 
f 325//268 341//288 342//289 
f 326//269 342//289 343//290 
f 327//270 343//290 344//291 
f 328//271 344//291 345//292 
f 329//272 345//292 346//293 
f 330//273 346//293 347//294 
f 331//274 347//294 348//295 
f 332//275 348//295 349//296 
f 333//276 349//296 350//297 
f 334//277 350//297 351//298 
f 335//278 351//298 352//299 
f 336//279 352//299 353//300 
f 337//280 353//300 178//301 
f 178//301 179//302 337//280 
f 354//303 338//285 180//304 
f 338//285 177//284 180//304 
f 338//285 354//303 355//305 
f 339//286 355//305 356//306 
f 340//287 356//306 357//307 
f 341//288 357//307 358//308 
f 342//289 358//308 359//309 
f 343//290 359//309 360//310 
f 344//291 360//310 361//311 
f 345//292 361//311 362//312 
f 346//293 362//312 363//313 
f 347//294 363//313 364//314 
f 348//295 364//314 365//315 
f 349//296 365//315 366//316 
f 350//297 366//316 367//317 
f 351//298 367//317 368//318 
f 352//299 368//318 369//319 
f 369//319 181//320 182//321 
f 182//321 353//300 369//319 
f 370//322 354//303 183//323 
f 354//303 184//324 183//323 
f 354//303 370//322 371//325 
f 355//305 371//325 372//326 
f 356//306 372//326 373//327 
f 357//307 373//327 374//328 
f 358//308 374//328 375//329 
f 359//309 375//329 376//330 
f 360//310 376//330 377//331 
f 361//311 377//331 378//332 
f 362//312 378//332 379//333 
f 363//313 379//333 380//334 
f 364//314 380//334 381//335 
f 365//315 381//335 382//336 
f 366//316 382//336 383//337 
f 367//317 383//337 384//338 
f 368//318 384//338 385//339 
f 369//319 185//340 186//341 
f 385//339 187//342 185//340 
f 185//340 369//319 385//339 
f 370//322 188//343 189//344 
f 370//322 386//345 387//346 
f 371//325 387//346 388//347 
f 372//326 388//347 389//348 
f 373//327 389//348 390//349 
f 374//328 390//349 391//350 
f 375//329 391//350 392//351 
f 376//330 392//351 393//352 
f 377//331 393//352 394//353 
f 378//332 394//353 395//354 
f 379//333 395//354 396//355 
f 380//334 396//355 397//356 
f 381//335 397//356 398//357 
f 382//336 398//357 399//358 
f 383//337 399//358 400//359 
f 384//338 400//359 401//360 
f 385//339 401//360 190//361 
f 402//362 386//345 191//363 
f 386//345 189//344 191//363 
f 386//345 402//362 403//364 
f 387//346 403//364 404//365 
f 388//347 404//365 405//366 
f 389//348 405//366 406//367 
f 390//349 406//367 407//368 
f 391//350 407//368 408//369 
f 392//351 408//369 409//370 
f 393//352 409//370 410//371 
f 394//353 410//371 411//372 
f 395//354 411//372 412//373 
f 396//355 412//373 413//374 
f 397//356 413//374 414//375 
f 398//357 414//375 415//376 
f 399//358 415//376 416//377 
f 400//359 416//377 417//378 
f 401//360 417//378 192//379 
f 402//362 193//380 194//381 
f 402//362 418//382 419//383 
f 403//364 419//383 420//384 
f 404//365 420//384 421//385 
f 405//366 421//385 422//386 
f 406//367 422//386 423//387 
f 407//368 423//387 424//388 
f 408//369 424//388 425//389 
f 409//370 425//389 426//390 
f 410//371 426//390 427//391 
f 411//372 427//391 428//392 
f 412//373 428//392 429//393 
f 413//374 429//393 430//394 
f 414//375 430//394 431//395 
f 415//376 431//395 432//396 
f 416//377 432//396 433//397 
f 417//378 433//397 195//398 
f 418//382 196//399 197//400 
f 418//382 194//381 196//399 
f 418//382 434//401 435//402 
f 419//383 435//402 436//403 
f 420//384 436//403 437//404 
f 421//385 437//404 438//405 
f 422//386 438//405 439//406 
f 423//387 439//406 440//407 
f 424//388 440//407 441//408 
f 425//389 441//408 442//409 
f 426//390 442//409 443//410 
f 427//391 443//410 444//411 
f 428//392 444//411 445//412 
f 429//393 445//412 446//413 
f 430//394 446//413 447//414 
f 431//395 447//414 448//415 
f 432//396 448//415 449//416 
f 433//397 449//416 198//417 
f 198//417 199//418 433//397 
f 434//401 197//400 200//419 
f 200//419 450//420 434//401 
f 434//401 450//420 451//421 
f 435//402 451//421 452//422 
f 436//403 452//422 453//423 
f 437//404 453//423 454//424 
f 438//405 454//424 455//425 
f 439//406 455//425 456//426 
f 440//407 456//426 457//427 
f 441//408 457//427 458//428 
f 442//409 458//428 459//429 
f 443//410 459//429 460//430 
f 444//411 460//430 461//431 
f 445//412 461//431 462//432 
f 446//413 462//432 463//433 
f 447//414 463//433 464//434 
f 448//415 464//434 465//435 
f 449//416 465//435 201//436 
f 450//420 202//437 203//438 
f 450//420 466//439 467//440 
f 451//421 467//440 468//441 
f 452//422 468//441 469//442 
f 453//423 469//442 470//443 
f 454//424 470//443 471//444 
f 455//425 471//444 472//445 
f 456//426 472//445 473//446 
f 457//427 473//446 474//447 
f 458//428 474//447 475//448 
f 459//429 475//448 476//449 
f 460//430 476//449 477//450 
f 461//431 477//450 478//451 
f 462//432 478//451 479//452 
f 463//433 479//452 480//453 
f 464//434 480//453 481//454 
f 465//435 481//454 204//455 
f 466//439 205//456 206//457 
f 466//439 203//438 205//456 
f 466//439 482//458 483//459 
f 467//440 483//459 484//460 
f 468//441 484//460 485//461 
f 469//442 485//461 486//462 
f 470//443 486//462 487//463 
f 471//444 487//463 488//464 
f 472//445 488//464 489//465 
f 473//446 489//465 490//466 
f 474//447 490//466 491//467 
f 475//448 491//467 492//468 
f 476//449 492//468 493//469 
f 477//450 493//469 494//470 
f 478//451 494//470 495//471 
f 479//452 495//471 496//472 
f 480//453 496//472 497//473 
f 481//454 497//473 207//474 
f 207//474 208//475 481//454 
f 498//476 482//458 209//477 
f 482//458 206//457 209//477 
f 482//458 498//476 499//478 
f 483//459 499//478 500//479 
f 484//460 500//479 501//480 
f 485//461 501//480 502//481 
f 486//462 502//481 503//482 
f 487//463 503//482 504//483 
f 488//464 504//483 505//484 
f 489//465 505//484 506//485 
f 490//466 506//485 507//486 
f 491//467 507//486 508//487 
f 492//468 508//487 509//488 
f 493//469 509//488 510//489 
f 494//470 510//489 511//490 
f 495//471 511//490 512//491 
f 496//472 512//491 513//492 
f 513//492 210//493 211//494 
f 211//494 497//473 513//492 
f 498//476 212//495 213//496 
f 498//476 514//497 515//498 
f 499//478 515//498 516//499 
f 500//479 516//499 517//500 
f 501//480 517//500 518//501 
f 502//481 518//501 519//502 
f 503//482 519//502 520//503 
f 504//483 520//503 521//504 
f 505//484 521//504 522//505 
f 506//485 522//505 523//506 
f 507//486 523//506 524//507 
f 508//487 524//507 525//508 
f 509//488 525//508 526//509 
f 510//489 526//509 527//510 
f 511//490 527//510 528//511 
f 512//491 528//511 529//512 
f 513//492 529//512 214//513 
f 514//497 215//514 216//515 
f 514//497 213//496 215//514 
f 514//497 530//516 531//517 
f 515//498 531//517 532//518 
f 516//499 532//518 533//519 
f 517//500 533//519 534//520 
f 518//501 534//520 535//521 
f 519//502 535//521 536//522 
f 520//503 536//522 537//523 
f 521//504 537//523 538//524 
f 522//505 538//524 539//525 
f 523//506 539//525 540//526 
f 524//507 540//526 541//527 
f 525//508 541//527 542//528 
f 526//509 542//528 543//529 
f 527//510 543//529 544//530 
f 528//511 544//530 545//531 
f 529//512 545//531 217//532 
f 546//533 530//516 218//534 
f 530//516 216//515 218//534 
f 530//516 546//533 547//535 
f 531//517 547//535 548//536 
f 532//518 548//536 549//537 
f 533//519 549//537 550//538 
f 534//520 550//538 551//539 
f 535//521 551//539 552//540 
f 536//522 552//540 553//541 
f 537//523 553//541 554//542 
f 538//524 554//542 555//543 
f 539//525 555//543 556//544 
f 540//526 556//544 557//545 
f 541//527 557//545 558//546 
f 542//528 558//546 559//547 
f 543//529 559//547 560//548 
f 544//530 560//548 561//549 
f 561//549 219//550 220//551 
f 220//551 545//531 561//549 
f 546//533 221//552 222//553 
f 546//533 562//554 563//555 
f 547//535 563//555 564//556 
f 548//536 564//556 565//557 
f 549//537 565//557 566//558 
f 550//538 566//558 567//559 
f 551//539 567//559 568//560 
f 552//540 568//560 569//561 
f 553//541 569//561 570//562 
f 554//542 570//562 571//563 
f 555//543 571//563 572//564 
f 556//544 572//564 573//565 
f 557//545 573//565 574//566 
f 558//546 574//566 575//567 
f 559//547 575//567 576//568 
f 560//548 576//568 577//569 
f 577//569 223//570 224//571 
f 224//571 561//549 577//569 
f 223//570 577//569 225//572 
f 577//569 576//568 225//572 
f 576//568 575//567 225//572 
f 575//567 574//566 225//572 
f 574//566 573//565 225//572 
f 573//565 572//564 225//572 
f 572//564 571//563 225//572 
f 571//563 570//562 225//572 
f 570//562 569//561 225//572 
f 569//561 568//560 225//572 
f 568//560 567//559 225//572 
f 567//559 566//558 225//572 
f 566//558 565//557 225//572 
f 565//557 564//556 225//572 
f 564//556 563//555 225//572 
f 563//555 562//554 225//572 
f 562//554 222//553 225//572 
f 224//571 219//550 561//549 
f 577//569 561//549 560//548 
f 576//568 560//548 559//547 
f 575//567 559//547 558//546 
f 574//566 558//546 557//545 
f 573//565 557//545 556//544 
f 572//564 556//544 555//543 
f 571//563 555//543 554//542 
f 570//562 554//542 553//541 
f 569//561 553//541 552//540 
f 568//560 552//540 551//539 
f 567//559 551//539 550//538 
f 566//558 550//538 549//537 
f 565//557 549//537 548//536 
f 564//556 548//536 547//535 
f 563//555 547//535 546//533 
f 222//553 562//554 546//533 
f 220//551 217//532 545//531 
f 561//549 545//531 544//530 
f 560//548 544//530 543//529 
f 559//547 543//529 542//528 
f 558//546 542//528 541//527 
f 557//545 541//527 540//526 
f 556//544 540//526 539//525 
f 555//543 539//525 538//524 
f 554//542 538//524 537//523 
f 553//541 537//523 536//522 
f 552//540 536//522 535//521 
f 551//539 535//521 534//520 
f 550//538 534//520 533//519 
f 549//537 533//519 532//518 
f 548//536 532//518 531//517 
f 547//535 531//517 530//516 
f 218//534 221//552 546//533 
f 217//532 214//513 529//512 
f 545//531 529//512 528//511 
f 544//530 528//511 527//510 
f 543//529 527//510 526//509 
f 542//528 526//509 525//508 
f 541//527 525//508 524//507 
f 540//526 524//507 523//506 
f 539//525 523//506 522//505 
f 538//524 522//505 521//504 
f 537//523 521//504 520//503 
f 536//522 520//503 519//502 
f 535//521 519//502 518//501 
f 534//520 518//501 517//500 
f 533//519 517//500 516//499 
f 532//518 516//499 515//498 
f 531//517 515//498 514//497 
f 216//515 530//516 514//497 
f 214//513 210//493 513//492 
f 529//512 513//492 512//491 
f 528//511 512//491 511//490 
f 527//510 511//490 510//489 
f 526//509 510//489 509//488 
f 525//508 509//488 508//487 
f 524//507 508//487 507//486 
f 523//506 507//486 506//485 
f 522//505 506//485 505//484 
f 521//504 505//484 504//483 
f 520//503 504//483 503//482 
f 519//502 503//482 502//481 
f 518//501 502//481 501//480 
f 517//500 501//480 500//479 
f 516//499 500//479 499//478 
f 515//498 499//478 498//476 
f 213//496 514//497 498//476 
f 211//494 207//474 497//473 
f 513//492 497//473 496//472 
f 512//491 496//472 495//471 
f 511//490 495//471 494//470 
f 510//489 494//470 493//469 
f 509//488 493//469 492//468 
f 508//487 492//468 491//467 
f 507//486 491//467 490//466 
f 506//485 490//466 489//465 
f 505//484 489//465 488//464 
f 504//483 488//464 487//463 
f 503//482 487//463 486//462 
f 502//481 486//462 485//461 
f 501//480 485//461 484//460 
f 500//479 484//460 483//459 
f 499//478 483//459 482//458 
f 209//477 212//495 498//476 
f 208//475 204//455 481//454 
f 497//473 481//454 480//453 
f 496//472 480//453 479//452 
f 495//471 479//452 478//451 
f 494//470 478//451 477//450 
f 493//469 477//450 476//449 
f 492//468 476//449 475//448 
f 491//467 475//448 474//447 
f 490//466 474//447 473//446 
f 489//465 473//446 472//445 
f 488//464 472//445 471//444 
f 487//463 471//444 470//443 
f 486//462 470//443 469//442 
f 485//461 469//442 468//441 
f 484//460 468//441 467//440 
f 483//459 467//440 466//439 
f 206//457 482//458 466//439 
f 204//455 201//436 465//435 
f 481//454 465//435 464//434 
f 480//453 464//434 463//433 
f 479//452 463//433 462//432 
f 478//451 462//432 461//431 
f 477//450 461//431 460//430 
f 476//449 460//430 459//429 
f 475//448 459//429 458//428 
f 474//447 458//428 457//427 
f 473//446 457//427 456//426 
f 472//445 456//426 455//425 
f 471//444 455//425 454//424 
f 470//443 454//424 453//423 
f 469//442 453//423 452//422 
f 468//441 452//422 451//421 
f 467//440 451//421 450//420 
f 203//438 466//439 450//420 
f 201//436 198//417 449//416 
f 465//435 449//416 448//415 
f 464//434 448//415 447//414 
f 463//433 447//414 446//413 
f 462//432 446//413 445//412 
f 461//431 445//412 444//411 
f 460//430 444//411 443//410 
f 459//429 443//410 442//409 
f 458//428 442//409 441//408 
f 457//427 441//408 440//407 
f 456//426 440//407 439//406 
f 455//425 439//406 438//405 
f 454//424 438//405 437//404 
f 453//423 437//404 436//403 
f 452//422 436//403 435//402 
f 451//421 435//402 434//401 
f 200//419 202//437 450//420 
f 199//418 195//398 433//397 
f 449//416 433//397 432//396 
f 448//415 432//396 431//395 
f 447//414 431//395 430//394 
f 446//413 430//394 429//393 
f 445//412 429//393 428//392 
f 444//411 428//392 427//391 
f 443//410 427//391 426//390 
f 442//409 426//390 425//389 
f 441//408 425//389 424//388 
f 440//407 424//388 423//387 
f 439//406 423//387 422//386 
f 438//405 422//386 421//385 
f 437//404 421//385 420//384 
f 436//403 420//384 419//383 
f 435//402 419//383 418//382 
f 197//400 434//401 418//382 
f 195//398 192//379 417//378 
f 433//397 417//378 416//377 
f 432//396 416//377 415//376 
f 431//395 415//376 414//375 
f 430//394 414//375 413//374 
f 429//393 413//374 412//373 
f 428//392 412//373 411//372 
f 427//391 411//372 410//371 
f 426//390 410//371 409//370 
f 425//389 409//370 408//369 
f 424//388 408//369 407//368 
f 423//387 407//368 406//367 
f 422//386 406//367 405//366 
f 421//385 405//366 404//365 
f 420//384 404//365 403//364 
f 419//383 403//364 402//362 
f 194//381 418//382 402//362 
f 192//379 190//361 401//360 
f 417//378 401//360 400//359 
f 416//377 400//359 399//358 
f 415//376 399//358 398//357 
f 414//375 398//357 397//356 
f 413//374 397//356 396//355 
f 412//373 396//355 395//354 
f 411//372 395//354 394//353 
f 410//371 394//353 393//352 
f 409//370 393//352 392//351 
f 408//369 392//351 391//350 
f 407//368 391//350 390//349 
f 406//367 390//349 389//348 
f 405//366 389//348 388//347 
f 404//365 388//347 387//346 
f 403//364 387//346 386//345 
f 191//363 193//380 402//362 
f 190//361 187//342 385//339 
f 401//360 385//339 384//338 
f 400//359 384//338 383//337 
f 399//358 383//337 382//336 
f 398//357 382//336 381//335 
f 397//356 381//335 380//334 
f 396//355 380//334 379//333 
f 395//354 379//333 378//332 
f 394//353 378//332 377//331 
f 393//352 377//331 376//330 
f 392//351 376//330 375//329 
f 391//350 375//329 374//328 
f 390//349 374//328 373//327 
f 389//348 373//327 372//326 
f 388//347 372//326 371//325 
f 387//346 371//325 370//322 
f 189//344 386//345 370//322 
f 186//341 181//320 369//319 
f 385//339 369//319 368//318 
f 384//338 368//318 367//317 
f 383//337 367//317 366//316 
f 382//336 366//316 365//315 
f 381//335 365//315 364//314 
f 380//334 364//314 363//313 
f 379//333 363//313 362//312 
f 378//332 362//312 361//311 
f 377//331 361//311 360//310 
f 376//330 360//310 359//309 
f 375//329 359//309 358//308 
f 374//328 358//308 357//307 
f 373//327 357//307 356//306 
f 372//326 356//306 355//305 
f 371//325 355//305 354//303 
f 183//323 188//343 370//322 
f 182//321 178//301 353//300 
f 369//319 353//300 352//299 
f 368//318 352//299 351//298 
f 367//317 351//298 350//297 
f 366//316 350//297 349//296 
f 365//315 349//296 348//295 
f 364//314 348//295 347//294 
f 363//313 347//294 346//293 
f 362//312 346//293 345//292 
f 361//311 345//292 344//291 
f 360//310 344//291 343//290 
f 359//309 343//290 342//289 
f 358//308 342//289 341//288 
f 357//307 341//288 340//287 
f 356//306 340//287 339//286 
f 355//305 339//286 338//285 
f 180//304 184//324 354//303 
f 179//302 174//281 337//280 
f 353//300 337//280 336//279 
f 352//299 336//279 335//278 
f 351//298 335//278 334//277 
f 350//297 334//277 333//276 
f 349//296 333//276 332//275 
f 348//295 332//275 331//274 
f 347//294 331//274 330//273 
f 346//293 330//273 329//272 
f 345//292 329//272 328//271 
f 344//291 328//271 327//270 
f 343//290 327//270 326//269 
f 342//289 326//269 325//268 
f 341//288 325//268 324//267 
f 340//287 324//267 323//266 
f 339//286 323//266 322//265 
f 177//284 338//285 322//265 
f 175//282 171//262 321//261 
f 337//280 321//261 320//260 
f 336//279 320//260 319//259 
f 335//278 319//259 318//258 
f 334//277 318//258 317//257 
f 333//276 317//257 316//256 
f 332//275 316//256 315//255 
f 331//274 315//255 314//254 
f 330//273 314//254 313//253 
f 329//272 313//253 312//252 
f 328//271 312//252 311//251 
f 327//270 311//251 310//250 
f 326//269 310//250 309//249 
f 325//268 309//249 308//248 
f 324//267 308//248 307//247 
f 323//266 307//247 306//246 
f 173//264 322//265 306//246 
f 171//262 168//243 305//242 
f 321//261 305//242 304//241 
f 320//260 304//241 303//240 
f 319//259 303//240 302//239 
f 318//258 302//239 301//238 
f 317//257 301//238 300//237 
f 316//256 300//237 299//236 
f 315//255 299//236 298//235 
f 314//254 298//235 297//234 
f 313//253 297//234 296//233 
f 312//252 296//233 295//232 
f 311//251 295//232 294//231 
f 310//250 294//231 293//230 
f 309//249 293//230 292//229 
f 308//248 292//229 291//228 
f 307//247 291//228 290//227 
f 170//245 306//246 290//227 
f 168//243 165//224 289//223 
f 305//242 289//223 288//222 
f 304//241 288//222 287//221 
f 303//240 287//221 286//220 
f 302//239 286//220 285//219 
f 301//238 285//219 284//218 
f 300//237 284//218 283//217 
f 299//236 283//217 282//216 
f 298//235 282//216 281//215 
f 297//234 281//215 280//214 
f 296//233 280//214 279//213 
f 295//232 279//213 278//212 
f 294//231 278//212 277//211 
f 293//230 277//211 276//210 
f 292//229 276//210 275//209 
f 291//228 275//209 274//208 
f 167//226 169//244 290//227 
f 166//225 162//205 273//204 
f 289//223 273//204 272//203 
f 288//222 272//203 271//202 
f 287//221 271//202 270//201 
f 286//220 270//201 269//200 
f 285//219 269//200 268//199 
f 284//218 268//199 267//198 
f 283//217 267//198 266//197 
f 282//216 266//197 265//196 
f 281//215 265//196 264//195 
f 280//214 264//195 263//194 
f 279//213 263//194 262//193 
f 278//212 262//193 261//192 
f 277//211 261//192 260//191 
f 276//210 260//191 259//190 
f 275//209 259//190 258//189 
f 164//207 274//208 258//189 
f 162//205 158//185 257//184 
f 273//204 257//184 256//183 
f 272//203 256//183 255//182 
f 271//202 255//182 254//181 
f 270//201 254//181 253//180 
f 269//200 253//180 252//179 
f 268//199 252//179 251//178 
f 267//198 251//178 250//177 
f 266//197 250//177 249//176 
f 265//196 249//176 248//175 
f 264//195 248//175 247//174 
f 263//194 247//174 246//173 
f 262//193 246//173 245//172 
f 261//192 245//172 244//171 
f 260//191 244//171 243//170 
f 259//190 243//170 242//168 
f 161//188 258//189 242//168 
f 159//186 156//167 241//165 
f 257//184 241//165 240//163 
f 256//183 240//163 239//161 
f 255//182 239//161 238//159 
f 254//181 238//159 237//157 
f 253//180 237//157 236//155 
f 252//179 236//155 235//153 
f 251//178 235//153 234//151 
f 250//177 234//151 233//150 
f 249//176 233//150 232//149 
f 248//175 232//149 231//147 
f 247//174 231//147 230//145 
f 246//173 230//145 229//143 
f 245//172 229//143 228//141 
f 244//171 228//141 227//139 
f 243//170 227//139 226//137 
f 157//169 160//187 242//168 
f 156//167 154//573 153//166 
f 241//165 153//166 151//164 
f 240//163 151//164 149//162 
f 239//161 149//162 147//160 
f 238//159 147//160 145//158 
f 237//157 145//158 143//156 
f 236//155 143//156 141//154 
f 235//153 141//154 139//152 
f 234//151 139//152 137//148 
f 232//149 233//150 137//148 
f 231//147 232//149 135//146 
f 230//145 231//147 133//144 
f 229//143 230//145 131//142 
f 228//141 229//143 129//140 
f 227//139 228//141 127//138 
f 226//137 227//139 125//136 
f 155//135 226//137 123//133 
o mesh4
f 152//574 154//574 578//575 
f 579//576 580//575 581//577 
f 580//575 578//575 581//577 
f 582//578 579//576 583//579 
f 579//576 584//580 583//579 
f 585//581 582//578 586//582 
f 582//578 587//583 586//582 
f 585//581 588//584 589//585 
f 589//585 590//586 585//581 
f 585//581 591//587 588//584 
f 592//588 590//586 593//589 
f 590//586 594//590 593//589 
f 595//591 592//588 596//592 
f 592//588 597//593 596//592 
f 598//594 595//591 599//595 
f 595//591 600//596 599//595 
f 601//597 598//594 602//598 
f 598//594 603//599 602//598 
f 604//600 601//597 605//601 
f 601//597 606//602 605//601 
f 607//603 604//600 608//604 
f 604//600 609//605 608//604 
f 608//604 610//606 607//603 
f 605//601 609//605 604//600 
f 602//598 606//602 601//597 
f 599//595 603//599 598//594 
f 596//592 600//596 595//591 
f 593//589 597//593 592//588 
f 589//585 594//590 590//586 
f 586//582 591//587 585//581 
f 583//579 587//583 582//578 
f 581//577 584//580 579//576 
f 578//575 580//575 152//574 
o mesh5
f 611//606 607//606 610//606 
f 610//606 612//606 611//606 
o mesh6
f 613//607 610//606 608//608 
f 614//609 613//607 637//610 
f 615//611 614//609 638//612 
f 616//613 615//611 639//614 
f 617//615 616//613 640//616 
f 618//617 617//615 641//618 
f 619//619 618//617 642//620 
f 620//621 619//619 643//622 
f 621//623 620//621 644//624 
f 622//625 621//623 645//626 
f 623//627 622//625 646//628 
f 624//629 623//627 647//630 
f 625//631 624//629 648//632 
f 626//633 625//631 649//634 
f 627//635 626//633 650//636 
f 651//637 637//610 609//638 
f 637//610 608//608 609//638 
f 637//610 651//637 652//639 
f 638//612 652//639 653//640 
f 639//614 653//640 654//641 
f 640//616 654//641 655//642 
f 641//618 655//642 656//643 
f 642//620 656//643 657//644 
f 643//622 657//644 658//645 
f 644//624 658//645 659//646 
f 645//626 659//646 660//647 
f 646//628 660//647 661//648 
f 647//630 661//648 662//649 
f 648//632 662//649 663//650 
f 649//634 663//650 664//651 
f 628//652 650//636 664//651 
f 665//653 651//637 606//654 
f 651//637 605//655 606//654 
f 651//637 665//653 666//656 
f 652//639 666//656 667//657 
f 653//640 667//657 668//658 
f 654//641 668//658 669//659 
f 655//642 669//659 670//660 
f 656//643 670//660 671//661 
f 657//644 671//661 672//662 
f 658//645 672//662 673//663 
f 659//646 673//663 674//664 
f 660//647 674//664 675//665 
f 661//648 675//665 676//666 
f 662//649 676//666 677//667 
f 663//650 677//667 678//668 
f 629//669 664//651 678//668 
f 679//670 665//653 603//671 
f 665//653 602//672 603//671 
f 665//653 679//670 680//673 
f 666//656 680//673 681//674 
f 667//657 681//674 682//675 
f 668//658 682//675 683//676 
f 669//659 683//676 684//677 
f 670//660 684//677 685//678 
f 671//661 685//678 686//679 
f 672//662 686//679 687//680 
f 673//663 687//680 688//681 
f 674//664 688//681 689//682 
f 675//665 689//682 690//683 
f 676//666 690//683 691//684 
f 677//667 691//684 692//685 
f 630//686 678//668 692//685 
f 693//687 679//670 600//688 
f 679//670 599//689 600//688 
f 679//670 693//687 694//690 
f 680//673 694//690 695//691 
f 681//674 695//691 696//692 
f 682//675 696//692 697//693 
f 683//676 697//693 698//694 
f 684//677 698//694 699//695 
f 685//678 699//695 700//696 
f 686//679 700//696 701//697 
f 687//680 701//697 702//698 
f 688//681 702//698 703//699 
f 689//682 703//699 704//700 
f 690//683 704//700 705//701 
f 691//684 705//701 706//702 
f 631//703 692//685 706//702 
f 693//687 596//704 597//705 
f 597//705 707//706 693//687 
f 693//687 707//706 708//707 
f 694//690 708//707 709//708 
f 695//691 709//708 710//709 
f 696//692 710//709 711//710 
f 697//693 711//710 712//711 
f 698//694 712//711 713//712 
f 699//695 713//712 714//713 
f 700//696 714//713 715//714 
f 701//697 715//714 716//715 
f 702//698 716//715 717//716 
f 703//699 717//716 718//717 
f 704//700 718//717 719//718 
f 705//701 719//718 720//719 
f 632//720 706//702 720//719 
f 707//706 593//721 594//722 
f 594//722 721//723 707//706 
f 707//706 721//723 722//724 
f 708//707 722//724 723//725 
f 709//708 723//725 724//726 
f 710//709 724//726 725//727 
f 711//710 725//727 726//728 
f 712//711 726//728 727//729 
f 713//712 727//729 728//730 
f 714//713 728//730 729//731 
f 715//714 729//731 730//732 
f 716//715 730//732 731//733 
f 717//716 731//733 732//734 
f 718//717 732//734 733//735 
f 719//718 733//735 734//736 
f 633//737 720//719 734//736 
f 721//723 589//738 588//739 
f 721//723 735//740 736//741 
f 722//724 736//741 737//742 
f 723//725 737//742 738//743 
f 724//726 738//743 739//744 
f 725//727 739//744 740//745 
f 726//728 740//745 741//746 
f 727//729 741//746 742//747 
f 728//730 742//747 743//748 
f 729//731 743//748 744//749 
f 730//732 744//749 745//750 
f 731//733 745//750 746//751 
f 732//734 746//751 747//752 
f 733//735 747//752 748//753 
f 634//754 734//736 748//753 
f 749//755 735//740 591//756 
f 735//740 588//739 591//756 
f 735//740 749//755 750//757 
f 736//741 750//757 751//758 
f 737//742 751//758 752//759 
f 738//743 752//759 753//760 
f 739//744 753//760 754//761 
f 740//745 754//761 755//762 
f 741//746 755//762 756//763 
f 742//747 756//763 757//764 
f 743//748 757//764 758//765 
f 744//749 758//765 759//766 
f 745//750 759//766 760//767 
f 746//751 760//767 761//768 
f 747//752 761//768 762//769 
f 635//770 748//753 762//769 
f 763//771 749//755 587//772 
f 749//755 586//773 587//772 
f 749//755 763//771 764//774 
f 750//757 764//774 765//775 
f 751//758 765//775 766//776 
f 752//759 766//776 767//777 
f 753//760 767//777 768//778 
f 754//761 768//778 769//779 
f 755//762 769//779 770//780 
f 756//763 770//780 771//781 
f 757//764 771//781 772//782 
f 758//765 772//782 773//783 
f 759//766 773//783 774//784 
f 760//767 774//784 775//785 
f 761//768 775//785 776//786 
f 777//787 763//771 584//788 
f 763//771 583//789 584//788 
f 763//771 777//787 778//790 
f 764//774 778//790 779//791 
f 765//775 779//791 780//792 
f 766//776 780//792 781//793 
f 767//777 781//793 782//794 
f 578//795 154//796 156//797 
f 777//787 581//798 578//795 
f 578//795 159//799 777//787 
f 778//790 777//787 158//800 
f 777//787 159//799 158//800 
f 158//800 162//801 778//790 
f 779//791 778//790 165//802 
f 778//790 166//803 165//802 
f 779//791 168//804 171//805 
f 171//805 780//792 779//791 
f 781//793 780//792 174//806 
f 780//792 175//807 174//806 
f 782//794 781//793 178//808 
f 781//793 179//809 178//808 
f 782//794 182//810 181//811 
f 769//779 768//778 186//812 
f 768//778 782//794 186//812 
f 770//780 769//779 190//813 
f 769//779 185//814 187//815 
f 187//815 190//813 769//779 
f 770//780 192//816 195//817 
f 195//817 771//781 770//780 
f 772//782 771//781 198//818 
f 771//781 199//819 198//818 
f 772//782 201//820 204//821 
f 204//821 773//783 772//782 
f 774//784 773//783 207//822 
f 773//783 208//823 207//822 
f 774//784 210//824 214//825 
f 774//784 211//826 210//824 
f 776//786 775//785 217//827 
f 775//785 214//825 217//827 
f 776//786 220//828 219//829 
f 762//769 223//830 225//831 
f 762//769 776//786 224//832 
f 224//832 223//830 762//769 
f 225//831 636//831 762//769 
f 219//829 224//832 776//786 
f 217//827 220//828 776//786 
f 214//825 775//785 774//784 
f 207//822 211//826 774//784 
f 204//821 208//823 773//783 
f 198//818 201//820 772//782 
f 195//817 199//819 771//781 
f 190//813 192//816 770//780 
f 186//812 185//814 769//779 
f 181//811 186//812 782//794 
f 178//808 182//810 782//794 
f 174//806 179//809 781//793 
f 171//805 175//807 780//792 
f 165//802 168//804 779//791 
f 162//801 166//803 778//790 
f 156//797 159//799 578//795 
f 782//794 768//778 767//777 
f 781//793 767//777 766//776 
f 780//792 766//776 765//775 
f 779//791 765//775 764//774 
f 778//790 764//774 763//771 
f 584//788 581//798 777//787 
f 776//786 762//769 761//768 
f 775//785 761//768 760//767 
f 774//784 760//767 759//766 
f 773//783 759//766 758//765 
f 772//782 758//765 757//764 
f 771//781 757//764 756//763 
f 770//780 756//763 755//762 
f 769//779 755//762 754//761 
f 768//778 754//761 753//760 
f 767//777 753//760 752//759 
f 766//776 752//759 751//758 
f 765//775 751//758 750//757 
f 764//774 750//757 749//755 
f 587//772 583//789 763//771 
f 762//769 636//831 635//770 
f 762//769 748//753 747//752 
f 761//768 747//752 746//751 
f 760//767 746//751 745//750 
f 759//766 745//750 744//749 
f 758//765 744//749 743//748 
f 757//764 743//748 742//747 
f 756//763 742//747 741//746 
f 755//762 741//746 740//745 
f 754//761 740//745 739//744 
f 753//760 739//744 738//743 
f 752//759 738//743 737//742 
f 751//758 737//742 736//741 
f 750//757 736//741 735//740 
f 591//756 586//773 749//755 
f 748//753 635//770 634//754 
f 748//753 734//736 733//735 
f 747//752 733//735 732//734 
f 746//751 732//734 731//733 
f 745//750 731//733 730//732 
f 744//749 730//732 729//731 
f 743//748 729//731 728//730 
f 742//747 728//730 727//729 
f 741//746 727//729 726//728 
f 740//745 726//728 725//727 
f 739//744 725//727 724//726 
f 738//743 724//726 723//725 
f 737//742 723//725 722//724 
f 736//741 722//724 721//723 
f 588//739 735//740 721//723 
f 734//736 634//754 633//737 
f 734//736 720//719 719//718 
f 733//735 719//718 718//717 
f 732//734 718//717 717//716 
f 731//733 717//716 716//715 
f 730//732 716//715 715//714 
f 729//731 715//714 714//713 
f 728//730 714//713 713//712 
f 727//729 713//712 712//711 
f 726//728 712//711 711//710 
f 725//727 711//710 710//709 
f 724//726 710//709 709//708 
f 723//725 709//708 708//707 
f 722//724 708//707 707//706 
f 594//722 589//738 721//723 
f 720//719 633//737 632//720 
f 720//719 706//702 705//701 
f 719//718 705//701 704//700 
f 718//717 704//700 703//699 
f 717//716 703//699 702//698 
f 716//715 702//698 701//697 
f 715//714 701//697 700//696 
f 714//713 700//696 699//695 
f 713//712 699//695 698//694 
f 712//711 698//694 697//693 
f 711//710 697//693 696//692 
f 710//709 696//692 695//691 
f 709//708 695//691 694//690 
f 708//707 694//690 693//687 
f 597//705 593//721 707//706 
f 706//702 632//720 631//703 
f 706//702 692//685 691//684 
f 705//701 691//684 690//683 
f 704//700 690//683 689//682 
f 703//699 689//682 688//681 
f 702//698 688//681 687//680 
f 701//697 687//680 686//679 
f 700//696 686//679 685//678 
f 699//695 685//678 684//677 
f 698//694 684//677 683//676 
f 697//693 683//676 682//675 
f 696//692 682//675 681//674 
f 695//691 681//674 680//673 
f 694//690 680//673 679//670 
f 600//688 596//704 693//687 
f 692//685 631//703 630//686 
f 692//685 678//668 677//667 
f 691//684 677//667 676//666 
f 690//683 676//666 675//665 
f 689//682 675//665 674//664 
f 688//681 674//664 673//663 
f 687//680 673//663 672//662 
f 686//679 672//662 671//661 
f 685//678 671//661 670//660 
f 684//677 670//660 669//659 
f 683//676 669//659 668//658 
f 682//675 668//658 667//657 
f 681//674 667//657 666//656 
f 680//673 666//656 665//653 
f 603//671 599//689 679//670 
f 678//668 630//686 629//669 
f 678//668 664//651 663//650 
f 677//667 663//650 662//649 
f 676//666 662//649 661//648 
f 675//665 661//648 660//647 
f 674//664 660//647 659//646 
f 673//663 659//646 658//645 
f 672//662 658//645 657//644 
f 671//661 657//644 656//643 
f 670//660 656//643 655//642 
f 669//659 655//642 654//641 
f 668//658 654//641 653//640 
f 667//657 653//640 652//639 
f 666//656 652//639 651//637 
f 606//654 602//672 665//653 
f 664//651 629//669 628//652 
f 664//651 650//636 649//634 
f 663//650 649//634 648//632 
f 662//649 648//632 647//630 
f 661//648 647//630 646//628 
f 660//647 646//628 645//626 
f 659//646 645//626 644//624 
f 658//645 644//624 643//622 
f 657//644 643//622 642//620 
f 656//643 642//620 641//618 
f 655//642 641//618 640//616 
f 654//641 640//616 639//614 
f 653//640 639//614 638//612 
f 652//639 638//612 637//610 
f 609//638 605//655 651//637 
f 650//636 628//652 627//635 
f 649//634 650//636 626//633 
f 648//632 649//634 625//631 
f 647//630 648//632 624//629 
f 646//628 647//630 623//627 
f 645//626 646//628 622//625 
f 644//624 645//626 621//623 
f 643//622 644//624 620//621 
f 642//620 643//622 619//619 
f 641//618 642//620 618//617 
f 640//616 641//618 617//615 
f 639//614 640//616 616//613 
f 638//612 639//614 615//611 
f 637//610 638//612 614//609 
f 608//608 637//610 613//607 
o mesh7
f 626//833 627//834 783//834 
f 625//835 626//833 784//836 
f 624//837 625//835 785//838 
f 623//839 624//837 786//840 
f 622//841 623//839 787//842 
f 621//843 622//841 788//844 
f 620//845 621//843 789//846 
f 619//847 620//845 790//848 
f 618//849 619//847 791//850 
f 617//851 618//849 792//852 
f 616//853 617//851 793//854 
f 615//855 616//853 794//856 
f 614//857 615//855 795//858 
f 613//859 614//857 796//860 
f 610//861 613//859 797//862 
f 797//862 612//861 610//861 
f 796//860 797//862 613//859 
f 795//858 796//860 614//857 
f 794//856 795//858 615//855 
f 793//854 794//856 616//853 
f 792//852 793//854 617//851 
f 791//850 792//852 618//849 
f 790//848 791//850 619//847 
f 789//846 790//848 620//845 
f 788//844 789//846 621//843 
f 787//842 788//844 622//841 
f 786//840 787//842 623//839 
f 785//838 786//840 624//837 
f 784//836 785//838 625//835 
f 783//834 784//836 626//833 
o mesh8
f 798//863 799//864 800//864 
f 801//865 798//863 802//866 
f 803//867 801//865 804//868 
f 805//869 803//867 806//870 
f 807//871 805//869 808//872 
f 809//873 807//871 810//874 
f 811//875 809//873 812//876 
f 813//877 811//875 814//878 
f 815//879 813//877 816//880 
f 817//881 815//879 818//882 
f 819//883 817//881 820//884 
f 821//885 819//883 822//886 
f 823//887 821//885 824//888 
f 825//889 823//887 826//890 
f 612//891 825//889 827//892 
f 827//892 611//891 612//891 
f 826//890 827//892 825//889 
f 824//888 826//890 823//887 
f 822//886 824//888 821//885 
f 820//884 822//886 819//883 
f 818//882 820//884 817//881 
f 816//880 818//882 815//879 
f 814//878 816//880 813//877 
f 812//876 814//878 811//875 
f 810//874 812//876 809//873 
f 808//872 810//874 807//871 
f 806//870 808//872 805//869 
f 804//868 806//870 803//867 
f 802//866 804//868 801//865 
f 800//864 802//866 798//863 
o mesh9
f 120//893 119//893 828//894 
f 155//895 828//894 829//896 
f 829//896 157//897 155//895 
f 829//896 161//898 160//899 
f 161//898 830//900 831//901 
f 161//898 829//896 830//900 
f 831//901 163//902 161//898 
f 164//903 832//904 833//905 
f 164//903 831//901 832//904 
f 833//905 167//906 164//903 
f 170//907 834//908 835//909 
f 835//909 172//910 170//907 
f 170//907 169//911 834//908 
f 167//906 833//905 834//908 
f 173//912 836//913 837//914 
f 837//914 176//915 173//912 
f 172//910 835//909 836//913 
f 177//916 837//914 838//917 
f 838//917 180//918 177//916 
f 184//919 838//917 839//920 
f 839//920 183//921 184//919 
f 839//920 189//922 188//923 
f 189//922 839//920 840//924 
f 840//924 191//925 189//922 
f 194//926 840//924 841//927 
f 841//927 196//928 194//926 
f 194//926 193//929 840//924 
f 197//930 841//927 842//931 
f 842//931 200//932 197//930 
f 203//933 842//931 843//934 
f 843//934 205//935 203//933 
f 203//933 202//936 842//931 
f 206//937 843//934 844//938 
f 844//938 209//939 206//937 
f 844//938 213//940 212//941 
f 213//940 844//938 845//942 
f 845//942 215//943 213//940 
f 216//944 845//942 846//945 
f 846//945 218//946 216//944 
f 222//947 846//945 847//948 
f 847//948 225//948 222//947 
f 222//947 221//949 846//945 
f 221//949 218//946 846//945 
f 216//944 215//943 845//942 
f 212//941 209//939 844//938 
f 206//937 205//935 843//934 
f 202//936 200//932 842//931 
f 197//930 196//928 841//927 
f 193//929 191//925 840//924 
f 188//923 183//921 839//920 
f 184//919 180//918 838//917 
f 177//916 176//915 837//914 
f 173//912 172//910 836//913 
f 169//911 167//906 834//908 
f 164//903 163//902 831//901 
f 160//899 157//897 829//896 
f 828//894 155//895 120//893 
o mesh10
f 828//950 848//950 849//951 
f 828//950 850//952 848//950 
f 849//951 829//951 828//950 
f 830//953 851//953 852//954 
f 852//954 831//954 830//953 
f 829//951 849//951 851//953 
f 832//955 853//955 854//956 
f 832//955 852//954 853//955 
f 854//956 833//956 832//955 
f 834//957 855//957 856//958 
f 834//957 854//956 855//957 
f 856//958 835//958 834//957 
f 836//959 857//959 858//960 
f 836//959 856//958 857//959 
f 858//960 837//960 836//959 
f 858//960 859//961 838//961 
f 838//961 859//961 860//962 
f 839//962 860//962 861//963 
f 840//963 861//963 862//964 
f 841//964 862//964 863//965 
f 842//965 863//965 864//966 
f 864//966 865//967 844//967 
f 844//967 865//967 866//968 
f 845//968 866//968 867//969 
f 846//969 867//969 868//970 
f 868//970 847//970 846//969 
f 867//969 846//969 845//968 
f 866//968 845//968 844//967 
f 844//967 843//971 864//966 
f 864//966 843//971 842//965 
f 863//965 842//965 841//964 
f 862//964 841//964 840//963 
f 861//963 840//963 839//962 
f 860//962 839//962 838//961 
f 838//961 837//960 858//960 
f 836//959 835//958 856//958 
f 834//957 833//956 854//956 
f 832//955 831//954 852//954 
f 830//953 829//951 851//953 
f 828//950 119//972 850//952 
o mesh11
f 869//973 883//974 884//975 
f 883//974 885//976 886//977 
f 885//976 887//978 888//979 
f 887//978 889//980 890//981 
f 889//980 891//982 892//983 
f 891//982 893//984 894//985 
f 893//984 895//986 896//987 
f 895//986 897//988 898//989 
f 897//988 899//990 900//991 
f 899//990 901//992 902//993 
f 901//992 903//994 904//995 
f 903//994 905//996 906//997 
f 905//996 907//998 908//999 
f 907//998 909//1000 910//1001 
f 909//1000 798//1002 801//1003 
f 870//1004 884//975 911//1005 
f 884//975 886//977 912//1006 
f 886//977 888//979 913//1007 
f 888//979 890//981 914//1008 
f 890//981 892//983 915//1009 
f 892//983 894//985 916//1010 
f 894//985 896//987 917//1011 
f 896//987 898//989 918//1012 
f 898//989 900//991 919//1013 
f 900//991 902//993 920//1014 
f 902//993 904//995 921//1015 
f 904//995 906//997 922//1016 
f 906//997 908//999 923//1017 
f 908//999 910//1001 924//1018 
f 910//1001 801//1003 803//1019 
f 871//1020 911//1005 925//1021 
f 911//1005 912//1006 926//1022 
f 912//1006 913//1007 927//1023 
f 913//1007 914//1008 928//1024 
f 914//1008 915//1009 929//1025 
f 915//1009 916//1010 930//1026 
f 916//1010 917//1011 931//1027 
f 917//1011 918//1012 932//1028 
f 918//1012 919//1013 933//1029 
f 919//1013 920//1014 934//1030 
f 920//1014 921//1015 935//1031 
f 921//1015 922//1016 936//1032 
f 922//1016 923//1017 937//1033 
f 923//1017 924//1018 938//1034 
f 924//1018 803//1019 805//1035 
f 872//1036 925//1021 939//1037 
f 925//1021 926//1022 940//1038 
f 926//1022 927//1023 941//1039 
f 927//1023 928//1024 942//1040 
f 928//1024 929//1025 943//1041 
f 929//1025 930//1026 944//1042 
f 930//1026 931//1027 945//1043 
f 931//1027 932//1028 946//1044 
f 932//1028 933//1029 947//1045 
f 933//1029 934//1030 948//1046 
f 934//1030 935//1031 949//1047 
f 935//1031 936//1032 950//1048 
f 936//1032 937//1033 951//1049 
f 937//1033 938//1034 952//1050 
f 938//1034 805//1035 807//1051 
f 873//1052 939//1037 953//1053 
f 939//1037 940//1038 954//1054 
f 940//1038 941//1039 955//1055 
f 941//1039 942//1040 956//1056 
f 942//1040 943//1041 957//1057 
f 943//1041 944//1042 958//1058 
f 944//1042 945//1043 959//1059 
f 945//1043 946//1044 960//1060 
f 946//1044 947//1045 961//1061 
f 947//1045 948//1046 962//1062 
f 948//1046 949//1047 963//1063 
f 949//1047 950//1048 964//1064 
f 950//1048 951//1049 965//1065 
f 951//1049 952//1050 966//1066 
f 952//1050 807//1051 809//1067 
f 874//1068 953//1053 967//1069 
f 953//1053 954//1054 968//1070 
f 954//1054 955//1055 969//1071 
f 955//1055 956//1056 970//1072 
f 956//1056 957//1057 971//1073 
f 957//1057 958//1058 972//1074 
f 958//1058 959//1059 973//1075 
f 959//1059 960//1060 974//1076 
f 960//1060 961//1061 975//1077 
f 961//1061 962//1062 976//1078 
f 962//1062 963//1063 977//1079 
f 963//1063 964//1064 978//1080 
f 964//1064 965//1065 979//1081 
f 965//1065 966//1066 980//1082 
f 966//1066 809//1067 811//1083 
f 875//1084 967//1069 981//1085 
f 967//1069 968//1070 982//1086 
f 968//1070 969//1071 983//1087 
f 969//1071 970//1072 984//1088 
f 970//1072 971//1073 985//1089 
f 971//1073 972//1074 986//1090 
f 972//1074 973//1075 987//1091 
f 973//1075 974//1076 988//1092 
f 974//1076 975//1077 989//1093 
f 975//1077 976//1078 990//1094 
f 976//1078 977//1079 991//1095 
f 977//1079 978//1080 992//1096 
f 978//1080 979//1081 993//1097 
f 979//1081 980//1082 994//1098 
f 980//1082 811//1083 813//1099 
f 876//1100 981//1085 995//1101 
f 981//1085 982//1086 996//1102 
f 982//1086 983//1087 997//1103 
f 983//1087 984//1088 998//1104 
f 984//1088 985//1089 999//1105 
f 985//1089 986//1090 1000//1106 
f 986//1090 987//1091 1001//1107 
f 987//1091 988//1092 1002//1108 
f 988//1092 989//1093 1003//1109 
f 989//1093 990//1094 1004//1110 
f 990//1094 991//1095 1005//1111 
f 991//1095 992//1096 1006//1112 
f 992//1096 993//1097 1007//1113 
f 993//1097 994//1098 1008//1114 
f 994//1098 813//1099 815//1115 
f 877//1116 995//1101 1009//1117 
f 995//1101 996//1102 1010//1118 
f 996//1102 997//1103 1011//1119 
f 997//1103 998//1104 1012//1120 
f 998//1104 999//1105 1013//1121 
f 999//1105 1000//1106 1014//1122 
f 1000//1106 1001//1107 1015//1123 
f 1001//1107 1002//1108 1016//1124 
f 1002//1108 1003//1109 1017//1125 
f 1003//1109 1004//1110 1018//1126 
f 1004//1110 1005//1111 1019//1127 
f 1005//1111 1006//1112 1020//1128 
f 1006//1112 1007//1113 1021//1129 
f 1007//1113 1008//1114 1022//1130 
f 1008//1114 815//1115 817//1131 
f 878//1132 1009//1117 1023//1133 
f 1009//1117 1010//1118 1024//1134 
f 1010//1118 1011//1119 1025//1135 
f 1011//1119 1012//1120 1026//1136 
f 1012//1120 1013//1121 1027//1137 
f 1013//1121 1014//1122 1028//1138 
f 1014//1122 1015//1123 1029//1139 
f 1015//1123 1016//1124 1030//1140 
f 1016//1124 1017//1125 1031//1141 
f 1017//1125 1018//1126 1032//1142 
f 1018//1126 1019//1127 1033//1143 
f 1019//1127 1020//1128 1034//1144 
f 1020//1128 1021//1129 1035//1145 
f 1021//1129 1022//1130 1036//1146 
f 1022//1130 817//1131 819//1147 
f 879//1148 1023//1133 1037//1149 
f 1023//1133 1024//1134 1038//1150 
f 1024//1134 1025//1135 1039//1151 
f 1025//1135 1026//1136 1040//1152 
f 1026//1136 1027//1137 1041//1153 
f 1027//1137 1028//1138 1042//1154 
f 1028//1138 1029//1139 1043//1155 
f 1029//1139 1030//1140 1044//1156 
f 1030//1140 1031//1141 1045//1157 
f 1031//1141 1032//1142 1046//1158 
f 1032//1142 1033//1143 1047//1159 
f 1033//1143 1034//1144 1048//1160 
f 1034//1144 1035//1145 1049//1161 
f 1035//1145 1036//1146 1050//1162 
f 1036//1146 819//1147 821//1163 
f 880//1164 1037//1149 1051//1165 
f 1037//1149 1038//1150 1052//1166 
f 1038//1150 1039//1151 1053//1167 
f 1039//1151 1040//1152 1054//1168 
f 1040//1152 1041//1153 1055//1169 
f 1041//1153 1042//1154 1056//1170 
f 1042//1154 1043//1155 1057//1171 
f 1043//1155 1044//1156 1058//1172 
f 1044//1156 1045//1157 1059//1173 
f 1045//1157 1046//1158 1060//1174 
f 1046//1158 1047//1159 1061//1175 
f 1047//1159 1048//1160 1062//1176 
f 1048//1160 1049//1161 1063//1177 
f 1049//1161 1050//1162 1064//1178 
f 1050//1162 821//1163 823//1179 
f 881//1180 1051//1165 1065//1181 
f 1051//1165 1052//1166 1066//1182 
f 1052//1166 1053//1167 1067//1183 
f 1053//1167 1054//1168 1068//1184 
f 1054//1168 1055//1169 1069//1185 
f 1055//1169 1056//1170 1070//1186 
f 1056//1170 1057//1171 1071//1187 
f 1057//1171 1058//1172 1072//1188 
f 1058//1172 1059//1173 1073//1189 
f 1059//1173 1060//1174 1074//1190 
f 1060//1174 1061//1175 1075//1191 
f 1061//1175 1062//1176 1076//1192 
f 1062//1176 1063//1177 1077//1193 
f 1063//1177 1064//1178 1078//1194 
f 1064//1178 823//1179 825//1195 
f 882//1196 1065//1181 784//1197 
f 1065//1181 1066//1182 785//1198 
f 1066//1182 1067//1183 786//1199 
f 1067//1183 1068//1184 787//1200 
f 1068//1184 1069//1185 788//1201 
f 1069//1185 1070//1186 789//1202 
f 1070//1186 1071//1187 790//1203 
f 1071//1187 1072//1188 791//1204 
f 1072//1188 1073//1189 792//1205 
f 1073//1189 1074//1190 793//1206 
f 1074//1190 1075//1191 794//1207 
f 1075//1191 1076//1192 795//1208 
f 1076//1192 1077//1193 796//1209 
f 1077//1193 1078//1194 797//1210 
f 1078//1194 825//1195 612//1211 
f 612//1211 797//1210 1078//1194 
f 797//1210 796//1209 1077//1193 
f 796//1209 795//1208 1076//1192 
f 795//1208 794//1207 1075//1191 
f 794//1207 793//1206 1074//1190 
f 793//1206 792//1205 1073//1189 
f 792//1205 791//1204 1072//1188 
f 791//1204 790//1203 1071//1187 
f 790//1203 789//1202 1070//1186 
f 789//1202 788//1201 1069//1185 
f 788//1201 787//1200 1068//1184 
f 787//1200 786//1199 1067//1183 
f 786//1199 785//1198 1066//1182 
f 785//1198 784//1197 1065//1181 
f 784//1197 783//1212 882//1196 
f 825//1195 1078//1194 1064//1178 
f 1078//1194 1077//1193 1063//1177 
f 1077//1193 1076//1192 1062//1176 
f 1076//1192 1075//1191 1061//1175 
f 1075//1191 1074//1190 1060//1174 
f 1074//1190 1073//1189 1059//1173 
f 1073//1189 1072//1188 1058//1172 
f 1072//1188 1071//1187 1057//1171 
f 1071//1187 1070//1186 1056//1170 
f 1070//1186 1069//1185 1055//1169 
f 1069//1185 1068//1184 1054//1168 
f 1068//1184 1067//1183 1053//1167 
f 1067//1183 1066//1182 1052//1166 
f 1066//1182 1065//1181 1051//1165 
f 1065//1181 882//1196 881//1180 
f 823//1179 1064//1178 1050//1162 
f 1064//1178 1063//1177 1049//1161 
f 1063//1177 1062//1176 1048//1160 
f 1062//1176 1061//1175 1047//1159 
f 1061//1175 1060//1174 1046//1158 
f 1060//1174 1059//1173 1045//1157 
f 1059//1173 1058//1172 1044//1156 
f 1058//1172 1057//1171 1043//1155 
f 1057//1171 1056//1170 1042//1154 
f 1056//1170 1055//1169 1041//1153 
f 1055//1169 1054//1168 1040//1152 
f 1054//1168 1053//1167 1039//1151 
f 1053//1167 1052//1166 1038//1150 
f 1052//1166 1051//1165 1037//1149 
f 1051//1165 881//1180 880//1164 
f 821//1163 1050//1162 1036//1146 
f 1050//1162 1049//1161 1035//1145 
f 1049//1161 1048//1160 1034//1144 
f 1048//1160 1047//1159 1033//1143 
f 1047//1159 1046//1158 1032//1142 
f 1046//1158 1045//1157 1031//1141 
f 1045//1157 1044//1156 1030//1140 
f 1044//1156 1043//1155 1029//1139 
f 1043//1155 1042//1154 1028//1138 
f 1042//1154 1041//1153 1027//1137 
f 1041//1153 1040//1152 1026//1136 
f 1040//1152 1039//1151 1025//1135 
f 1039//1151 1038//1150 1024//1134 
f 1038//1150 1037//1149 1023//1133 
f 1037//1149 880//1164 879//1148 
f 819//1147 1036//1146 1022//1130 
f 1036//1146 1035//1145 1021//1129 
f 1035//1145 1034//1144 1020//1128 
f 1034//1144 1033//1143 1019//1127 
f 1033//1143 1032//1142 1018//1126 
f 1032//1142 1031//1141 1017//1125 
f 1031//1141 1030//1140 1016//1124 
f 1030//1140 1029//1139 1015//1123 
f 1029//1139 1028//1138 1014//1122 
f 1028//1138 1027//1137 1013//1121 
f 1027//1137 1026//1136 1012//1120 
f 1026//1136 1025//1135 1011//1119 
f 1025//1135 1024//1134 1010//1118 
f 1024//1134 1023//1133 1009//1117 
f 1023//1133 879//1148 878//1132 
f 817//1131 1022//1130 1008//1114 
f 1022//1130 1021//1129 1007//1113 
f 1021//1129 1020//1128 1006//1112 
f 1020//1128 1019//1127 1005//1111 
f 1019//1127 1018//1126 1004//1110 
f 1018//1126 1017//1125 1003//1109 
f 1017//1125 1016//1124 1002//1108 
f 1016//1124 1015//1123 1001//1107 
f 1015//1123 1014//1122 1000//1106 
f 1014//1122 1013//1121 999//1105 
f 1013//1121 1012//1120 998//1104 
f 1012//1120 1011//1119 997//1103 
f 1011//1119 1010//1118 996//1102 
f 1010//1118 1009//1117 995//1101 
f 1009//1117 878//1132 877//1116 
f 815//1115 1008//1114 994//1098 
f 1008//1114 1007//1113 993//1097 
f 1007//1113 1006//1112 992//1096 
f 1006//1112 1005//1111 991//1095 
f 1005//1111 1004//1110 990//1094 
f 1004//1110 1003//1109 989//1093 
f 1003//1109 1002//1108 988//1092 
f 1002//1108 1001//1107 987//1091 
f 1001//1107 1000//1106 986//1090 
f 1000//1106 999//1105 985//1089 
f 999//1105 998//1104 984//1088 
f 998//1104 997//1103 983//1087 
f 997//1103 996//1102 982//1086 
f 996//1102 995//1101 981//1085 
f 995//1101 877//1116 876//1100 
f 813//1099 994//1098 980//1082 
f 994//1098 993//1097 979//1081 
f 993//1097 992//1096 978//1080 
f 992//1096 991//1095 977//1079 
f 991//1095 990//1094 976//1078 
f 990//1094 989//1093 975//1077 
f 989//1093 988//1092 974//1076 
f 988//1092 987//1091 973//1075 
f 987//1091 986//1090 972//1074 
f 986//1090 985//1089 971//1073 
f 985//1089 984//1088 970//1072 
f 984//1088 983//1087 969//1071 
f 983//1087 982//1086 968//1070 
f 982//1086 981//1085 967//1069 
f 981//1085 876//1100 875//1084 
f 811//1083 980//1082 966//1066 
f 980//1082 979//1081 965//1065 
f 979//1081 978//1080 964//1064 
f 978//1080 977//1079 963//1063 
f 977//1079 976//1078 962//1062 
f 976//1078 975//1077 961//1061 
f 975//1077 974//1076 960//1060 
f 974//1076 973//1075 959//1059 
f 973//1075 972//1074 958//1058 
f 972//1074 971//1073 957//1057 
f 971//1073 970//1072 956//1056 
f 970//1072 969//1071 955//1055 
f 969//1071 968//1070 954//1054 
f 968//1070 967//1069 953//1053 
f 967//1069 875//1084 874//1068 
f 809//1067 966//1066 952//1050 
f 966//1066 965//1065 951//1049 
f 965//1065 964//1064 950//1048 
f 964//1064 963//1063 949//1047 
f 963//1063 962//1062 948//1046 
f 962//1062 961//1061 947//1045 
f 961//1061 960//1060 946//1044 
f 960//1060 959//1059 945//1043 
f 959//1059 958//1058 944//1042 
f 958//1058 957//1057 943//1041 
f 957//1057 956//1056 942//1040 
f 956//1056 955//1055 941//1039 
f 955//1055 954//1054 940//1038 
f 954//1054 953//1053 939//1037 
f 953//1053 874//1068 873//1052 
f 807//1051 952//1050 938//1034 
f 952//1050 951//1049 937//1033 
f 951//1049 950//1048 936//1032 
f 950//1048 949//1047 935//1031 
f 949//1047 948//1046 934//1030 
f 948//1046 947//1045 933//1029 
f 947//1045 946//1044 932//1028 
f 946//1044 945//1043 931//1027 
f 945//1043 944//1042 930//1026 
f 944//1042 943//1041 929//1025 
f 943//1041 942//1040 928//1024 
f 942//1040 941//1039 927//1023 
f 941//1039 940//1038 926//1022 
f 940//1038 939//1037 925//1021 
f 939//1037 873//1052 872//1036 
f 805//1035 938//1034 924//1018 
f 938//1034 937//1033 923//1017 
f 937//1033 936//1032 922//1016 
f 936//1032 935//1031 921//1015 
f 935//1031 934//1030 920//1014 
f 934//1030 933//1029 919//1013 
f 933//1029 932//1028 918//1012 
f 932//1028 931//1027 917//1011 
f 931//1027 930//1026 916//1010 
f 930//1026 929//1025 915//1009 
f 929//1025 928//1024 914//1008 
f 928//1024 927//1023 913//1007 
f 927//1023 926//1022 912//1006 
f 926//1022 925//1021 911//1005 
f 925//1021 872//1036 871//1020 
f 803//1019 924//1018 910//1001 
f 924//1018 923//1017 908//999 
f 923//1017 922//1016 906//997 
f 922//1016 921//1015 904//995 
f 921//1015 920//1014 902//993 
f 920//1014 919//1013 900//991 
f 919//1013 918//1012 898//989 
f 918//1012 917//1011 896//987 
f 917//1011 916//1010 894//985 
f 916//1010 915//1009 892//983 
f 915//1009 914//1008 890//981 
f 914//1008 913//1007 888//979 
f 913//1007 912//1006 886//977 
f 912//1006 911//1005 884//975 
f 911//1005 871//1020 870//1004 
f 801//1003 910//1001 909//1000 
f 910//1001 908//999 907//998 
f 908//999 906//997 905//996 
f 906//997 904//995 903//994 
f 904//995 902//993 901//992 
f 902//993 900//991 899//990 
f 900//991 898//989 897//988 
f 898//989 896//987 895//986 
f 896//987 894//985 893//984 
f 894//985 892//983 891//982 
f 892//983 890//981 889//980 
f 890//981 888//979 887//978 
f 888//979 886//977 885//976 
f 886//977 884//975 883//974 
f 884//975 870//1004 869//973 
f 798//1002 909//1000 799//1213 
f 909//1000 907//998 799//1213 
f 907//998 905//996 799//1213 
f 905//996 903//994 799//1213 
f 903//994 901//992 799//1213 
f 901//992 899//990 799//1213 
f 899//990 897//988 799//1213 
f 897//988 895//986 799//1213 
f 895//986 893//984 799//1213 
f 893//984 891//982 799//1213 
f 891//982 889//980 799//1213 
f 889//980 887//978 799//1213 
f 887//978 885//976 799//1213 
f 885//976 883//974 799//1213 
f 883//974 869//973 799//1213 
o mesh12
f 800//1213 799//1213 1079//1213 
f 1079//1213 1080//1213 800//1213 
o mesh13
f 882//1214 783//1215 1081//1215 
f 881//1216 882//1214 1082//1217 
f 880//1218 881//1216 1083//1219 
f 879//1220 880//1218 1084//1221 
f 878//1222 879//1220 1085//1223 
f 877//1224 878//1222 1086//1225 
f 876//1226 877//1224 1087//1227 
f 875//1228 876//1226 1088//1229 
f 874//1230 875//1228 1089//1231 
f 873//1232 874//1230 1090//1233 
f 872//1234 873//1232 1091//1235 
f 871//1236 872//1234 1092//1237 
f 870//1238 871//1236 1093//1239 
f 869//1240 870//1238 1094//1241 
f 799//1242 869//1240 1095//1243 
f 1095//1243 1079//1242 799//1242 
f 1094//1241 1095//1243 869//1240 
f 1093//1239 1094//1241 870//1238 
f 1092//1237 1093//1239 871//1236 
f 1091//1235 1092//1237 872//1234 
f 1090//1233 1091//1235 873//1232 
f 1089//1231 1090//1233 874//1230 
f 1088//1229 1089//1231 875//1228 
f 1087//1227 1088//1229 876//1226 
f 1086//1225 1087//1227 877//1224 
f 1085//1223 1086//1225 878//1222 
f 1084//1221 1085//1223 879//1220 
f 1083//1219 1084//1221 880//1218 
f 1082//1217 1083//1219 881//1216 
f 1081//1215 1082//1217 882//1214 
o mesh14
f 1096//1244 1080//1245 1079//1245 
f 1097//1246 1096//1244 1098//1247 
f 1099//1248 1097//1246 1100//1249 
f 1101//1250 1099//1248 1102//1251 
f 1103//1252 1101//1250 1104//1253 
f 1105//1254 1103//1252 1106//1255 
f 1107//1256 1105//1254 1108//1257 
f 1109//1258 1107//1256 1110//1259 
f 1111//1260 1109//1258 1112//1261 
f 1113//1262 1111//1260 1114//1263 
f 1115//1264 1113//1262 1116//1265 
f 1117//1266 1115//1264 1118//1267 
f 1119//1268 1117//1266 1120//1269 
f 1121//1270 1119//1268 1122//1271 
f 1123//1272 1121//1270 1124//1273 
f 1124//1273 1125//1272 1123//1272 
f 1122//1271 1124//1273 1121//1270 
f 1120//1269 1122//1271 1119//1268 
f 1118//1267 1120//1269 1117//1266 
f 1116//1265 1118//1267 1115//1264 
f 1114//1263 1116//1265 1113//1262 
f 1112//1261 1114//1263 1111//1260 
f 1110//1259 1112//1261 1109//1258 
f 1108//1257 1110//1259 1107//1256 
f 1106//1255 1108//1257 1105//1254 
f 1104//1253 1106//1255 1103//1252 
f 1102//1251 1104//1253 1101//1250 
f 1100//1249 1102//1251 1099//1248 
f 1098//1247 1100//1249 1097//1246 
f 1079//1245 1098//1247 1096//1244 
o mesh15
f 1098//1274 1140//1275 1141//1276 
f 1140//1275 1142//1277 1143//1278 
f 1142//1277 1144//1279 1145//1280 
f 1144//1279 1146//1281 1147//1282 
f 1146//1281 1148//1283 1149//1284 
f 1148//1283 1150//1285 1151//1286 
f 1150//1285 1152//1287 1153//1288 
f 1152//1287 1154//1289 1155//1290 
f 1154//1289 1156//1291 1157//1292 
f 1156//1291 1158//1293 1159//1294 
f 1158//1293 1160//1295 1161//1296 
f 1160//1295 1162//1297 1163//1298 
f 1162//1297 1164//1299 1165//1300 
f 1164//1299 1166//1301 1167//1302 
f 1166//1301 1095//1303 1094//1304 
f 1100//1305 1141//1276 1168//1306 
f 1141//1276 1143//1278 1169//1307 
f 1143//1278 1145//1280 1170//1308 
f 1145//1280 1147//1282 1171//1309 
f 1147//1282 1149//1284 1172//1310 
f 1149//1284 1151//1286 1173//1311 
f 1151//1286 1153//1288 1174//1312 
f 1153//1288 1155//1290 1175//1313 
f 1155//1290 1157//1292 1176//1314 
f 1157//1292 1159//1294 1177//1315 
f 1159//1294 1161//1296 1178//1316 
f 1161//1296 1163//1298 1179//1317 
f 1163//1298 1165//1300 1180//1318 
f 1165//1300 1167//1302 1181//1319 
f 1167//1302 1094//1304 1093//1320 
f 1102//1321 1168//1306 1182//1322 
f 1168//1306 1169//1307 1183//1323 
f 1169//1307 1170//1308 1184//1324 
f 1170//1308 1171//1309 1185//1325 
f 1171//1309 1172//1310 1186//1326 
f 1172//1310 1173//1311 1187//1327 
f 1173//1311 1174//1312 1188//1328 
f 1174//1312 1175//1313 1189//1329 
f 1175//1313 1176//1314 1190//1330 
f 1176//1314 1177//1315 1191//1331 
f 1177//1315 1178//1316 1192//1332 
f 1178//1316 1179//1317 1193//1333 
f 1179//1317 1180//1318 1194//1334 
f 1180//1318 1181//1319 1195//1335 
f 1181//1319 1093//1320 1092//1336 
f 1104//1337 1182//1322 1196//1338 
f 1182//1322 1183//1323 1197//1339 
f 1183//1323 1184//1324 1198//1340 
f 1184//1324 1185//1325 1199//1341 
f 1185//1325 1186//1326 1200//1342 
f 1186//1326 1187//1327 1201//1343 
f 1187//1327 1188//1328 1202//1344 
f 1188//1328 1189//1329 1203//1345 
f 1189//1329 1190//1330 1204//1346 
f 1190//1330 1191//1331 1205//1347 
f 1191//1331 1192//1332 1206//1348 
f 1192//1332 1193//1333 1207//1349 
f 1193//1333 1194//1334 1208//1350 
f 1194//1334 1195//1335 1209//1351 
f 1195//1335 1092//1336 1091//1352 
f 1106//1353 1196//1338 1210//1354 
f 1196//1338 1197//1339 1211//1355 
f 1197//1339 1198//1340 1212//1356 
f 1198//1340 1199//1341 1213//1357 
f 1199//1341 1200//1342 1214//1358 
f 1200//1342 1201//1343 1215//1359 
f 1201//1343 1202//1344 1216//1360 
f 1202//1344 1203//1345 1217//1361 
f 1203//1345 1204//1346 1218//1362 
f 1204//1346 1205//1347 1219//1363 
f 1205//1347 1206//1348 1220//1364 
f 1206//1348 1207//1349 1221//1365 
f 1207//1349 1208//1350 1222//1366 
f 1208//1350 1209//1351 1223//1367 
f 1209//1351 1091//1352 1090//1368 
f 1108//1369 1210//1354 1224//1370 
f 1210//1354 1211//1355 1225//1371 
f 1211//1355 1212//1356 1226//1372 
f 1212//1356 1213//1357 1227//1373 
f 1213//1357 1214//1358 1228//1374 
f 1214//1358 1215//1359 1229//1375 
f 1215//1359 1216//1360 1230//1376 
f 1216//1360 1217//1361 1231//1377 
f 1217//1361 1218//1362 1232//1378 
f 1218//1362 1219//1363 1233//1379 
f 1219//1363 1220//1364 1234//1380 
f 1220//1364 1221//1365 1235//1381 
f 1221//1365 1222//1366 1236//1382 
f 1222//1366 1223//1367 1237//1383 
f 1223//1367 1090//1368 1089//1384 
f 1110//1385 1224//1370 1238//1386 
f 1224//1370 1225//1371 1239//1387 
f 1225//1371 1226//1372 1240//1388 
f 1226//1372 1227//1373 1241//1389 
f 1227//1373 1228//1374 1242//1390 
f 1228//1374 1229//1375 1243//1391 
f 1229//1375 1230//1376 1244//1392 
f 1230//1376 1231//1377 1245//1393 
f 1231//1377 1232//1378 1246//1394 
f 1232//1378 1233//1379 1247//1395 
f 1233//1379 1234//1380 1248//1396 
f 1234//1380 1235//1381 1249//1397 
f 1235//1381 1236//1382 1250//1398 
f 1236//1382 1237//1383 1251//1399 
f 1237//1383 1089//1384 1088//1400 
f 1112//1401 1238//1386 1252//1402 
f 1238//1386 1239//1387 1253//1403 
f 1239//1387 1240//1388 1254//1404 
f 1240//1388 1241//1389 1255//1405 
f 1241//1389 1242//1390 1256//1406 
f 1242//1390 1243//1391 1257//1407 
f 1243//1391 1244//1392 1258//1408 
f 1244//1392 1245//1393 1259//1409 
f 1245//1393 1246//1394 1260//1410 
f 1246//1394 1247//1395 1261//1411 
f 1247//1395 1248//1396 1262//1412 
f 1248//1396 1249//1397 1263//1413 
f 1249//1397 1250//1398 1264//1414 
f 1250//1398 1251//1399 1265//1415 
f 1251//1399 1088//1400 1087//1416 
f 1114//1417 1252//1402 1266//1418 
f 1252//1402 1253//1403 1267//1419 
f 1253//1403 1254//1404 1268//1420 
f 1254//1404 1255//1405 1269//1421 
f 1255//1405 1256//1406 1270//1422 
f 1256//1406 1257//1407 1271//1423 
f 1257//1407 1258//1408 1272//1424 
f 1258//1408 1259//1409 1273//1425 
f 1259//1409 1260//1410 1274//1426 
f 1260//1410 1261//1411 1275//1427 
f 1261//1411 1262//1412 1276//1428 
f 1262//1412 1263//1413 1277//1429 
f 1263//1413 1264//1414 1278//1430 
f 1264//1414 1265//1415 1279//1431 
f 1265//1415 1087//1416 1086//1432 
f 1116//1433 1266//1418 1280//1434 
f 1266//1418 1267//1419 1281//1435 
f 1267//1419 1268//1420 1282//1436 
f 1268//1420 1269//1421 1283//1437 
f 1269//1421 1270//1422 1284//1438 
f 1270//1422 1271//1423 1285//1439 
f 1271//1423 1272//1424 1286//1440 
f 1272//1424 1273//1425 1287//1441 
f 1273//1425 1274//1426 1288//1442 
f 1274//1426 1275//1427 1289//1443 
f 1275//1427 1276//1428 1290//1444 
f 1276//1428 1277//1429 1291//1445 
f 1277//1429 1278//1430 1292//1446 
f 1278//1430 1279//1431 1293//1447 
f 1279//1431 1086//1432 1085//1448 
f 1118//1449 1280//1434 1294//1450 
f 1280//1434 1281//1435 1295//1451 
f 1281//1435 1282//1436 1296//1452 
f 1282//1436 1283//1437 1297//1453 
f 1283//1437 1284//1438 1298//1454 
f 1284//1438 1285//1439 1299//1455 
f 1285//1439 1286//1440 1300//1456 
f 1286//1440 1287//1441 1301//1457 
f 1287//1441 1288//1442 1302//1458 
f 1288//1442 1289//1443 1303//1459 
f 1289//1443 1290//1444 1304//1460 
f 1290//1444 1291//1445 1305//1461 
f 1291//1445 1292//1446 1306//1462 
f 1292//1446 1293//1447 1307//1463 
f 1293//1447 1085//1448 1084//1464 
f 1120//1465 1294//1450 1308//1466 
f 1294//1450 1295//1451 1309//1467 
f 1295//1451 1296//1452 1310//1468 
f 1296//1452 1297//1453 1311//1469 
f 1297//1453 1298//1454 1312//1470 
f 1298//1454 1299//1455 1313//1471 
f 1299//1455 1300//1456 1314//1472 
f 1300//1456 1301//1457 1315//1473 
f 1301//1457 1302//1458 1316//1474 
f 1302//1458 1303//1459 1317//1475 
f 1303//1459 1304//1460 1318//1476 
f 1304//1460 1305//1461 1319//1477 
f 1305//1461 1306//1462 1320//1478 
f 1306//1462 1307//1463 1321//1479 
f 1307//1463 1084//1464 1083//1480 
f 1122//1481 1308//1466 1322//1482 
f 1308//1466 1309//1467 1323//1483 
f 1309//1467 1310//1468 1324//1484 
f 1310//1468 1311//1469 1325//1485 
f 1311//1469 1312//1470 1326//1486 
f 1312//1470 1313//1471 1327//1487 
f 1313//1471 1314//1472 1328//1488 
f 1314//1472 1315//1473 1329//1489 
f 1315//1473 1316//1474 1330//1490 
f 1316//1474 1317//1475 1331//1491 
f 1317//1475 1318//1476 1332//1492 
f 1318//1476 1319//1477 1333//1493 
f 1319//1477 1320//1478 1334//1494 
f 1320//1478 1321//1479 1335//1495 
f 1321//1479 1083//1480 1082//1496 
f 1124//1497 1322//1482 1126//1498 
f 1322//1482 1323//1483 1127//1499 
f 1323//1483 1324//1484 1128//1500 
f 1324//1484 1325//1485 1129//1501 
f 1325//1485 1326//1486 1130//1502 
f 1326//1486 1327//1487 1131//1503 
f 1327//1487 1328//1488 1132//1504 
f 1328//1488 1329//1489 1133//1505 
f 1329//1489 1330//1490 1134//1506 
f 1330//1490 1331//1491 1135//1507 
f 1331//1491 1332//1492 1136//1508 
f 1332//1492 1333//1493 1137//1509 
f 1333//1493 1334//1494 1138//1510 
f 1334//1494 1335//1495 1139//1511 
f 1335//1495 1082//1496 1081//1512 
f 1081//1512 1139//1511 1335//1495 
f 1139//1511 1138//1510 1334//1494 
f 1138//1510 1137//1509 1333//1493 
f 1137//1509 1136//1508 1332//1492 
f 1136//1508 1135//1507 1331//1491 
f 1135//1507 1134//1506 1330//1490 
f 1134//1506 1133//1505 1329//1489 
f 1133//1505 1132//1504 1328//1488 
f 1132//1504 1131//1503 1327//1487 
f 1131//1503 1130//1502 1326//1486 
f 1130//1502 1129//1501 1325//1485 
f 1129//1501 1128//1500 1324//1484 
f 1128//1500 1127//1499 1323//1483 
f 1127//1499 1126//1498 1322//1482 
f 1126//1498 1125//1513 1124//1497 
f 1082//1496 1335//1495 1321//1479 
f 1335//1495 1334//1494 1320//1478 
f 1334//1494 1333//1493 1319//1477 
f 1333//1493 1332//1492 1318//1476 
f 1332//1492 1331//1491 1317//1475 
f 1331//1491 1330//1490 1316//1474 
f 1330//1490 1329//1489 1315//1473 
f 1329//1489 1328//1488 1314//1472 
f 1328//1488 1327//1487 1313//1471 
f 1327//1487 1326//1486 1312//1470 
f 1326//1486 1325//1485 1311//1469 
f 1325//1485 1324//1484 1310//1468 
f 1324//1484 1323//1483 1309//1467 
f 1323//1483 1322//1482 1308//1466 
f 1322//1482 1124//1497 1122//1481 
f 1083//1480 1321//1479 1307//1463 
f 1321//1479 1320//1478 1306//1462 
f 1320//1478 1319//1477 1305//1461 
f 1319//1477 1318//1476 1304//1460 
f 1318//1476 1317//1475 1303//1459 
f 1317//1475 1316//1474 1302//1458 
f 1316//1474 1315//1473 1301//1457 
f 1315//1473 1314//1472 1300//1456 
f 1314//1472 1313//1471 1299//1455 
f 1313//1471 1312//1470 1298//1454 
f 1312//1470 1311//1469 1297//1453 
f 1311//1469 1310//1468 1296//1452 
f 1310//1468 1309//1467 1295//1451 
f 1309//1467 1308//1466 1294//1450 
f 1308//1466 1122//1481 1120//1465 
f 1084//1464 1307//1463 1293//1447 
f 1307//1463 1306//1462 1292//1446 
f 1306//1462 1305//1461 1291//1445 
f 1305//1461 1304//1460 1290//1444 
f 1304//1460 1303//1459 1289//1443 
f 1303//1459 1302//1458 1288//1442 
f 1302//1458 1301//1457 1287//1441 
f 1301//1457 1300//1456 1286//1440 
f 1300//1456 1299//1455 1285//1439 
f 1299//1455 1298//1454 1284//1438 
f 1298//1454 1297//1453 1283//1437 
f 1297//1453 1296//1452 1282//1436 
f 1296//1452 1295//1451 1281//1435 
f 1295//1451 1294//1450 1280//1434 
f 1294//1450 1120//1465 1118//1449 
f 1085//1448 1293//1447 1279//1431 
f 1293//1447 1292//1446 1278//1430 
f 1292//1446 1291//1445 1277//1429 
f 1291//1445 1290//1444 1276//1428 
f 1290//1444 1289//1443 1275//1427 
f 1289//1443 1288//1442 1274//1426 
f 1288//1442 1287//1441 1273//1425 
f 1287//1441 1286//1440 1272//1424 
f 1286//1440 1285//1439 1271//1423 
f 1285//1439 1284//1438 1270//1422 
f 1284//1438 1283//1437 1269//1421 
f 1283//1437 1282//1436 1268//1420 
f 1282//1436 1281//1435 1267//1419 
f 1281//1435 1280//1434 1266//1418 
f 1280//1434 1118//1449 1116//1433 
f 1086//1432 1279//1431 1265//1415 
f 1279//1431 1278//1430 1264//1414 
f 1278//1430 1277//1429 1263//1413 
f 1277//1429 1276//1428 1262//1412 
f 1276//1428 1275//1427 1261//1411 
f 1275//1427 1274//1426 1260//1410 
f 1274//1426 1273//1425 1259//1409 
f 1273//1425 1272//1424 1258//1408 
f 1272//1424 1271//1423 1257//1407 
f 1271//1423 1270//1422 1256//1406 
f 1270//1422 1269//1421 1255//1405 
f 1269//1421 1268//1420 1254//1404 
f 1268//1420 1267//1419 1253//1403 
f 1267//1419 1266//1418 1252//1402 
f 1266//1418 1116//1433 1114//1417 
f 1087//1416 1265//1415 1251//1399 
f 1265//1415 1264//1414 1250//1398 
f 1264//1414 1263//1413 1249//1397 
f 1263//1413 1262//1412 1248//1396 
f 1262//1412 1261//1411 1247//1395 
f 1261//1411 1260//1410 1246//1394 
f 1260//1410 1259//1409 1245//1393 
f 1259//1409 1258//1408 1244//1392 
f 1258//1408 1257//1407 1243//1391 
f 1257//1407 1256//1406 1242//1390 
f 1256//1406 1255//1405 1241//1389 
f 1255//1405 1254//1404 1240//1388 
f 1254//1404 1253//1403 1239//1387 
f 1253//1403 1252//1402 1238//1386 
f 1252//1402 1114//1417 1112//1401 
f 1088//1400 1251//1399 1237//1383 
f 1251//1399 1250//1398 1236//1382 
f 1250//1398 1249//1397 1235//1381 
f 1249//1397 1248//1396 1234//1380 
f 1248//1396 1247//1395 1233//1379 
f 1247//1395 1246//1394 1232//1378 
f 1246//1394 1245//1393 1231//1377 
f 1245//1393 1244//1392 1230//1376 
f 1244//1392 1243//1391 1229//1375 
f 1243//1391 1242//1390 1228//1374 
f 1242//1390 1241//1389 1227//1373 
f 1241//1389 1240//1388 1226//1372 
f 1240//1388 1239//1387 1225//1371 
f 1239//1387 1238//1386 1224//1370 
f 1238//1386 1112//1401 1110//1385 
f 1089//1384 1237//1383 1223//1367 
f 1237//1383 1236//1382 1222//1366 
f 1236//1382 1235//1381 1221//1365 
f 1235//1381 1234//1380 1220//1364 
f 1234//1380 1233//1379 1219//1363 
f 1233//1379 1232//1378 1218//1362 
f 1232//1378 1231//1377 1217//1361 
f 1231//1377 1230//1376 1216//1360 
f 1230//1376 1229//1375 1215//1359 
f 1229//1375 1228//1374 1214//1358 
f 1228//1374 1227//1373 1213//1357 
f 1227//1373 1226//1372 1212//1356 
f 1226//1372 1225//1371 1211//1355 
f 1225//1371 1224//1370 1210//1354 
f 1224//1370 1110//1385 1108//1369 
f 1090//1368 1223//1367 1209//1351 
f 1223//1367 1222//1366 1208//1350 
f 1222//1366 1221//1365 1207//1349 
f 1221//1365 1220//1364 1206//1348 
f 1220//1364 1219//1363 1205//1347 
f 1219//1363 1218//1362 1204//1346 
f 1218//1362 1217//1361 1203//1345 
f 1217//1361 1216//1360 1202//1344 
f 1216//1360 1215//1359 1201//1343 
f 1215//1359 1214//1358 1200//1342 
f 1214//1358 1213//1357 1199//1341 
f 1213//1357 1212//1356 1198//1340 
f 1212//1356 1211//1355 1197//1339 
f 1211//1355 1210//1354 1196//1338 
f 1210//1354 1108//1369 1106//1353 
f 1091//1352 1209//1351 1195//1335 
f 1209//1351 1208//1350 1194//1334 
f 1208//1350 1207//1349 1193//1333 
f 1207//1349 1206//1348 1192//1332 
f 1206//1348 1205//1347 1191//1331 
f 1205//1347 1204//1346 1190//1330 
f 1204//1346 1203//1345 1189//1329 
f 1203//1345 1202//1344 1188//1328 
f 1202//1344 1201//1343 1187//1327 
f 1201//1343 1200//1342 1186//1326 
f 1200//1342 1199//1341 1185//1325 
f 1199//1341 1198//1340 1184//1324 
f 1198//1340 1197//1339 1183//1323 
f 1197//1339 1196//1338 1182//1322 
f 1196//1338 1106//1353 1104//1337 
f 1092//1336 1195//1335 1181//1319 
f 1195//1335 1194//1334 1180//1318 
f 1194//1334 1193//1333 1179//1317 
f 1193//1333 1192//1332 1178//1316 
f 1192//1332 1191//1331 1177//1315 
f 1191//1331 1190//1330 1176//1314 
f 1190//1330 1189//1329 1175//1313 
f 1189//1329 1188//1328 1174//1312 
f 1188//1328 1187//1327 1173//1311 
f 1187//1327 1186//1326 1172//1310 
f 1186//1326 1185//1325 1171//1309 
f 1185//1325 1184//1324 1170//1308 
f 1184//1324 1183//1323 1169//1307 
f 1183//1323 1182//1322 1168//1306 
f 1182//1322 1104//1337 1102//1321 
f 1093//1320 1181//1319 1167//1302 
f 1181//1319 1180//1318 1165//1300 
f 1180//1318 1179//1317 1163//1298 
f 1179//1317 1178//1316 1161//1296 
f 1178//1316 1177//1315 1159//1294 
f 1177//1315 1176//1314 1157//1292 
f 1176//1314 1175//1313 1155//1290 
f 1175//1313 1174//1312 1153//1288 
f 1174//1312 1173//1311 1151//1286 
f 1173//1311 1172//1310 1149//1284 
f 1172//1310 1171//1309 1147//1282 
f 1171//1309 1170//1308 1145//1280 
f 1170//1308 1169//1307 1143//1278 
f 1169//1307 1168//1306 1141//1276 
f 1168//1306 1102//1321 1100//1305 
f 1094//1304 1167//1302 1166//1301 
f 1167//1302 1165//1300 1164//1299 
f 1165//1300 1163//1298 1162//1297 
f 1163//1298 1161//1296 1160//1295 
f 1161//1296 1159//1294 1158//1293 
f 1159//1294 1157//1292 1156//1291 
f 1157//1292 1155//1290 1154//1289 
f 1155//1290 1153//1288 1152//1287 
f 1153//1288 1151//1286 1150//1285 
f 1151//1286 1149//1284 1148//1283 
f 1149//1284 1147//1282 1146//1281 
f 1147//1282 1145//1280 1144//1279 
f 1145//1280 1143//1278 1142//1277 
f 1143//1278 1141//1276 1140//1275 
f 1141//1276 1100//1305 1098//1274 
f 1095//1303 1166//1301 1079//1514 
f 1166//1301 1164//1299 1079//1514 
f 1164//1299 1162//1297 1079//1514 
f 1162//1297 1160//1295 1079//1514 
f 1160//1295 1158//1293 1079//1514 
f 1158//1293 1156//1291 1079//1514 
f 1156//1291 1154//1289 1079//1514 
f 1154//1289 1152//1287 1079//1514 
f 1152//1287 1150//1285 1079//1514 
f 1150//1285 1148//1283 1079//1514 
f 1148//1283 1146//1281 1079//1514 
f 1146//1281 1144//1279 1079//1514 
f 1144//1279 1142//1277 1079//1514 
f 1142//1277 1140//1275 1079//1514 
f 1140//1275 1098//1274 1079//1514 
o mesh16
f 1336//1513 1123//1513 1125//1513 
f 1125//1513 1337//1513 1336//1513 
o mesh17
f 1139//1515 1081//1516 1338//1516 
f 1138//1517 1139//1515 1339//1518 
f 1137//1519 1138//1517 1340//1520 
f 1136//1521 1137//1519 1341//1522 
f 1135//1523 1136//1521 1342//1524 
f 1134//1525 1135//1523 1343//1526 
f 1133//1527 1134//1525 1344//1528 
f 1132//1529 1133//1527 1345//1530 
f 1131//1531 1132//1529 1346//1532 
f 1130//1533 1131//1531 1347//1534 
f 1129//1535 1130//1533 1348//1536 
f 1128//1537 1129//1535 1349//1538 
f 1127//1539 1128//1537 1350//1540 
f 1126//1541 1127//1539 1351//1542 
f 1125//1543 1126//1541 1352//1544 
f 1352//1544 1337//1543 1125//1543 
f 1351//1542 1352//1544 1126//1541 
f 1350//1540 1351//1542 1127//1539 
f 1349//1538 1350//1540 1128//1537 
f 1348//1536 1349//1538 1129//1535 
f 1347//1534 1348//1536 1130//1533 
f 1346//1532 1347//1534 1131//1531 
f 1345//1530 1346//1532 1132//1529 
f 1344//1528 1345//1530 1133//1527 
f 1343//1526 1344//1528 1134//1525 
f 1342//1524 1343//1526 1135//1523 
f 1341//1522 1342//1524 1136//1521 
f 1340//1520 1341//1522 1137//1519 
f 1339//1518 1340//1520 1138//1517 
f 1338//1516 1339//1518 1139//1515 
o mesh18
f 1353//1545 1338//1545 1354//1545 
f 1355//1545 1356//1545 630//1545 
f 1357//1545 1358//1545 1353//1545 
f 628//1545 1356//1545 1359//1545 
f 1355//1545 633//1545 634//1545 
f 630//1545 631//1545 1355//1545 
f 1357//1545 1360//1545 1358//1545 
f 1081//1545 1361//1545 1354//1545 
f 1359//1545 627//1545 628//1545 
f 634//1545 635//1545 1355//1545 
f 631//1545 632//1545 1355//1545 
f 1362//1545 1363//1545 1360//1545 
f 1354//1545 1338//1545 1081//1545 
f 1081//1545 1364//1545 1365//1545 
f 783//1545 627//1545 1359//1545 
f 628//1545 629//1545 1356//1545 
f 632//1545 633//1545 1355//1545 
f 1362//1545 1366//1545 1363//1545 
f 1362//1545 1367//1545 1368//1545 
f 1365//1545 1361//1545 1081//1545 
f 1081//1545 1369//1545 1370//1545 
f 783//1545 1371//1545 1372//1545 
f 783//1545 1373//1545 1374//1545 
f 629//1545 630//1545 1356//1545 
f 635//1545 636//1545 1355//1545 
f 1362//1545 1375//1545 1366//1545 
f 1362//1545 1376//1545 1367//1545 
f 1370//1545 1364//1545 1081//1545 
f 1081//1545 1377//1545 1378//1545 
f 1374//1545 1371//1545 783//1545 
f 783//1545 1379//1545 1380//1545 
f 636//1545 225//1545 1355//1545 
f 1355//1545 225//1545 847//1545 
f 1368//1545 1375//1545 1362//1545 
f 1378//1545 1369//1545 1081//1545 
f 1081//1545 1381//1545 1382//1545 
f 1081//1545 1383//1545 1384//1545 
f 783//1545 1385//1545 1386//1545 
f 1380//1545 1373//1545 783//1545 
f 783//1545 1387//1545 1388//1545 
f 847//1545 1389//1545 1355//1545 
f 847//1545 1390//1545 1391//1545 
f 847//1545 1392//1545 1393//1545 
f 1362//1545 1394//1545 868//1545 
f 1362//1545 1395//1545 1376//1545 
f 1382//1545 1377//1545 1081//1545 
f 1384//1545 1396//1545 1081//1545 
f 1081//1545 1397//1545 1398//1545 
f 783//1545 1399//1545 1397//1545 
f 1386//1545 1400//1545 783//1545 
f 1388//1545 1379//1545 783//1545 
f 847//1545 1401//1545 1389//1545 
f 1393//1545 1390//1545 847//1545 
f 847//1545 1402//1545 1403//1545 
f 847//1545 1404//1545 1405//1545 
f 868//1545 1406//1545 1407//1545 
f 868//1545 1408//1545 1409//1545 
f 868//1545 1410//1545 1411//1545 
f 1360//1545 1357//1545 1362//1545 
f 1396//1545 1381//1545 1081//1545 
f 1397//1545 1081//1545 783//1545 
f 1372//1545 1385//1545 783//1545 
f 1391//1545 1401//1545 847//1545 
f 1405//1545 1402//1545 847//1545 
f 847//1545 1412//1545 1413//1545 
f 847//1545 1407//1545 1414//1545 
f 868//1545 1415//1545 1406//1545 
f 868//1545 1416//1545 1417//1545 
f 1411//1545 1408//1545 868//1545 
f 868//1545 1395//1545 1362//1545 
f 1398//1545 1383//1545 1081//1545 
f 1359//1545 1387//1545 783//1545 
f 1413//1545 1404//1545 847//1545 
f 1407//1545 847//1545 868//1545 
f 868//1545 1418//1545 1416//1545 
f 1394//1545 1410//1545 868//1545 
f 1400//1545 1399//1545 783//1545 
f 1414//1545 1412//1545 847//1545 
f 868//1545 1419//1545 1420//1545 
f 1409//1545 1418//1545 868//1545 
f 1403//1545 1392//1545 847//1545 
f 1417//1545 1419//1545 868//1545 
f 1420//1545 1415//1545 868//1545 
f 1354//1545 1357//1545 1353//1545 
o mesh19
f 1336//1546 1337//1546 1421//1547 
f 1421//1547 1422//1548 1336//1546 
f 1422//1548 1423//1548 1424//1549 
f 1424//1549 1425//1550 1422//1548 
f 1425//1550 1426//1550 1427//1551 
f 1427//1551 1428//1552 1425//1550 
f 1428//1552 1429//1552 1430//1553 
f 1430//1553 1431//1554 1428//1552 
f 1431//1554 1432//1554 1433//1555 
f 1433//1555 1434//1556 1431//1554 
f 1434//1556 1435//1556 1436//1557 
f 1436//1557 1437//1558 1434//1556 
f 1438//1559 1437//1558 1439//1560 
f 1439//1560 1440//1561 1438//1559 
f 1437//1558 1441//1562 1439//1560 
f 1438//1559 1442//1563 1443//1564 
f 1443//1564 1444//1565 1438//1559 
f 1444//1565 1445//1565 1446//1566 
f 1446//1566 1447//1567 1444//1565 
f 1447//1567 1448//1567 1449//1568 
f 1449//1568 1450//1569 1447//1567 
f 1451//1570 1450//1569 1452//1569 
f 1452//1569 1453//1570 1451//1570 
f 1449//1568 1452//1569 1450//1569 
f 1446//1566 1448//1567 1447//1567 
f 1443//1564 1445//1565 1444//1565 
f 1440//1561 1442//1563 1438//1559 
f 1436//1557 1441//1562 1437//1558 
f 1433//1555 1435//1556 1434//1556 
f 1430//1553 1432//1554 1431//1554 
f 1427//1551 1429//1552 1428//1552 
f 1424//1549 1426//1550 1425//1550 
f 1421//1547 1423//1548 1422//1548 
o mesh20
f 1338//1571 1353//1571 1488//1572 
f 1339//1573 1488//1572 1489//1574 
f 1340//1575 1489//1574 1490//1576 
f 1341//1577 1490//1576 1491//1578 
f 1342//1579 1491//1578 1492//1580 
f 1343//1581 1492//1580 1493//1582 
f 1344//1583 1493//1582 1494//1584 
f 1345//1585 1494//1584 1495//1586 
f 1346//1587 1495//1586 1496//1588 
f 1347//1589 1496//1588 1497//1590 
f 1348//1591 1497//1590 1498//1592 
f 1349//1593 1498//1592 1499//1594 
f 1350//1595 1499//1594 1500//1596 
f 1351//1597 1500//1596 1501//1598 
f 1352//1599 1501//1598 1421//1600 
f 1353//1571 1358//1601 1502//1602 
f 1488//1572 1502//1602 1503//1603 
f 1489//1574 1503//1603 1504//1604 
f 1490//1576 1504//1604 1505//1605 
f 1491//1578 1505//1605 1506//1606 
f 1492//1580 1506//1606 1507//1607 
f 1493//1582 1507//1607 1508//1608 
f 1494//1584 1508//1608 1509//1609 
f 1495//1586 1509//1609 1510//1610 
f 1496//1588 1510//1610 1511//1611 
f 1497//1590 1511//1611 1512//1612 
f 1498//1592 1512//1612 1513//1613 
f 1499//1594 1513//1613 1514//1614 
f 1500//1596 1514//1614 1515//1615 
f 1515//1615 1424//1616 1423//1617 
f 1423//1617 1501//1598 1515//1615 
f 1358//1601 1360//1618 1516//1619 
f 1502//1602 1516//1619 1517//1620 
f 1503//1603 1517//1620 1518//1621 
f 1504//1604 1518//1621 1519//1622 
f 1505//1605 1519//1622 1520//1623 
f 1506//1606 1520//1623 1521//1624 
f 1507//1607 1521//1624 1522//1625 
f 1508//1608 1522//1625 1523//1626 
f 1509//1609 1523//1626 1524//1627 
f 1510//1610 1524//1627 1525//1628 
f 1511//1611 1525//1628 1526//1629 
f 1512//1612 1526//1629 1527//1630 
f 1513//1613 1527//1630 1528//1631 
f 1514//1614 1528//1631 1529//1632 
f 1529//1632 1427//1633 1426//1634 
f 1426//1634 1515//1615 1529//1632 
f 1360//1618 1363//1635 1530//1636 
f 1516//1619 1530//1636 1531//1637 
f 1517//1620 1531//1637 1532//1638 
f 1518//1621 1532//1638 1533//1639 
f 1519//1622 1533//1639 1534//1640 
f 1520//1623 1534//1640 1535//1641 
f 1521//1624 1535//1641 1536//1642 
f 1522//1625 1536//1642 1537//1643 
f 1523//1626 1537//1643 1538//1644 
f 1524//1627 1538//1644 1539//1645 
f 1525//1628 1539//1645 1540//1646 
f 1526//1629 1540//1646 1541//1647 
f 1527//1630 1541//1647 1542//1648 
f 1528//1631 1542//1648 1543//1649 
f 1543//1649 1430//1650 1429//1651 
f 1429//1651 1529//1632 1543//1649 
f 1363//1635 1366//1652 1544//1653 
f 1530//1636 1544//1653 1545//1654 
f 1531//1637 1545//1654 1546//1655 
f 1532//1638 1546//1655 1547//1656 
f 1533//1639 1547//1656 1548//1657 
f 1534//1640 1548//1657 1549//1658 
f 1535//1641 1549//1658 1550//1659 
f 1536//1642 1550//1659 1551//1660 
f 1537//1643 1551//1660 1552//1661 
f 1538//1644 1552//1661 1553//1662 
f 1539//1645 1553//1662 1554//1663 
f 1540//1646 1554//1663 1555//1664 
f 1541//1647 1555//1664 1556//1665 
f 1542//1648 1556//1665 1557//1666 
f 1557//1666 1433//1667 1432//1668 
f 1432//1668 1543//1649 1557//1666 
f 1366//1652 1375//1669 1558//1670 
f 1544//1653 1558//1670 1559//1671 
f 1545//1654 1559//1671 1560//1672 
f 1546//1655 1560//1672 1561//1673 
f 1547//1656 1561//1673 1562//1674 
f 1548//1657 1562//1674 1563//1675 
f 1549//1658 1563//1675 1564//1676 
f 1550//1659 1564//1676 1565//1677 
f 1551//1660 1565//1677 1566//1678 
f 1552//1661 1566//1678 1567//1679 
f 1553//1662 1567//1679 1568//1680 
f 1554//1663 1568//1680 1569//1681 
f 1555//1664 1569//1681 1570//1682 
f 1556//1665 1570//1682 1571//1683 
f 1557//1666 1571//1683 1435//1684 
f 1571//1683 1436//1685 1435//1684 
f 1375//1669 1368//1686 1572//1687 
f 1558//1670 1572//1687 1573//1688 
f 1559//1671 1573//1688 1574//1689 
f 1560//1672 1574//1689 1575//1690 
f 1561//1673 1575//1690 1576//1691 
f 1562//1674 1576//1691 1577//1692 
f 1563//1675 1577//1692 1578//1693 
f 1564//1676 1578//1693 1579//1694 
f 1565//1677 1579//1694 1580//1695 
f 1566//1678 1580//1695 1581//1696 
f 1567//1679 1581//1696 1582//1697 
f 1568//1680 1582//1697 1583//1698 
f 1569//1681 1583//1698 1584//1699 
f 1570//1682 1584//1699 1585//1700 
f 1571//1683 1585//1700 1441//1701 
f 1585//1700 1439//1702 1441//1701 
f 1368//1686 1367//1703 1586//1704 
f 1572//1687 1586//1704 1587//1705 
f 1573//1688 1587//1705 1588//1706 
f 1574//1689 1588//1706 1589//1707 
f 1575//1690 1589//1707 1590//1708 
f 1576//1691 1590//1708 1591//1709 
f 1577//1692 1591//1709 1592//1710 
f 1578//1693 1592//1710 1593//1711 
f 1579//1694 1593//1711 1594//1712 
f 1580//1695 1594//1712 1595//1713 
f 1581//1696 1595//1713 1596//1714 
f 1582//1697 1596//1714 1597//1715 
f 1583//1698 1597//1715 1598//1716 
f 1584//1699 1598//1716 1599//1717 
f 1585//1700 1599//1717 1440//1718 
f 1367//1703 1376//1719 1600//1720 
f 1586//1704 1600//1720 1601//1721 
f 1587//1705 1601//1721 1602//1722 
f 1588//1706 1602//1722 1603//1723 
f 1589//1707 1603//1723 1604//1724 
f 1590//1708 1604//1724 1605//1725 
f 1591//1709 1605//1725 1606//1726 
f 1592//1710 1606//1726 1607//1727 
f 1593//1711 1607//1727 1608//1728 
f 1594//1712 1608//1728 1609//1729 
f 1595//1713 1609//1729 1610//1730 
f 1596//1714 1610//1730 1611//1731 
f 1597//1715 1611//1731 1612//1732 
f 1598//1716 1612//1732 1613//1733 
f 1613//1733 1443//1734 1442//1735 
f 1442//1735 1599//1717 1613//1733 
f 1600//1720 1614//1736 1615//1737 
f 1601//1721 1615//1737 1616//1738 
f 1602//1722 1616//1738 1617//1739 
f 1603//1723 1617//1739 1618//1740 
f 1604//1724 1618//1740 1619//1741 
f 1605//1725 1619//1741 1620//1742 
f 1606//1726 1620//1742 1621//1743 
f 1607//1727 1621//1743 1622//1744 
f 1608//1728 1622//1744 1623//1745 
f 1609//1729 1623//1745 1624//1746 
f 1610//1730 1624//1746 1625//1747 
f 1611//1731 1625//1747 1626//1748 
f 1612//1732 1626//1748 1627//1749 
f 1627//1749 1446//1750 1445//1751 
f 1445//1751 1613//1733 1627//1749 
f 1622//1744 1628//1752 1629//1753 
f 1623//1745 1629//1753 1630//1754 
f 1624//1746 1630//1754 1631//1755 
f 1625//1747 1631//1755 1632//1756 
f 1626//1748 1632//1756 1633//1757 
f 1633//1757 1449//1758 1448//1759 
f 1448//1759 1627//1749 1633//1757 
f 1600//1720 1454//1760 1455//1761 
f 1600//1720 1376//1719 1395//1762 
f 1395//1762 1454//1760 1600//1720 
f 1614//1736 1455//1761 1456//1763 
f 1614//1736 1457//1764 1458//1765 
f 1458//1765 1615//1737 1614//1736 
f 1616//1738 1615//1737 1459//1766 
f 1459//1766 1460//1767 1616//1738 
f 1616//1738 1461//1768 1462//1769 
f 1462//1769 1617//1739 1616//1738 
f 1618//1740 1617//1739 1463//1770 
f 1617//1739 1464//1771 1463//1770 
f 1618//1740 1465//1772 1466//1773 
f 1466//1773 1619//1741 1618//1740 
f 1620//1742 1619//1741 1467//1774 
f 1619//1741 1468//1775 1467//1774 
f 1621//1743 1469//1776 1470//1777 
f 1620//1742 1471//1778 1469//1776 
f 1469//1776 1621//1743 1620//1742 
f 1621//1743 1472//1779 1473//1780 
f 1473//1780 1622//1744 1621//1743 
f 1628//1752 1473//1780 1474//1781 
f 1628//1752 1475//1782 1476//1783 
f 1476//1783 1629//1753 1628//1752 
f 1629//1753 1477//1784 1478//1785 
f 1478//1785 1630//1754 1629//1753 
f 1631//1755 1630//1754 1479//1786 
f 1630//1754 1480//1787 1479//1786 
f 1479//1786 1481//1788 1631//1755 
f 1631//1755 1482//1789 1483//1790 
f 1483//1790 1632//1756 1631//1755 
f 1632//1756 1484//1791 1485//1792 
f 1485//1792 1633//1757 1632//1756 
f 1633//1757 1486//1793 1452//1794 
f 1452//1794 1486//1793 1487//1795 
f 1487//1795 1453//1796 1452//1794 
f 1452//1794 1449//1758 1633//1757 
f 1485//1792 1486//1793 1633//1757 
f 1483//1790 1484//1791 1632//1756 
f 1481//1788 1482//1789 1631//1755 
f 1478//1785 1480//1787 1630//1754 
f 1476//1783 1477//1784 1629//1753 
f 1474//1781 1475//1782 1628//1752 
f 1473//1780 1628//1752 1622//1744 
f 1470//1777 1472//1779 1621//1743 
f 1467//1774 1471//1778 1620//1742 
f 1466//1773 1468//1775 1619//1741 
f 1463//1770 1465//1772 1618//1740 
f 1462//1769 1464//1771 1617//1739 
f 1460//1767 1461//1768 1616//1738 
f 1458//1765 1459//1766 1615//1737 
f 1456//1763 1457//1764 1614//1736 
f 1455//1761 1614//1736 1600//1720 
f 1448//1759 1446//1750 1627//1749 
f 1633//1757 1627//1749 1626//1748 
f 1632//1756 1626//1748 1625//1747 
f 1631//1755 1625//1747 1624//1746 
f 1630//1754 1624//1746 1623//1745 
f 1629//1753 1623//1745 1622//1744 
f 1445//1751 1443//1734 1613//1733 
f 1627//1749 1613//1733 1612//1732 
f 1626//1748 1612//1732 1611//1731 
f 1625//1747 1611//1731 1610//1730 
f 1624//1746 1610//1730 1609//1729 
f 1623//1745 1609//1729 1608//1728 
f 1622//1744 1608//1728 1607//1727 
f 1621//1743 1607//1727 1606//1726 
f 1620//1742 1606//1726 1605//1725 
f 1619//1741 1605//1725 1604//1724 
f 1618//1740 1604//1724 1603//1723 
f 1617//1739 1603//1723 1602//1722 
f 1616//1738 1602//1722 1601//1721 
f 1615//1737 1601//1721 1600//1720 
f 1442//1735 1440//1718 1599//1717 
f 1613//1733 1599//1717 1598//1716 
f 1612//1732 1598//1716 1597//1715 
f 1611//1731 1597//1715 1596//1714 
f 1610//1730 1596//1714 1595//1713 
f 1609//1729 1595//1713 1594//1712 
f 1608//1728 1594//1712 1593//1711 
f 1607//1727 1593//1711 1592//1710 
f 1606//1726 1592//1710 1591//1709 
f 1605//1725 1591//1709 1590//1708 
f 1604//1724 1590//1708 1589//1707 
f 1603//1723 1589//1707 1588//1706 
f 1602//1722 1588//1706 1587//1705 
f 1601//1721 1587//1705 1586//1704 
f 1600//1720 1586//1704 1367//1703 
f 1440//1718 1439//1702 1585//1700 
f 1599//1717 1585//1700 1584//1699 
f 1598//1716 1584//1699 1583//1698 
f 1597//1715 1583//1698 1582//1697 
f 1596//1714 1582//1697 1581//1696 
f 1595//1713 1581//1696 1580//1695 
f 1594//1712 1580//1695 1579//1694 
f 1593//1711 1579//1694 1578//1693 
f 1592//1710 1578//1693 1577//1692 
f 1591//1709 1577//1692 1576//1691 
f 1590//1708 1576//1691 1575//1690 
f 1589//1707 1575//1690 1574//1689 
f 1588//1706 1574//1689 1573//1688 
f 1587//1705 1573//1688 1572//1687 
f 1586//1704 1572//1687 1368//1686 
f 1441//1701 1436//1685 1571//1683 
f 1585//1700 1571//1683 1570//1682 
f 1584//1699 1570//1682 1569//1681 
f 1583//1698 1569//1681 1568//1680 
f 1582//1697 1568//1680 1567//1679 
f 1581//1696 1567//1679 1566//1678 
f 1580//1695 1566//1678 1565//1677 
f 1579//1694 1565//1677 1564//1676 
f 1578//1693 1564//1676 1563//1675 
f 1577//1692 1563//1675 1562//1674 
f 1576//1691 1562//1674 1561//1673 
f 1575//1690 1561//1673 1560//1672 
f 1574//1689 1560//1672 1559//1671 
f 1573//1688 1559//1671 1558//1670 
f 1572//1687 1558//1670 1375//1669 
f 1435//1684 1433//1667 1557//1666 
f 1571//1683 1557//1666 1556//1665 
f 1570//1682 1556//1665 1555//1664 
f 1569//1681 1555//1664 1554//1663 
f 1568//1680 1554//1663 1553//1662 
f 1567//1679 1553//1662 1552//1661 
f 1566//1678 1552//1661 1551//1660 
f 1565//1677 1551//1660 1550//1659 
f 1564//1676 1550//1659 1549//1658 
f 1563//1675 1549//1658 1548//1657 
f 1562//1674 1548//1657 1547//1656 
f 1561//1673 1547//1656 1546//1655 
f 1560//1672 1546//1655 1545//1654 
f 1559//1671 1545//1654 1544//1653 
f 1558//1670 1544//1653 1366//1652 
f 1432//1668 1430//1650 1543//1649 
f 1557//1666 1543//1649 1542//1648 
f 1556//1665 1542//1648 1541//1647 
f 1555//1664 1541//1647 1540//1646 
f 1554//1663 1540//1646 1539//1645 
f 1553//1662 1539//1645 1538//1644 
f 1552//1661 1538//1644 1537//1643 
f 1551//1660 1537//1643 1536//1642 
f 1550//1659 1536//1642 1535//1641 
f 1549//1658 1535//1641 1534//1640 
f 1548//1657 1534//1640 1533//1639 
f 1547//1656 1533//1639 1532//1638 
f 1546//1655 1532//1638 1531//1637 
f 1545//1654 1531//1637 1530//1636 
f 1544//1653 1530//1636 1363//1635 
f 1429//1651 1427//1633 1529//1632 
f 1543//1649 1529//1632 1528//1631 
f 1542//1648 1528//1631 1527//1630 
f 1541//1647 1527//1630 1526//1629 
f 1540//1646 1526//1629 1525//1628 
f 1539//1645 1525//1628 1524//1627 
f 1538//1644 1524//1627 1523//1626 
f 1537//1643 1523//1626 1522//1625 
f 1536//1642 1522//1625 1521//1624 
f 1535//1641 1521//1624 1520//1623 
f 1534//1640 1520//1623 1519//1622 
f 1533//1639 1519//1622 1518//1621 
f 1532//1638 1518//1621 1517//1620 
f 1531//1637 1517//1620 1516//1619 
f 1530//1636 1516//1619 1360//1618 
f 1426//1634 1424//1616 1515//1615 
f 1529//1632 1515//1615 1514//1614 
f 1528//1631 1514//1614 1513//1613 
f 1527//1630 1513//1613 1512//1612 
f 1526//1629 1512//1612 1511//1611 
f 1525//1628 1511//1611 1510//1610 
f 1524//1627 1510//1610 1509//1609 
f 1523//1626 1509//1609 1508//1608 
f 1522//1625 1508//1608 1507//1607 
f 1521//1624 1507//1607 1506//1606 
f 1520//1623 1506//1606 1505//1605 
f 1519//1622 1505//1605 1504//1604 
f 1518//1621 1504//1604 1503//1603 
f 1517//1620 1503//1603 1502//1602 
f 1516//1619 1502//1602 1358//1601 
f 1423//1617 1421//1600 1501//1598 
f 1515//1615 1501//1598 1500//1596 
f 1514//1614 1500//1596 1499//1594 
f 1513//1613 1499//1594 1498//1592 
f 1512//1612 1498//1592 1497//1590 
f 1511//1611 1497//1590 1496//1588 
f 1510//1610 1496//1588 1495//1586 
f 1509//1609 1495//1586 1494//1584 
f 1508//1608 1494//1584 1493//1582 
f 1507//1607 1493//1582 1492//1580 
f 1506//1606 1492//1580 1491//1578 
f 1505//1605 1491//1578 1490//1576 
f 1504//1604 1490//1576 1489//1574 
f 1503//1603 1489//1574 1488//1572 
f 1502//1602 1488//1572 1353//1571 
f 1421//1600 1337//1797 1352//1599 
f 1501//1598 1352//1599 1351//1597 
f 1500//1596 1351//1597 1350//1595 
f 1499//1594 1350//1595 1349//1593 
f 1498//1592 1349//1593 1348//1591 
f 1497//1590 1348//1591 1347//1589 
f 1496//1588 1347//1589 1346//1587 
f 1495//1586 1346//1587 1345//1585 
f 1494//1584 1345//1585 1344//1583 
f 1493//1582 1344//1583 1343//1581 
f 1492//1580 1343//1581 1342//1579 
f 1491//1578 1342//1579 1341//1577 
f 1490//1576 1341//1577 1340//1575 
f 1489//1574 1340//1575 1339//1573 
f 1488//1572 1339//1573 1338//1571 
o mesh21
f 1634//1798 1453//1799 1487//1800 
f 1635//1801 1634//1798 1687//1802 
f 1636//1803 1635//1801 1688//1804 
f 1637//1805 1636//1803 1689//1806 
f 1638//1807 1637//1805 1690//1808 
f 1639//1809 1638//1807 1691//1810 
f 1640//1811 1639//1809 1692//1812 
f 1641//1813 1640//1811 1693//1814 
f 1642//1815 1641//1813 1694//1816 
f 1642//1815 1695//1817 1696//1818 
f 1643//1819 1696//1818 1697//1820 
f 1644//1821 1697//1820 1698//1822 
f 1645//1823 1698//1822 1699//1824 
f 1646//1825 1699//1824 1700//1826 
f 1647//1827 1700//1826 1701//1828 
f 1648//1829 1701//1828 1702//1830 
f 1649//1831 1702//1830 1650//1832 
f 1703//1833 1687//1802 1486//1834 
f 1687//1802 1487//1800 1486//1834 
f 1687//1802 1703//1833 1704//1835 
f 1688//1804 1704//1835 1705//1836 
f 1689//1806 1705//1836 1706//1837 
f 1690//1808 1706//1837 1707//1838 
f 1691//1810 1707//1838 1708//1839 
f 1692//1812 1708//1839 1709//1840 
f 1693//1814 1709//1840 1710//1841 
f 1694//1816 1710//1841 1711//1842 
f 1695//1817 1711//1842 1712//1843 
f 1696//1818 1712//1843 1713//1844 
f 1697//1820 1713//1844 1714//1845 
f 1698//1822 1714//1845 1715//1846 
f 1699//1824 1715//1846 1716//1847 
f 1700//1826 1716//1847 1717//1848 
f 1701//1828 1717//1848 1718//1849 
f 1718//1849 1651//1850 1652//1851 
f 1652//1851 1702//1830 1718//1849 
f 1703//1833 1485//1852 1484//1853 
f 1703//1833 1719//1854 1720//1855 
f 1704//1835 1720//1855 1721//1856 
f 1705//1836 1721//1856 1722//1857 
f 1706//1837 1722//1857 1723//1858 
f 1707//1838 1723//1858 1724//1859 
f 1708//1839 1724//1859 1725//1860 
f 1709//1840 1725//1860 1726//1861 
f 1710//1841 1726//1861 1727//1862 
f 1711//1842 1727//1862 1728//1863 
f 1712//1843 1728//1863 1729//1864 
f 1713//1844 1729//1864 1730//1865 
f 1714//1845 1730//1865 1731//1866 
f 1715//1846 1731//1866 1732//1867 
f 1716//1847 1732//1867 1733//1868 
f 1717//1848 1733//1868 1734//1869 
f 1718//1849 1734//1869 1653//1870 
f 1719//1854 1484//1853 1483//1871 
f 1719//1854 1735//1872 1736//1873 
f 1720//1855 1736//1873 1737//1874 
f 1721//1856 1737//1874 1738//1875 
f 1722//1857 1738//1875 1739//1876 
f 1723//1858 1739//1876 1740//1877 
f 1724//1859 1740//1877 1741//1878 
f 1725//1860 1741//1878 1742//1879 
f 1726//1861 1742//1879 1743//1880 
f 1727//1862 1743//1880 1744//1881 
f 1728//1863 1744//1881 1745//1882 
f 1729//1864 1745//1882 1746//1883 
f 1730//1865 1746//1883 1747//1884 
f 1731//1866 1747//1884 1748//1885 
f 1732//1867 1748//1885 1749//1886 
f 1733//1868 1749//1886 1750//1887 
f 1734//1869 1750//1887 1654//1888 
f 1654//1888 1655//1889 1734//1869 
f 1735//1872 1483//1871 1482//1890 
f 1482//1890 1751//1891 1735//1872 
f 1735//1872 1751//1891 1752//1892 
f 1736//1873 1752//1892 1753//1893 
f 1737//1874 1753//1893 1754//1894 
f 1738//1875 1754//1894 1755//1895 
f 1739//1876 1755//1895 1756//1896 
f 1740//1877 1756//1896 1757//1897 
f 1741//1878 1757//1897 1758//1898 
f 1742//1879 1758//1898 1759//1899 
f 1743//1880 1759//1899 1760//1900 
f 1744//1881 1760//1900 1761//1901 
f 1745//1882 1761//1901 1762//1902 
f 1746//1883 1762//1902 1763//1903 
f 1747//1884 1763//1903 1764//1904 
f 1748//1885 1764//1904 1765//1905 
f 1749//1886 1765//1905 1766//1906 
f 1750//1887 1766//1906 1656//1907 
f 1766//1906 1657//1908 1656//1907 
f 1751//1891 1481//1909 1479//1910 
f 1751//1891 1767//1911 1768//1912 
f 1752//1892 1768//1912 1769//1913 
f 1753//1893 1769//1913 1770//1914 
f 1754//1894 1770//1914 1771//1915 
f 1755//1895 1771//1915 1772//1916 
f 1756//1896 1772//1916 1773//1917 
f 1757//1897 1773//1917 1774//1918 
f 1758//1898 1774//1918 1775//1919 
f 1759//1899 1775//1919 1776//1920 
f 1760//1900 1776//1920 1777//1921 
f 1761//1901 1777//1921 1778//1922 
f 1762//1902 1778//1922 1779//1923 
f 1763//1903 1779//1923 1780//1924 
f 1764//1904 1780//1924 1781//1925 
f 1765//1905 1781//1925 1782//1926 
f 1766//1906 1782//1926 1658//1927 
f 1767//1911 1480//1928 1478//1929 
f 1767//1911 1479//1910 1480//1928 
f 1767//1911 1783//1930 1784//1931 
f 1768//1912 1784//1931 1785//1932 
f 1769//1913 1785//1932 1786//1933 
f 1770//1914 1786//1933 1787//1934 
f 1771//1915 1787//1934 1788//1935 
f 1772//1916 1788//1935 1789//1936 
f 1773//1917 1789//1936 1790//1937 
f 1774//1918 1790//1937 1791//1938 
f 1775//1919 1791//1938 1792//1939 
f 1776//1920 1792//1939 1793//1940 
f 1777//1921 1793//1940 1794//1941 
f 1778//1922 1794//1941 1795//1942 
f 1779//1923 1795//1942 1796//1943 
f 1780//1924 1796//1943 1797//1944 
f 1781//1925 1797//1944 1798//1945 
f 1782//1926 1798//1945 1659//1946 
f 1659//1946 1660//1947 1782//1926 
f 1783//1930 1477//1948 1476//1949 
f 1783//1930 1478//1929 1477//1948 
f 1783//1930 1799//1950 1800//1951 
f 1784//1931 1800//1951 1801//1952 
f 1785//1932 1801//1952 1802//1953 
f 1786//1933 1802//1953 1803//1954 
f 1787//1934 1803//1954 1804//1955 
f 1788//1935 1804//1955 1805//1956 
f 1789//1936 1805//1956 1806//1957 
f 1790//1937 1806//1957 1807//1958 
f 1791//1938 1807//1958 1808//1959 
f 1792//1939 1808//1959 1809//1960 
f 1793//1940 1809//1960 1810//1961 
f 1794//1941 1810//1961 1811//1962 
f 1795//1942 1811//1962 1812//1963 
f 1796//1943 1812//1963 1813//1964 
f 1797//1944 1813//1964 1814//1965 
f 1798//1945 1814//1965 1661//1966 
f 1661//1966 1662//1967 1798//1945 
f 1815//1968 1799//1950 1475//1969 
f 1799//1950 1476//1949 1475//1969 
f 1799//1950 1815//1968 1816//1970 
f 1800//1951 1816//1970 1817//1971 
f 1801//1952 1817//1971 1818//1972 
f 1802//1953 1818//1972 1819//1973 
f 1803//1954 1819//1973 1820//1974 
f 1804//1955 1820//1974 1821//1975 
f 1805//1956 1821//1975 1822//1976 
f 1806//1957 1822//1976 1823//1977 
f 1807//1958 1823//1977 1824//1978 
f 1808//1959 1824//1978 1825//1979 
f 1809//1960 1825//1979 1826//1980 
f 1810//1961 1826//1980 1827//1981 
f 1811//1962 1827//1981 1828//1982 
f 1812//1963 1828//1982 1829//1983 
f 1813//1964 1829//1983 1830//1984 
f 1830//1984 1663//1985 1664//1986 
f 1664//1986 1814//1965 1830//1984 
f 1831//1987 1815//1968 1472//1988 
f 1815//1968 1474//1989 1473//1990 
f 1473//1990 1472//1988 1815//1968 
f 1815//1968 1831//1987 1832//1991 
f 1816//1970 1832//1991 1833//1992 
f 1817//1971 1833//1992 1834//1993 
f 1818//1972 1834//1993 1835//1994 
f 1819//1973 1835//1994 1836//1995 
f 1820//1974 1836//1995 1837//1996 
f 1821//1975 1837//1996 1838//1997 
f 1822//1976 1838//1997 1839//1998 
f 1823//1977 1839//1998 1840//1999 
f 1824//1978 1840//1999 1841//2000 
f 1825//1979 1841//2000 1842//2001 
f 1826//1980 1842//2001 1843//2002 
f 1827//1981 1843//2002 1844//2003 
f 1828//1982 1844//2003 1845//2004 
f 1829//1983 1845//2004 1846//2005 
f 1846//2005 1665//2006 1666//2007 
f 1666//2007 1830//1984 1846//2005 
f 1831//1987 1470//2008 1469//2009 
f 1831//1987 1847//2010 1848//2011 
f 1832//1991 1848//2011 1849//2012 
f 1833//1992 1849//2012 1850//2013 
f 1834//1993 1850//2013 1851//2014 
f 1835//1994 1851//2014 1852//2015 
f 1836//1995 1852//2015 1853//2016 
f 1837//1996 1853//2016 1854//2017 
f 1838//1997 1854//2017 1855//2018 
f 1839//1998 1855//2018 1856//2019 
f 1840//1999 1856//2019 1857//2020 
f 1841//2000 1857//2020 1858//2021 
f 1842//2001 1858//2021 1859//2022 
f 1843//2002 1859//2022 1860//2023 
f 1844//2003 1860//2023 1861//2024 
f 1845//2004 1861//2024 1862//2025 
f 1846//2005 1862//2025 1667//2026 
f 1847//2010 1469//2009 1471//2027 
f 1847//2010 1863//2028 1864//2029 
f 1848//2011 1864//2029 1865//2030 
f 1849//2012 1865//2030 1866//2031 
f 1850//2013 1866//2031 1867//2032 
f 1851//2014 1867//2032 1868//2033 
f 1852//2015 1868//2033 1869//2034 
f 1853//2016 1869//2034 1870//2035 
f 1854//2017 1870//2035 1871//2036 
f 1855//2018 1871//2036 1872//2037 
f 1856//2019 1872//2037 1873//2038 
f 1857//2020 1873//2038 1874//2039 
f 1858//2021 1874//2039 1875//2040 
f 1859//2022 1875//2040 1876//2041 
f 1860//2023 1876//2041 1877//2042 
f 1861//2024 1877//2042 1878//2043 
f 1878//2043 1668//2044 1669//2045 
f 1669//2045 1862//2025 1878//2043 
f 1863//2028 1471//2027 1467//2046 
f 1863//2028 1879//2047 1880//2048 
f 1864//2029 1880//2048 1881//2049 
f 1865//2030 1881//2049 1882//2050 
f 1866//2031 1882//2050 1883//2051 
f 1867//2032 1883//2051 1884//2052 
f 1868//2033 1884//2052 1885//2053 
f 1869//2034 1885//2053 1886//2054 
f 1870//2035 1886//2054 1887//2055 
f 1871//2036 1887//2055 1888//2056 
f 1872//2037 1888//2056 1889//2057 
f 1873//2038 1889//2057 1890//2058 
f 1874//2039 1890//2058 1891//2059 
f 1875//2040 1891//2059 1892//2060 
f 1876//2041 1892//2060 1893//2061 
f 1877//2042 1893//2061 1894//2062 
f 1878//2043 1894//2062 1670//2063 
f 1879//2047 1468//2064 1466//2065 
f 1879//2047 1467//2046 1468//2064 
f 1879//2047 1895//2066 1896//2067 
f 1880//2048 1896//2067 1897//2068 
f 1881//2049 1897//2068 1898//2069 
f 1882//2050 1898//2069 1899//2070 
f 1883//2051 1899//2070 1900//2071 
f 1884//2052 1900//2071 1901//2072 
f 1885//2053 1901//2072 1902//2073 
f 1886//2054 1902//2073 1903//2074 
f 1887//2055 1903//2074 1904//2075 
f 1888//2056 1904//2075 1905//2076 
f 1889//2057 1905//2076 1906//2077 
f 1890//2058 1906//2077 1907//2078 
f 1891//2059 1907//2078 1908//2079 
f 1892//2060 1908//2079 1909//2080 
f 1893//2061 1909//2080 1910//2081 
f 1894//2062 1910//2081 1671//2082 
f 1671//2082 1672//2083 1894//2062 
f 1895//2066 1466//2065 1465//2084 
f 1895//2066 1911//2085 1912//2086 
f 1896//2067 1912//2086 1913//2087 
f 1897//2068 1913//2087 1914//2088 
f 1898//2069 1914//2088 1915//2089 
f 1899//2070 1915//2089 1916//2090 
f 1900//2071 1916//2090 1917//2091 
f 1901//2072 1917//2091 1918//2092 
f 1902//2073 1918//2092 1919//2093 
f 1903//2074 1919//2093 1920//2094 
f 1904//2075 1920//2094 1921//2095 
f 1905//2076 1921//2095 1922//2096 
f 1906//2077 1922//2096 1923//2097 
f 1907//2078 1923//2097 1924//2098 
f 1908//2079 1924//2098 1925//2099 
f 1909//2080 1925//2099 1926//2100 
f 1910//2081 1926//2100 1673//2101 
f 1926//2100 1674//2102 1673//2101 
f 1911//2085 1465//2084 1463//2103 
f 1911//2085 1927//2104 1928//2105 
f 1912//2086 1928//2105 1929//2106 
f 1913//2087 1929//2106 1930//2107 
f 1914//2088 1930//2107 1931//2108 
f 1915//2089 1931//2108 1932//2109 
f 1916//2090 1932//2109 1933//2110 
f 1917//2091 1933//2110 1934//2111 
f 1918//2092 1934//2111 1935//2112 
f 1919//2093 1935//2112 1936//2113 
f 1920//2094 1936//2113 1937//2114 
f 1921//2095 1937//2114 1938//2115 
f 1922//2096 1938//2115 1939//2116 
f 1923//2097 1939//2116 1940//2117 
f 1924//2098 1940//2117 1941//2118 
f 1925//2099 1941//2118 1942//2119 
f 1926//2100 1942//2119 1675//2120 
f 1927//2104 1464//2121 1462//2122 
f 1927//2104 1463//2103 1464//2121 
f 1927//2104 1943//2123 1944//2124 
f 1928//2105 1944//2124 1945//2125 
f 1929//2106 1945//2125 1946//2126 
f 1930//2107 1946//2126 1947//2127 
f 1931//2108 1947//2127 1948//2128 
f 1932//2109 1948//2128 1949//2129 
f 1933//2110 1949//2129 1950//2130 
f 1934//2111 1950//2130 1951//2131 
f 1935//2112 1951//2131 1952//2132 
f 1936//2113 1952//2132 1953//2133 
f 1937//2114 1953//2133 1954//2134 
f 1938//2115 1954//2134 1955//2135 
f 1939//2116 1955//2135 1956//2136 
f 1940//2117 1956//2136 1957//2137 
f 1941//2118 1957//2137 1958//2138 
f 1942//2119 1958//2138 1676//2139 
f 1676//2139 1677//2140 1942//2119 
f 1959//2141 1943//2123 1461//2142 
f 1943//2123 1462//2122 1461//2142 
f 1943//2123 1959//2141 1960//2143 
f 1944//2124 1960//2143 1961//2144 
f 1945//2125 1961//2144 1962//2145 
f 1946//2126 1962//2145 1963//2146 
f 1947//2127 1963//2146 1964//2147 
f 1948//2128 1964//2147 1965//2148 
f 1949//2129 1965//2148 1966//2149 
f 1950//2130 1966//2149 1967//2150 
f 1951//2131 1967//2150 1968//2151 
f 1952//2132 1968//2151 1969//2152 
f 1953//2133 1969//2152 1970//2153 
f 1954//2134 1970//2153 1971//2154 
f 1955//2135 1971//2154 1972//2155 
f 1956//2136 1972//2155 1973//2156 
f 1957//2137 1973//2156 1974//2157 
f 1974//2157 1678//2158 1679//2159 
f 1679//2159 1958//2138 1974//2157 
f 1959//2141 1460//2160 1459//2161 
f 1959//2141 1975//2162 1976//2163 
f 1960//2143 1976//2163 1977//2164 
f 1961//2144 1977//2164 1978//2165 
f 1962//2145 1978//2165 1979//2166 
f 1963//2146 1979//2166 1980//2167 
f 1964//2147 1980//2167 1981//2168 
f 1965//2148 1981//2168 1982//2169 
f 1966//2149 1982//2169 1983//2170 
f 1967//2150 1983//2170 1984//2171 
f 1968//2151 1984//2171 1985//2172 
f 1969//2152 1985//2172 1986//2173 
f 1970//2153 1986//2173 1987//2174 
f 1971//2154 1987//2174 1988//2175 
f 1972//2155 1988//2175 1989//2176 
f 1973//2156 1989//2176 1990//2177 
f 1974//2157 1990//2177 1680//2178 
f 1975//2162 1459//2161 1458//2179 
f 1975//2162 1991//2180 1992//2181 
f 1976//2163 1992//2181 1993//2182 
f 1977//2164 1993//2182 1994//2183 
f 1978//2165 1994//2183 1995//2184 
f 1979//2166 1995//2184 1996//2185 
f 1980//2167 1996//2185 1997//2186 
f 1981//2168 1997//2186 1998//2187 
f 1982//2169 1998//2187 1999//2188 
f 1983//2170 1999//2188 2000//2189 
f 1984//2171 2000//2189 2001//2190 
f 1985//2172 2001//2190 2002//2191 
f 1986//2173 2002//2191 2003//2192 
f 1987//2174 2003//2192 2004//2193 
f 1988//2175 2004//2193 2005//2194 
f 1989//2176 2005//2194 2006//2195 
f 1990//2177 2006//2195 1681//2196 
f 1681//2196 1682//2197 1990//2177 
f 2007//2198 1991//2180 1457//2199 
f 1991//2180 1458//2179 1457//2199 
f 1991//2180 2007//2198 2008//2200 
f 1992//2181 2008//2200 2009//2201 
f 1993//2182 2009//2201 2010//2202 
f 1994//2183 2010//2202 2011//2203 
f 1995//2184 2011//2203 2012//2204 
f 1996//2185 2012//2204 2013//2205 
f 1997//2186 2013//2205 2014//2206 
f 1998//2187 2014//2206 2015//2207 
f 1999//2188 2015//2207 2016//2208 
f 2000//2189 2016//2208 2017//2209 
f 2001//2190 2017//2209 2018//2210 
f 2002//2191 2018//2210 2019//2211 
f 2003//2192 2019//2211 2020//2212 
f 2004//2193 2020//2212 2021//2213 
f 2005//2194 2021//2213 2022//2214 
f 2022//2214 1683//2215 1684//2216 
f 1684//2216 2006//2195 2022//2214 
f 2023//2217 2007//2198 1455//2218 
f 2007//2198 1456//2219 1455//2218 
f 2007//2198 2023//2217 2024//2220 
f 2008//2200 2024//2220 2025//2221 
f 2009//2201 2025//2221 2026//2222 
f 2010//2202 2026//2222 2027//2223 
f 2011//2203 2027//2223 2028//2224 
f 2012//2204 2028//2224 2029//2225 
f 2013//2205 2029//2225 2030//2226 
f 2014//2206 2030//2226 2031//2227 
f 2015//2207 2031//2227 2032//2228 
f 2016//2208 2032//2228 2033//2229 
f 2017//2209 2033//2229 2034//2230 
f 2018//2210 2034//2230 2035//2231 
f 2019//2211 2035//2231 2036//2232 
f 2020//2212 2036//2232 2037//2233 
f 2021//2213 2037//2233 2038//2234 
f 2022//2214 2038//2234 1685//2235 
f 1685//2235 2038//2234 1395//2236 
f 2038//2234 2037//2233 1395//2236 
f 2037//2233 2036//2232 1395//2236 
f 2036//2232 2035//2231 1395//2236 
f 2035//2231 2034//2230 1395//2236 
f 2034//2230 2033//2229 1395//2236 
f 2033//2229 2032//2228 1395//2236 
f 2032//2228 2031//2227 1395//2236 
f 2031//2227 2030//2226 1395//2236 
f 2030//2226 2029//2225 1395//2236 
f 2029//2225 2028//2224 1395//2236 
f 2028//2224 2027//2223 1395//2236 
f 2027//2223 2026//2222 1395//2236 
f 2026//2222 2025//2221 1395//2236 
f 2025//2221 2024//2220 1395//2236 
f 2024//2220 2023//2217 1395//2236 
f 2023//2217 1454//2237 1395//2236 
f 1685//2235 1683//2215 2022//2214 
f 2038//2234 2022//2214 2021//2213 
f 2037//2233 2021//2213 2020//2212 
f 2036//2232 2020//2212 2019//2211 
f 2035//2231 2019//2211 2018//2210 
f 2034//2230 2018//2210 2017//2209 
f 2033//2229 2017//2209 2016//2208 
f 2032//2228 2016//2208 2015//2207 
f 2031//2227 2015//2207 2014//2206 
f 2030//2226 2014//2206 2013//2205 
f 2029//2225 2013//2205 2012//2204 
f 2028//2224 2012//2204 2011//2203 
f 2027//2223 2011//2203 2010//2202 
f 2026//2222 2010//2202 2009//2201 
f 2025//2221 2009//2201 2008//2200 
f 2024//2220 2008//2200 2007//2198 
f 1455//2218 1454//2237 2023//2217 
f 1684//2216 1681//2196 2006//2195 
f 2022//2214 2006//2195 2005//2194 
f 2021//2213 2005//2194 2004//2193 
f 2020//2212 2004//2193 2003//2192 
f 2019//2211 2003//2192 2002//2191 
f 2018//2210 2002//2191 2001//2190 
f 2017//2209 2001//2190 2000//2189 
f 2016//2208 2000//2189 1999//2188 
f 2015//2207 1999//2188 1998//2187 
f 2014//2206 1998//2187 1997//2186 
f 2013//2205 1997//2186 1996//2185 
f 2012//2204 1996//2185 1995//2184 
f 2011//2203 1995//2184 1994//2183 
f 2010//2202 1994//2183 1993//2182 
f 2009//2201 1993//2182 1992//2181 
f 2008//2200 1992//2181 1991//2180 
f 1457//2199 1456//2219 2007//2198 
f 1682//2197 1680//2178 1990//2177 
f 2006//2195 1990//2177 1989//2176 
f 2005//2194 1989//2176 1988//2175 
f 2004//2193 1988//2175 1987//2174 
f 2003//2192 1987//2174 1986//2173 
f 2002//2191 1986//2173 1985//2172 
f 2001//2190 1985//2172 1984//2171 
f 2000//2189 1984//2171 1983//2170 
f 1999//2188 1983//2170 1982//2169 
f 1998//2187 1982//2169 1981//2168 
f 1997//2186 1981//2168 1980//2167 
f 1996//2185 1980//2167 1979//2166 
f 1995//2184 1979//2166 1978//2165 
f 1994//2183 1978//2165 1977//2164 
f 1993//2182 1977//2164 1976//2163 
f 1992//2181 1976//2163 1975//2162 
f 1458//2179 1991//2180 1975//2162 
f 1680//2178 1678//2158 1974//2157 
f 1990//2177 1974//2157 1973//2156 
f 1989//2176 1973//2156 1972//2155 
f 1988//2175 1972//2155 1971//2154 
f 1987//2174 1971//2154 1970//2153 
f 1986//2173 1970//2153 1969//2152 
f 1985//2172 1969//2152 1968//2151 
f 1984//2171 1968//2151 1967//2150 
f 1983//2170 1967//2150 1966//2149 
f 1982//2169 1966//2149 1965//2148 
f 1981//2168 1965//2148 1964//2147 
f 1980//2167 1964//2147 1963//2146 
f 1979//2166 1963//2146 1962//2145 
f 1978//2165 1962//2145 1961//2144 
f 1977//2164 1961//2144 1960//2143 
f 1976//2163 1960//2143 1959//2141 
f 1459//2161 1975//2162 1959//2141 
f 1679//2159 1676//2139 1958//2138 
f 1974//2157 1958//2138 1957//2137 
f 1973//2156 1957//2137 1956//2136 
f 1972//2155 1956//2136 1955//2135 
f 1971//2154 1955//2135 1954//2134 
f 1970//2153 1954//2134 1953//2133 
f 1969//2152 1953//2133 1952//2132 
f 1968//2151 1952//2132 1951//2131 
f 1967//2150 1951//2131 1950//2130 
f 1966//2149 1950//2130 1949//2129 
f 1965//2148 1949//2129 1948//2128 
f 1964//2147 1948//2128 1947//2127 
f 1963//2146 1947//2127 1946//2126 
f 1962//2145 1946//2126 1945//2125 
f 1961//2144 1945//2125 1944//2124 
f 1960//2143 1944//2124 1943//2123 
f 1461//2142 1460//2160 1959//2141 
f 1677//2140 1675//2120 1942//2119 
f 1958//2138 1942//2119 1941//2118 
f 1957//2137 1941//2118 1940//2117 
f 1956//2136 1940//2117 1939//2116 
f 1955//2135 1939//2116 1938//2115 
f 1954//2134 1938//2115 1937//2114 
f 1953//2133 1937//2114 1936//2113 
f 1952//2132 1936//2113 1935//2112 
f 1951//2131 1935//2112 1934//2111 
f 1950//2130 1934//2111 1933//2110 
f 1949//2129 1933//2110 1932//2109 
f 1948//2128 1932//2109 1931//2108 
f 1947//2127 1931//2108 1930//2107 
f 1946//2126 1930//2107 1929//2106 
f 1945//2125 1929//2106 1928//2105 
f 1944//2124 1928//2105 1927//2104 
f 1462//2122 1943//2123 1927//2104 
f 1675//2120 1674//2102 1926//2100 
f 1942//2119 1926//2100 1925//2099 
f 1941//2118 1925//2099 1924//2098 
f 1940//2117 1924//2098 1923//2097 
f 1939//2116 1923//2097 1922//2096 
f 1938//2115 1922//2096 1921//2095 
f 1937//2114 1921//2095 1920//2094 
f 1936//2113 1920//2094 1919//2093 
f 1935//2112 1919//2093 1918//2092 
f 1934//2111 1918//2092 1917//2091 
f 1933//2110 1917//2091 1916//2090 
f 1932//2109 1916//2090 1915//2089 
f 1931//2108 1915//2089 1914//2088 
f 1930//2107 1914//2088 1913//2087 
f 1929//2106 1913//2087 1912//2086 
f 1928//2105 1912//2086 1911//2085 
f 1463//2103 1927//2104 1911//2085 
f 1673//2101 1671//2082 1910//2081 
f 1926//2100 1910//2081 1909//2080 
f 1925//2099 1909//2080 1908//2079 
f 1924//2098 1908//2079 1907//2078 
f 1923//2097 1907//2078 1906//2077 
f 1922//2096 1906//2077 1905//2076 
f 1921//2095 1905//2076 1904//2075 
f 1920//2094 1904//2075 1903//2074 
f 1919//2093 1903//2074 1902//2073 
f 1918//2092 1902//2073 1901//2072 
f 1917//2091 1901//2072 1900//2071 
f 1916//2090 1900//2071 1899//2070 
f 1915//2089 1899//2070 1898//2069 
f 1914//2088 1898//2069 1897//2068 
f 1913//2087 1897//2068 1896//2067 
f 1912//2086 1896//2067 1895//2066 
f 1465//2084 1911//2085 1895//2066 
f 1672//2083 1670//2063 1894//2062 
f 1910//2081 1894//2062 1893//2061 
f 1909//2080 1893//2061 1892//2060 
f 1908//2079 1892//2060 1891//2059 
f 1907//2078 1891//2059 1890//2058 
f 1906//2077 1890//2058 1889//2057 
f 1905//2076 1889//2057 1888//2056 
f 1904//2075 1888//2056 1887//2055 
f 1903//2074 1887//2055 1886//2054 
f 1902//2073 1886//2054 1885//2053 
f 1901//2072 1885//2053 1884//2052 
f 1900//2071 1884//2052 1883//2051 
f 1899//2070 1883//2051 1882//2050 
f 1898//2069 1882//2050 1881//2049 
f 1897//2068 1881//2049 1880//2048 
f 1896//2067 1880//2048 1879//2047 
f 1466//2065 1895//2066 1879//2047 
f 1670//2063 1668//2044 1878//2043 
f 1894//2062 1878//2043 1877//2042 
f 1893//2061 1877//2042 1876//2041 
f 1892//2060 1876//2041 1875//2040 
f 1891//2059 1875//2040 1874//2039 
f 1890//2058 1874//2039 1873//2038 
f 1889//2057 1873//2038 1872//2037 
f 1888//2056 1872//2037 1871//2036 
f 1887//2055 1871//2036 1870//2035 
f 1886//2054 1870//2035 1869//2034 
f 1885//2053 1869//2034 1868//2033 
f 1884//2052 1868//2033 1867//2032 
f 1883//2051 1867//2032 1866//2031 
f 1882//2050 1866//2031 1865//2030 
f 1881//2049 1865//2030 1864//2029 
f 1880//2048 1864//2029 1863//2028 
f 1467//2046 1879//2047 1863//2028 
f 1669//2045 1667//2026 1862//2025 
f 1878//2043 1862//2025 1861//2024 
f 1877//2042 1861//2024 1860//2023 
f 1876//2041 1860//2023 1859//2022 
f 1875//2040 1859//2022 1858//2021 
f 1874//2039 1858//2021 1857//2020 
f 1873//2038 1857//2020 1856//2019 
f 1872//2037 1856//2019 1855//2018 
f 1871//2036 1855//2018 1854//2017 
f 1870//2035 1854//2017 1853//2016 
f 1869//2034 1853//2016 1852//2015 
f 1868//2033 1852//2015 1851//2014 
f 1867//2032 1851//2014 1850//2013 
f 1866//2031 1850//2013 1849//2012 
f 1865//2030 1849//2012 1848//2011 
f 1864//2029 1848//2011 1847//2010 
f 1471//2027 1863//2028 1847//2010 
f 1667//2026 1665//2006 1846//2005 
f 1862//2025 1846//2005 1845//2004 
f 1861//2024 1845//2004 1844//2003 
f 1860//2023 1844//2003 1843//2002 
f 1859//2022 1843//2002 1842//2001 
f 1858//2021 1842//2001 1841//2000 
f 1857//2020 1841//2000 1840//1999 
f 1856//2019 1840//1999 1839//1998 
f 1855//2018 1839//1998 1838//1997 
f 1854//2017 1838//1997 1837//1996 
f 1853//2016 1837//1996 1836//1995 
f 1852//2015 1836//1995 1835//1994 
f 1851//2014 1835//1994 1834//1993 
f 1850//2013 1834//1993 1833//1992 
f 1849//2012 1833//1992 1832//1991 
f 1848//2011 1832//1991 1831//1987 
f 1469//2009 1847//2010 1831//1987 
f 1666//2007 1663//1985 1830//1984 
f 1846//2005 1830//1984 1829//1983 
f 1845//2004 1829//1983 1828//1982 
f 1844//2003 1828//1982 1827//1981 
f 1843//2002 1827//1981 1826//1980 
f 1842//2001 1826//1980 1825//1979 
f 1841//2000 1825//1979 1824//1978 
f 1840//1999 1824//1978 1823//1977 
f 1839//1998 1823//1977 1822//1976 
f 1838//1997 1822//1976 1821//1975 
f 1837//1996 1821//1975 1820//1974 
f 1836//1995 1820//1974 1819//1973 
f 1835//1994 1819//1973 1818//1972 
f 1834//1993 1818//1972 1817//1971 
f 1833//1992 1817//1971 1816//1970 
f 1832//1991 1816//1970 1815//1968 
f 1472//1988 1470//2008 1831//1987 
f 1664//1986 1661//1966 1814//1965 
f 1830//1984 1814//1965 1813//1964 
f 1829//1983 1813//1964 1812//1963 
f 1828//1982 1812//1963 1811//1962 
f 1827//1981 1811//1962 1810//1961 
f 1826//1980 1810//1961 1809//1960 
f 1825//1979 1809//1960 1808//1959 
f 1824//1978 1808//1959 1807//1958 
f 1823//1977 1807//1958 1806//1957 
f 1822//1976 1806//1957 1805//1956 
f 1821//1975 1805//1956 1804//1955 
f 1820//1974 1804//1955 1803//1954 
f 1819//1973 1803//1954 1802//1953 
f 1818//1972 1802//1953 1801//1952 
f 1817//1971 1801//1952 1800//1951 
f 1816//1970 1800//1951 1799//1950 
f 1475//1969 1474//1989 1815//1968 
f 1662//1967 1659//1946 1798//1945 
f 1814//1965 1798//1945 1797//1944 
f 1813//1964 1797//1944 1796//1943 
f 1812//1963 1796//1943 1795//1942 
f 1811//1962 1795//1942 1794//1941 
f 1810//1961 1794//1941 1793//1940 
f 1809//1960 1793//1940 1792//1939 
f 1808//1959 1792//1939 1791//1938 
f 1807//1958 1791//1938 1790//1937 
f 1806//1957 1790//1937 1789//1936 
f 1805//1956 1789//1936 1788//1935 
f 1804//1955 1788//1935 1787//1934 
f 1803//1954 1787//1934 1786//1933 
f 1802//1953 1786//1933 1785//1932 
f 1801//1952 1785//1932 1784//1931 
f 1800//1951 1784//1931 1783//1930 
f 1476//1949 1799//1950 1783//1930 
f 1660//1947 1658//1927 1782//1926 
f 1798//1945 1782//1926 1781//1925 
f 1797//1944 1781//1925 1780//1924 
f 1796//1943 1780//1924 1779//1923 
f 1795//1942 1779//1923 1778//1922 
f 1794//1941 1778//1922 1777//1921 
f 1793//1940 1777//1921 1776//1920 
f 1792//1939 1776//1920 1775//1919 
f 1791//1938 1775//1919 1774//1918 
f 1790//1937 1774//1918 1773//1917 
f 1789//1936 1773//1917 1772//1916 
f 1788//1935 1772//1916 1771//1915 
f 1787//1934 1771//1915 1770//1914 
f 1786//1933 1770//1914 1769//1913 
f 1785//1932 1769//1913 1768//1912 
f 1784//1931 1768//1912 1767//1911 
f 1478//1929 1783//1930 1767//1911 
f 1658//1927 1657//1908 1766//1906 
f 1782//1926 1766//1906 1765//1905 
f 1781//1925 1765//1905 1764//1904 
f 1780//1924 1764//1904 1763//1903 
f 1779//1923 1763//1903 1762//1902 
f 1778//1922 1762//1902 1761//1901 
f 1777//1921 1761//1901 1760//1900 
f 1776//1920 1760//1900 1759//1899 
f 1775//1919 1759//1899 1758//1898 
f 1774//1918 1758//1898 1757//1897 
f 1773//1917 1757//1897 1756//1896 
f 1772//1916 1756//1896 1755//1895 
f 1771//1915 1755//1895 1754//1894 
f 1770//1914 1754//1894 1753//1893 
f 1769//1913 1753//1893 1752//1892 
f 1768//1912 1752//1892 1751//1891 
f 1479//1910 1767//1911 1751//1891 
f 1656//1907 1654//1888 1750//1887 
f 1766//1906 1750//1887 1749//1886 
f 1765//1905 1749//1886 1748//1885 
f 1764//1904 1748//1885 1747//1884 
f 1763//1903 1747//1884 1746//1883 
f 1762//1902 1746//1883 1745//1882 
f 1761//1901 1745//1882 1744//1881 
f 1760//1900 1744//1881 1743//1880 
f 1759//1899 1743//1880 1742//1879 
f 1758//1898 1742//1879 1741//1878 
f 1757//1897 1741//1878 1740//1877 
f 1756//1896 1740//1877 1739//1876 
f 1755//1895 1739//1876 1738//1875 
f 1754//1894 1738//1875 1737//1874 
f 1753//1893 1737//1874 1736//1873 
f 1752//1892 1736//1873 1735//1872 
f 1482//1890 1481//1909 1751//1891 
f 1655//1889 1653//1870 1734//1869 
f 1750//1887 1734//1869 1733//1868 
f 1749//1886 1733//1868 1732//1867 
f 1748//1885 1732//1867 1731//1866 
f 1747//1884 1731//1866 1730//1865 
f 1746//1883 1730//1865 1729//1864 
f 1745//1882 1729//1864 1728//1863 
f 1744//1881 1728//1863 1727//1862 
f 1743//1880 1727//1862 1726//1861 
f 1742//1879 1726//1861 1725//1860 
f 1741//1878 1725//1860 1724//1859 
f 1740//1877 1724//1859 1723//1858 
f 1739//1876 1723//1858 1722//1857 
f 1738//1875 1722//1857 1721//1856 
f 1737//1874 1721//1856 1720//1855 
f 1736//1873 1720//1855 1719//1854 
f 1483//1871 1735//1872 1719//1854 
f 1653//1870 1651//1850 1718//1849 
f 1734//1869 1718//1849 1717//1848 
f 1733//1868 1717//1848 1716//1847 
f 1732//1867 1716//1847 1715//1846 
f 1731//1866 1715//1846 1714//1845 
f 1730//1865 1714//1845 1713//1844 
f 1729//1864 1713//1844 1712//1843 
f 1728//1863 1712//1843 1711//1842 
f 1727//1862 1711//1842 1710//1841 
f 1726//1861 1710//1841 1709//1840 
f 1725//1860 1709//1840 1708//1839 
f 1724//1859 1708//1839 1707//1838 
f 1723//1858 1707//1838 1706//1837 
f 1722//1857 1706//1837 1705//1836 
f 1721//1856 1705//1836 1704//1835 
f 1720//1855 1704//1835 1703//1833 
f 1484//1853 1719//1854 1703//1833 
f 1652//1851 1650//1832 1702//1830 
f 1718//1849 1702//1830 1701//1828 
f 1717//1848 1701//1828 1700//1826 
f 1716//1847 1700//1826 1699//1824 
f 1715//1846 1699//1824 1698//1822 
f 1714//1845 1698//1822 1697//1820 
f 1713//1844 1697//1820 1696//1818 
f 1712//1843 1696//1818 1695//1817 
f 1711//1842 1695//1817 1694//1816 
f 1710//1841 1694//1816 1693//1814 
f 1709//1840 1693//1814 1692//1812 
f 1708//1839 1692//1812 1691//1810 
f 1707//1838 1691//1810 1690//1808 
f 1706//1837 1690//1808 1689//1806 
f 1705//1836 1689//1806 1688//1804 
f 1704//1835 1688//1804 1687//1802 
f 1486//1834 1485//1852 1703//1833 
f 1650//1832 1686//2238 1649//1831 
f 1702//1830 1649//1831 1648//1829 
f 1701//1828 1648//1829 1647//1827 
f 1700//1826 1647//1827 1646//1825 
f 1699//1824 1646//1825 1645//1823 
f 1698//1822 1645//1823 1644//1821 
f 1697//1820 1644//1821 1643//1819 
f 1696//1818 1643//1819 1642//1815 
f 1694//1816 1695//1817 1642//1815 
f 1693//1814 1694//1816 1641//1813 
f 1692//1812 1693//1814 1640//1811 
f 1691//1810 1692//1812 1639//1809 
f 1690//1808 1691//1810 1638//1807 
f 1689//1806 1690//1808 1637//1805 
f 1688//1804 1689//1806 1636//1803 
f 1687//1802 1688//1804 1635//1801 
f 1487//1800 1687//1802 1634//1798 
o mesh22
f 2039//2239 1451//2240 1453//2240 
f 2040//2241 2039//2239 1634//2242 
f 2041//2243 2040//2241 1635//2244 
f 2042//2245 2041//2243 1636//2246 
f 2043//2247 2042//2245 1637//2248 
f 2044//2249 2043//2247 1638//2250 
f 2045//2251 2044//2249 1639//2252 
f 2046//2253 2045//2251 1640//2254 
f 2047//2255 2046//2253 1641//2256 
f 2048//2257 2047//2255 1642//2258 
f 2049//2259 2048//2257 1643//2260 
f 2050//2261 2049//2259 1644//2262 
f 2051//2263 2050//2261 1645//2264 
f 2052//2265 2051//2263 1646//2266 
f 2053//2267 2052//2265 1647//2268 
f 2054//2269 2053//2267 1648//2270 
f 2055//2271 2054//2269 1649//2272 
f 1649//2272 1686//2271 2055//2271 
f 1648//2270 1649//2272 2054//2269 
f 1647//2268 1648//2270 2053//2267 
f 1646//2266 1647//2268 2052//2265 
f 1645//2264 1646//2266 2051//2263 
f 1644//2262 1645//2264 2050//2261 
f 1643//2260 1644//2262 2049//2259 
f 1642//2258 1643//2260 2048//2257 
f 1641//2256 1642//2258 2047//2255 
f 1640//2254 1641//2256 2046//2253 
f 1639//2252 1640//2254 2045//2251 
f 1638//2250 1639//2252 2044//2249 
f 1637//2248 1638//2250 2043//2247 
f 1636//2246 1637//2248 2042//2245 
f 1635//2244 1636//2246 2041//2243 
f 1634//2242 1635//2244 2040//2241 
f 1453//2240 1634//2242 2039//2239 
o mesh23
f 1685//2273 1395//2274 868//2274 
f 867//2275 1683//2276 1685//2273 
f 867//2275 1684//2277 1683//2276 
f 1681//2278 1684//2277 867//2275 
f 866//2279 1682//2280 1681//2278 
f 1680//2281 1682//2280 866//2279 
f 865//2282 1679//2283 1678//2284 
f 1678//2284 1680//2281 865//2282 
f 1676//2285 1679//2283 865//2282 
f 864//2286 1677//2287 1676//2285 
f 1675//2288 1677//2287 864//2286 
f 863//2289 1674//2290 1675//2288 
f 863//2289 1673//2291 1674//2290 
f 1671//2292 1673//2291 863//2289 
f 862//2293 1672//2294 1671//2292 
f 1670//2295 1672//2294 862//2293 
f 861//2296 1668//2297 1670//2295 
f 861//2296 1669//2298 1668//2297 
f 1667//2299 1669//2298 861//2296 
f 860//2300 1666//2301 1665//2302 
f 1665//2302 1667//2299 860//2300 
f 1663//2303 1666//2301 860//2300 
f 859//2304 1664//2305 1663//2303 
f 1661//2306 1664//2305 859//2304 
f 858//2307 1662//2308 1661//2306 
f 1659//2309 1662//2308 858//2307 
f 857//2310 1660//2311 1659//2309 
f 858//2307 857//2310 1659//2309 
f 1658//2312 1660//2311 856//2313 
f 855//2314 1657//2315 1658//2312 
f 855//2314 1656//2316 1657//2315 
f 856//2313 855//2314 1658//2312 
f 1654//2317 1656//2316 854//2318 
f 854//2318 853//2319 1654//2317 
f 852//2320 1655//2321 1654//2317 
f 1653//2322 1655//2321 852//2320 
f 852//2320 851//2323 1653//2322 
f 849//2324 1652//2325 1651//2326 
f 1651//2326 1653//2322 849//2324 
f 1650//2327 1652//2325 849//2324 
f 1686//2328 1650//2327 848//2329 
f 848//2329 850//2328 1686//2328 
f 849//2324 848//2329 1650//2327 
f 851//2323 849//2324 1653//2322 
f 853//2319 852//2320 1654//2317 
f 855//2314 854//2318 1656//2316 
f 857//2310 856//2313 1660//2311 
f 859//2304 858//2307 1661//2306 
f 860//2300 859//2304 1663//2303 
f 861//2296 860//2300 1667//2299 
f 862//2293 861//2296 1670//2295 
f 863//2289 862//2293 1671//2292 
f 864//2286 863//2289 1675//2288 
f 865//2282 864//2286 1676//2285 
f 866//2279 865//2282 1680//2281 
f 867//2275 866//2279 1681//2278 
f 868//2274 867//2275 1685//2273 
o mesh24
f 2055//2328 2056//2328 2057//2328 
f 2055//2328 2058//2328 2059//2328 
f 2055//2328 2060//2328 2061//2328 
f 2055//2328 2062//2328 2056//2328 
f 2055//2328 2063//2328 2058//2328 
f 2061//2328 2064//2328 2055//2328 
f 2059//2328 2062//2328 2055//2328 
f 2064//2328 2065//2328 2066//2328 
f 2064//2328 2067//2328 2068//2328 
f 2057//2328 2060//2328 2055//2328 
f 1686//2328 2069//2328 2070//2328 
f 2066//2328 2071//2328 2064//2328 
f 2061//2328 2067//2328 2064//2328 
f 1686//2328 2072//2328 2069//2328 
f 1686//2328 2073//2328 2074//2328 
f 1686//2328 850//2328 2075//2328 
f 2064//2328 2076//2328 2077//2328 
f 2068//2328 2065//2328 2064//2328 
f 2074//2328 2072//2328 1686//2328 
f 850//2328 2078//2328 2075//2328 
f 2071//2328 2076//2328 2064//2328 
f 2055//2328 2079//2328 2080//2328 
f 1686//2328 2081//2328 2082//2328 
f 2075//2328 2073//2328 1686//2328 
f 850//2328 2083//2328 2084//2328 
f 850//2328 2085//2328 2086//2328 
f 2064//2328 2087//2328 2088//2328 
f 2064//2328 2089//2328 2090//2328 
f 2080//2328 2063//2328 2055//2328 
f 2082//2328 2055//2328 1686//2328 
f 1686//2328 2091//2328 2092//2328 
f 1686//2328 2093//2328 2094//2328 
f 2084//2328 2078//2328 850//2328 
f 850//2328 2095//2328 2085//2328 
f 2088//2328 850//2328 2064//2328 
f 2064//2328 2096//2328 2097//2328 
f 2077//2328 2089//2328 2064//2328 
f 2055//2328 2098//2328 2099//2328 
f 2092//2328 2081//2328 1686//2328 
f 1686//2328 2100//2328 2101//2328 
f 2094//2328 2102//2328 1686//2328 
f 2086//2328 2083//2328 850//2328 
f 2097//2328 2087//2328 2064//2328 
f 2099//2328 2079//2328 2055//2328 
f 2055//2328 2103//2328 2104//2328 
f 2101//2328 2091//2328 1686//2328 
f 1686//2328 2105//2328 2106//2328 
f 2070//2328 2093//2328 1686//2328 
f 2090//2328 2096//2328 2064//2328 
f 2082//2328 2103//2328 2055//2328 
f 2102//2328 2105//2328 1686//2328 
f 850//2328 2107//2328 2108//2328 
f 850//2328 2109//2328 2110//2328 
f 850//2328 2111//2328 2112//2328 
f 2104//2328 2098//2328 2055//2328 
f 2108//2328 2095//2328 850//2328 
f 850//2328 2113//2328 2114//2328 
f 2112//2328 2109//2328 850//2328 
f 2106//2328 2100//2328 1686//2328 
f 2110//2328 2113//2328 850//2328 
f 2114//2328 2107//2328 850//2328 
f 2088//2328 2111//2328 850//2328 
o mesh25
f 2115//2330 2116//2331 2081//2331 
f 2117//2332 2115//2330 2092//2333 
f 2118//2334 2117//2332 2091//2335 
f 2119//2336 2118//2334 2101//2337 
f 2120//2338 2119//2336 2100//2339 
f 2121//2340 2120//2338 2106//2341 
f 2122//2342 2121//2340 2105//2343 
f 2123//2344 2122//2342 2102//2345 
f 2124//2346 2123//2344 2094//2347 
f 2125//2348 2124//2346 2093//2349 
f 2126//2350 2125//2348 2070//2351 
f 2127//2352 2126//2350 2069//2353 
f 2128//2354 2127//2352 2072//2355 
f 2129//2356 2128//2354 2074//2357 
f 2130//2358 2129//2356 2073//2359 
f 2131//2360 2130//2358 2075//2361 
f 2132//2362 2131//2360 2078//2363 
f 2133//2364 2132//2362 2084//2365 
f 2134//2366 2133//2364 2083//2367 
f 2135//2368 2134//2366 2086//2369 
f 2136//2370 2135//2368 2085//2371 
f 2137//2372 2136//2370 2095//2373 
f 2138//2374 2137//2372 2108//2375 
f 2139//2376 2138//2374 2107//2377 
f 2140//2378 2139//2376 2114//2379 
f 2141//2380 2140//2378 2113//2381 
f 2142//2382 2141//2380 2110//2383 
f 2143//2384 2142//2382 2109//2385 
f 2144//2386 2143//2384 2112//2387 
f 2145//2388 2144//2386 2111//2389 
f 2146//2390 2145//2388 2088//2391 
f 2147//2392 2146//2390 2087//2393 
f 2148//2394 2147//2392 2097//2395 
f 2149//2396 2148//2394 2096//2397 
f 2150//2398 2149//2396 2090//2399 
f 2151//2400 2150//2398 2089//2401 
f 2152//2402 2151//2400 2077//2403 
f 2153//2404 2152//2402 2076//2405 
f 2154//2406 2153//2404 2071//2407 
f 2155//2408 2154//2406 2066//2409 
f 2156//2410 2155//2408 2065//2411 
f 2157//2412 2156//2410 2068//2413 
f 2158//2414 2157//2412 2067//2415 
f 2159//2416 2158//2414 2061//2417 
f 2160//2418 2159//2416 2060//2419 
f 2161//2420 2160//2418 2057//2421 
f 2162//2422 2161//2420 2056//2423 
f 2163//2424 2162//2422 2062//2425 
f 2164//2426 2163//2424 2059//2427 
f 2165//2428 2164//2426 2058//2429 
f 2166//2430 2165//2428 2063//2431 
f 2167//2432 2166//2430 2080//2433 
f 2168//2434 2167//2432 2079//2435 
f 2169//2436 2168//2434 2099//2437 
f 2170//2438 2169//2436 2098//2439 
f 2171//2440 2170//2438 2104//2441 
f 2172//2442 2171//2440 2103//2443 
f 2116//2331 2172//2442 2082//2442 
f 2082//2442 2081//2331 2116//2331 
f 2103//2443 2082//2442 2172//2442 
f 2104//2441 2103//2443 2171//2440 
f 2098//2439 2104//2441 2170//2438 
f 2099//2437 2098//2439 2169//2436 
f 2079//2435 2099//2437 2168//2434 
f 2080//2433 2079//2435 2167//2432 
f 2063//2431 2080//2433 2166//2430 
f 2058//2429 2063//2431 2165//2428 
f 2059//2427 2058//2429 2164//2426 
f 2062//2425 2059//2427 2163//2424 
f 2056//2423 2062//2425 2162//2422 
f 2057//2421 2056//2423 2161//2420 
f 2060//2419 2057//2421 2160//2418 
f 2061//2417 2060//2419 2159//2416 
f 2067//2415 2061//2417 2158//2414 
f 2068//2413 2067//2415 2157//2412 
f 2065//2411 2068//2413 2156//2410 
f 2066//2409 2065//2411 2155//2408 
f 2071//2407 2066//2409 2154//2406 
f 2076//2405 2071//2407 2153//2404 
f 2077//2403 2076//2405 2152//2402 
f 2089//2401 2077//2403 2151//2400 
f 2090//2399 2089//2401 2150//2398 
f 2096//2397 2090//2399 2149//2396 
f 2097//2395 2096//2397 2148//2394 
f 2087//2393 2097//2395 2147//2392 
f 2088//2391 2087//2393 2146//2390 
f 2111//2389 2088//2391 2145//2388 
f 2112//2387 2111//2389 2144//2386 
f 2109//2385 2112//2387 2143//2384 
f 2110//2383 2109//2385 2142//2382 
f 2113//2381 2110//2383 2141//2380 
f 2114//2379 2113//2381 2140//2378 
f 2107//2377 2114//2379 2139//2376 
f 2108//2375 2107//2377 2138//2374 
f 2095//2373 2108//2375 2137//2372 
f 2085//2371 2095//2373 2136//2370 
f 2086//2369 2085//2371 2135//2368 
f 2083//2367 2086//2369 2134//2366 
f 2084//2365 2083//2367 2133//2364 
f 2078//2363 2084//2365 2132//2362 
f 2075//2361 2078//2363 2131//2360 
f 2073//2359 2075//2361 2130//2358 
f 2074//2357 2073//2359 2129//2356 
f 2072//2355 2074//2357 2128//2354 
f 2069//2353 2072//2355 2127//2352 
f 2070//2351 2069//2353 2126//2350 
f 2093//2349 2070//2351 2125//2348 
f 2094//2347 2093//2349 2124//2346 
f 2102//2345 2094//2347 2123//2344 
f 2105//2343 2102//2345 2122//2342 
f 2106//2341 2105//2343 2121//2340 
f 2100//2339 2106//2341 2120//2338 
f 2101//2337 2100//2339 2119//2336 
f 2091//2335 2101//2337 2118//2334 
f 2092//2333 2091//2335 2117//2332 
f 2081//2331 2092//2333 2115//2330 
o mesh26
f 1362//2444 1357//2445 2173//2445 
f 1394//2446 1362//2444 2174//2447 
f 1410//2448 1394//2446 2175//2449 
f 1411//2450 1410//2448 2176//2451 
f 1408//2452 1411//2450 2177//2453 
f 1409//2454 1408//2452 2178//2455 
f 1418//2456 1409//2454 2179//2457 
f 1416//2458 1418//2456 2180//2459 
f 1417//2460 1416//2458 2181//2461 
f 1419//2462 1417//2460 2182//2463 
f 1420//2464 1419//2462 2183//2465 
f 1415//2466 1420//2464 2184//2467 
f 1406//2468 1415//2466 2185//2469 
f 1407//2470 1406//2468 2186//2471 
f 1414//2472 1407//2470 2187//2473 
f 1412//2474 1414//2472 2188//2475 
f 1413//2476 1412//2474 2189//2477 
f 1404//2478 1413//2476 2190//2479 
f 1405//2480 1404//2478 2191//2481 
f 1402//2482 1405//2480 2192//2483 
f 1403//2484 1402//2482 2193//2485 
f 1392//2486 1403//2484 2194//2487 
f 1393//2488 1392//2486 2195//2489 
f 1390//2490 1393//2488 2196//2491 
f 1391//2492 1390//2490 2197//2493 
f 1401//2494 1391//2492 2198//2495 
f 1389//2496 1401//2494 2199//2497 
f 1355//2498 1389//2496 2200//2499 
f 1356//2500 1355//2498 2201//2501 
f 1359//2502 1356//2500 2202//2503 
f 1387//2504 1359//2502 2203//2505 
f 1388//2506 1387//2504 2204//2507 
f 1379//2508 1388//2506 2205//2509 
f 1380//2510 1379//2508 2206//2511 
f 1373//2512 1380//2510 2207//2513 
f 1374//2514 1373//2512 2208//2515 
f 1371//2516 1374//2514 2209//2517 
f 1372//2518 1371//2516 2210//2519 
f 1385//2520 1372//2518 2211//2521 
f 1386//2522 1385//2520 2212//2523 
f 1400//2524 1386//2522 2213//2525 
f 1399//2526 1400//2524 2214//2527 
f 1397//2528 1399//2526 2215//2529 
f 1398//2530 1397//2528 2216//2531 
f 1383//2532 1398//2530 2217//2533 
f 1384//2534 1383//2532 2218//2535 
f 1396//2536 1384//2534 2219//2537 
f 1381//2538 1396//2536 2220//2539 
f 1382//2540 1381//2538 2221//2541 
f 1377//2542 1382//2540 2222//2543 
f 1378//2544 1377//2542 2223//2545 
f 1369//2546 1378//2544 2224//2547 
f 1370//2548 1369//2546 2225//2549 
f 1364//2550 1370//2548 2226//2551 
f 1365//2552 1364//2550 2227//2553 
f 1361//2554 1365//2552 2228//2555 
f 1354//2556 1361//2554 2229//2557 
f 1357//2445 1354//2556 2230//2556 
f 2230//2556 2173//2445 1357//2445 
f 2229//2557 2230//2556 1354//2556 
f 2228//2555 2229//2557 1361//2554 
f 2227//2553 2228//2555 1365//2552 
f 2226//2551 2227//2553 1364//2550 
f 2225//2549 2226//2551 1370//2548 
f 2224//2547 2225//2549 1369//2546 
f 2223//2545 2224//2547 1378//2544 
f 2222//2543 2223//2545 1377//2542 
f 2221//2541 2222//2543 1382//2540 
f 2220//2539 2221//2541 1381//2538 
f 2219//2537 2220//2539 1396//2536 
f 2218//2535 2219//2537 1384//2534 
f 2217//2533 2218//2535 1383//2532 
f 2216//2531 2217//2533 1398//2530 
f 2215//2529 2216//2531 1397//2528 
f 2214//2527 2215//2529 1399//2526 
f 2213//2525 2214//2527 1400//2524 
f 2212//2523 2213//2525 1386//2522 
f 2211//2521 2212//2523 1385//2520 
f 2210//2519 2211//2521 1372//2518 
f 2209//2517 2210//2519 1371//2516 
f 2208//2515 2209//2517 1374//2514 
f 2207//2513 2208//2515 1373//2512 
f 2206//2511 2207//2513 1380//2510 
f 2205//2509 2206//2511 1379//2508 
f 2204//2507 2205//2509 1388//2506 
f 2203//2505 2204//2507 1387//2504 
f 2202//2503 2203//2505 1359//2502 
f 2201//2501 2202//2503 1356//2500 
f 2200//2499 2201//2501 1355//2498 
f 2199//2497 2200//2499 1389//2496 
f 2198//2495 2199//2497 1401//2494 
f 2197//2493 2198//2495 1391//2492 
f 2196//2491 2197//2493 1390//2490 
f 2195//2489 2196//2491 1393//2488 
f 2194//2487 2195//2489 1392//2486 
f 2193//2485 2194//2487 1403//2484 
f 2192//2483 2193//2485 1402//2482 
f 2191//2481 2192//2483 1405//2480 
f 2190//2479 2191//2481 1404//2478 
f 2189//2477 2190//2479 1413//2476 
f 2188//2475 2189//2477 1412//2474 
f 2187//2473 2188//2475 1414//2472 
f 2186//2471 2187//2473 1407//2470 
f 2185//2469 2186//2471 1406//2468 
f 2184//2467 2185//2469 1415//2466 
f 2183//2465 2184//2467 1420//2464 
f 2182//2463 2183//2465 1419//2462 
f 2181//2461 2182//2463 1417//2460 
f 2180//2459 2181//2461 1416//2458 
f 2179//2457 2180//2459 1418//2456 
f 2178//2455 2179//2457 1409//2454 
f 2177//2453 2178//2455 1408//2452 
f 2176//2451 2177//2453 1411//2450 
f 2175//2449 2176//2451 1410//2448 
f 2174//2447 2175//2449 1394//2446 
f 2173//2445 2174//2447 1362//2444 
o mesh27
f 2064//2558 850//2558 2231//2558 
f 2064//2558 2232//2558 2233//2558 
f 850//2558 2234//2558 2231//2558 
f 119//2558 2235//2558 2236//2558 
f 119//2558 2237//2558 2238//2558 
f 119//2558 2239//2558 2240//2558 
f 119//2558 2241//2558 2242//2558 
f 118//2558 2243//2558 2244//2558 
f 2245//2558 2246//2558 2247//2558 
f 2245//2558 2248//2558 2249//2558 
f 2064//2558 2250//2558 2232//2558 
f 2064//2558 2251//2558 2252//2558 
f 850//2558 2253//2558 2234//2558 
f 850//2558 2254//2558 2255//2558 
f 2238//2558 2235//2558 119//2558 
f 2240//2558 2256//2558 119//2558 
f 119//2558 2257//2558 2258//2558 
f 119//2558 2244//2558 2241//2558 
f 118//2558 2259//2558 2243//2558 
f 118//2558 2260//2558 2261//2558 
f 2245//2558 2262//2558 2263//2558 
f 2245//2558 2264//2558 2246//2558 
f 2245//2558 2265//2558 2266//2558 
f 2245//2558 2267//2558 2268//2558 
f 2245//2558 2269//2558 2270//2558 
f 2249//2558 2271//2558 2245//2558 
f 2064//2558 2272//2558 2273//2558 
f 2064//2558 2274//2558 2250//2558 
f 2231//2558 2251//2558 2064//2558 
f 850//2558 2275//2558 2276//2558 
f 850//2558 2277//2558 2278//2558 
f 850//2558 2279//2558 2280//2558 
f 2255//2558 2281//2558 850//2558 
f 850//2558 2236//2558 2282//2558 
f 119//2558 2283//2558 2237//2558 
f 119//2558 2284//2558 2285//2558 
f 2240//2558 2286//2558 2256//2558 
f 2286//2558 2240//2558 2287//2558 
f 2258//2558 2288//2558 119//2558 
f 2244//2558 119//2558 118//2558 
f 2261//2558 2289//2558 118//2558 
f 118//2558 2290//2558 2291//2558 
f 118//2558 2292//2558 2293//2558 
f 2245//2558 2294//2558 2295//2558 
f 2245//2558 2296//2558 2297//2558 
f 2263//2558 2298//2558 2245//2558 
f 2266//2558 2264//2558 2245//2558 
f 2270//2558 2267//2558 2245//2558 
f 2271//2558 2299//2558 2245//2558 
f 2273//2558 2300//2558 2064//2558 
f 2233//2558 2301//2558 2064//2558 
f 2276//2558 2253//2558 850//2558 
f 2278//2558 2302//2558 850//2558 
f 850//2558 2303//2558 2304//2558 
f 2281//2558 2279//2558 850//2558 
f 2236//2558 850//2558 119//2558 
f 2285//2558 2305//2558 119//2558 
f 2287//2558 2306//2558 2286//2558 
f 2287//2558 2307//2558 2308//2558 
f 119//2558 2309//2558 2310//2558 
f 2242//2558 2257//2558 119//2558 
f 118//2558 2311//2558 2260//2558 
f 2291//2558 2312//2558 118//2558 
f 118//2558 2313//2558 2292//2558 
f 2245//2558 2314//2558 2294//2558 
f 2297//2558 2315//2558 2245//2558 
f 2245//2558 2316//2558 2317//2558 
f 2247//2558 2262//2558 2245//2558 
f 2299//2558 2269//2558 2245//2558 
f 2064//2558 2318//2558 2319//2558 
f 2300//2558 2320//2558 2064//2558 
f 2064//2558 2321//2558 2322//2558 
f 2252//2558 2274//2558 2064//2558 
f 2304//2558 2277//2558 850//2558 
f 2282//2558 2254//2558 850//2558 
f 2305//2558 2323//2558 119//2558 
f 119//2558 2324//2558 2325//2558 
f 2308//2558 2306//2558 2287//2558 
f 2310//2558 2326//2558 119//2558 
f 119//2558 2327//2558 2328//2558 
f 119//2558 2329//2558 2330//2558 
f 2289//2558 2259//2558 118//2558 
f 118//2558 2331//2558 2332//2558 
f 2293//2558 2290//2558 118//2558 
f 2295//2558 118//2558 2245//2558 
f 2317//2558 2296//2558 2245//2558 
f 2268//2558 2265//2558 2245//2558 
f 2245//2558 2333//2558 2334//2558 
f 2335//2558 2287//2558 2333//2558 
f 118//2558 2336//2558 2337//2558 
f 118//2558 2338//2558 2339//2558 
f 2319//2558 118//2558 2064//2558 
f 2322//2558 2272//2558 2064//2558 
f 2302//2558 2275//2558 850//2558 
f 2323//2558 2283//2558 119//2558 
f 2325//2558 2340//2558 119//2558 
f 2326//2558 2239//2558 119//2558 
f 2328//2558 2341//2558 119//2558 
f 2288//2558 2329//2558 119//2558 
f 2312//2558 2331//2558 118//2558 
f 2295//2558 2342//2558 118//2558 
f 2298//2558 2316//2558 2245//2558 
f 2287//2558 2335//2558 2343//2558 
f 2333//2558 2245//2558 2335//2558 
f 2337//2558 2344//2558 118//2558 
f 2319//2558 2338//2558 118//2558 
f 2301//2558 2321//2558 2064//2558 
f 2340//2558 2284//2558 119//2558 
f 2341//2558 2309//2558 119//2558 
f 2332//2558 2311//2558 118//2558 
f 2315//2558 2314//2558 2245//2558 
f 2334//2558 2248//2558 2245//2558 
f 2344//2558 2345//2558 118//2558 
f 2339//2558 2346//2558 118//2558 
f 2280//2558 2303//2558 850//2558 
f 2330//2558 2327//2558 119//2558 
f 2343//2558 2307//2558 2287//2558 
f 2346//2558 2336//2558 118//2558 
f 2256//2558 2324//2558 119//2558 
f 2345//2558 2245//2558 118//2558 
f 2342//2558 2313//2558 118//2558 
f 2320//2558 2318//2558 2064//2558 
o mesh28
f 2347//2559 2348//2560 2282//2560 
f 2349//2561 2347//2559 2236//2562 
f 2350//2563 2349//2561 2235//2564 
f 2351//2565 2350//2563 2238//2566 
f 2352//2567 2351//2565 2237//2568 
f 2353//2569 2352//2567 2283//2570 
f 2354//2571 2353//2569 2323//2572 
f 2355//2573 2354//2571 2305//2574 
f 2356//2575 2355//2573 2285//2576 
f 2357//2577 2356//2575 2284//2578 
f 2358//2579 2357//2577 2340//2580 
f 2359//2581 2358//2579 2325//2582 
f 2360//2583 2359//2581 2324//2584 
f 2361//2585 2360//2583 2256//2586 
f 2362//2587 2361//2585 2286//2588 
f 2363//2589 2362//2587 2306//2590 
f 2364//2591 2363//2589 2308//2592 
f 2365//2593 2364//2591 2307//2594 
f 2366//2595 2365//2593 2343//2596 
f 2367//2597 2366//2595 2335//2598 
f 2368//2599 2367//2597 2245//2600 
f 2369//2601 2368//2599 2345//2602 
f 2370//2603 2369//2601 2344//2604 
f 2371//2605 2370//2603 2337//2606 
f 2372//2607 2371//2605 2336//2608 
f 2373//2609 2372//2607 2346//2610 
f 2374//2611 2373//2609 2339//2612 
f 2375//2613 2374//2611 2338//2614 
f 2376//2615 2375//2613 2319//2616 
f 2377//2617 2376//2615 2318//2618 
f 2378//2619 2377//2617 2320//2620 
f 2379//2621 2378//2619 2300//2622 
f 2380//2623 2379//2621 2273//2624 
f 2381//2625 2380//2623 2272//2626 
f 2382//2627 2381//2625 2322//2628 
f 2383//2629 2382//2627 2321//2630 
f 2384//2631 2383//2629 2301//2632 
f 2385//2633 2384//2631 2233//2634 
f 2386//2635 2385//2633 2232//2636 
f 2387//2637 2386//2635 2250//2638 
f 2388//2639 2387//2637 2274//2640 
f 2389//2641 2388//2639 2252//2642 
f 2390//2643 2389//2641 2251//2644 
f 2391//2645 2390//2643 2231//2646 
f 2392//2647 2391//2645 2234//2648 
f 2393//2649 2392//2647 2253//2650 
f 2394//2651 2393//2649 2276//2652 
f 2395//2653 2394//2651 2275//2654 
f 2396//2655 2395//2653 2302//2656 
f 2397//2657 2396//2655 2278//2658 
f 2398//2659 2397//2657 2277//2660 
f 2399//2661 2398//2659 2304//2662 
f 2400//2663 2399//2661 2303//2664 
f 2401//2665 2400//2663 2280//2666 
f 2402//2667 2401//2665 2279//2668 
f 2403//2669 2402//2667 2281//2670 
f 2404//2671 2403//2669 2255//2672 
f 2348//2560 2404//2671 2254//2671 
f 2254//2671 2282//2560 2348//2560 
f 2255//2672 2254//2671 2404//2671 
f 2281//2670 2255//2672 2403//2669 
f 2279//2668 2281//2670 2402//2667 
f 2280//2666 2279//2668 2401//2665 
f 2303//2664 2280//2666 2400//2663 
f 2304//2662 2303//2664 2399//2661 
f 2277//2660 2304//2662 2398//2659 
f 2278//2658 2277//2660 2397//2657 
f 2302//2656 2278//2658 2396//2655 
f 2275//2654 2302//2656 2395//2653 
f 2276//2652 2275//2654 2394//2651 
f 2253//2650 2276//2652 2393//2649 
f 2234//2648 2253//2650 2392//2647 
f 2231//2646 2234//2648 2391//2645 
f 2251//2644 2231//2646 2390//2643 
f 2252//2642 2251//2644 2389//2641 
f 2274//2640 2252//2642 2388//2639 
f 2250//2638 2274//2640 2387//2637 
f 2232//2636 2250//2638 2386//2635 
f 2233//2634 2232//2636 2385//2633 
f 2301//2632 2233//2634 2384//2631 
f 2321//2630 2301//2632 2383//2629 
f 2322//2628 2321//2630 2382//2627 
f 2272//2626 2322//2628 2381//2625 
f 2273//2624 2272//2626 2380//2623 
f 2300//2622 2273//2624 2379//2621 
f 2320//2620 2300//2622 2378//2619 
f 2318//2618 2320//2620 2377//2617 
f 2319//2616 2318//2618 2376//2615 
f 2338//2614 2319//2616 2375//2613 
f 2339//2612 2338//2614 2374//2611 
f 2346//2610 2339//2612 2373//2609 
f 2336//2608 2346//2610 2372//2607 
f 2337//2606 2336//2608 2371//2605 
f 2344//2604 2337//2606 2370//2603 
f 2345//2602 2344//2604 2369//2601 
f 2245//2600 2345//2602 2368//2599 
f 2335//2598 2245//2600 2367//2597 
f 2343//2596 2335//2598 2366//2595 
f 2307//2594 2343//2596 2365//2593 
f 2308//2592 2307//2594 2364//2591 
f 2306//2590 2308//2592 2363//2589 
f 2286//2588 2306//2590 2362//2587 
f 2256//2586 2286//2588 2361//2585 
f 2324//2584 2256//2586 2360//2583 
f 2325//2582 2324//2584 2359//2581 
f 2340//2580 2325//2582 2358//2579 
f 2284//2578 2340//2580 2357//2577 
f 2285//2576 2284//2578 2356//2575 
f 2305//2574 2285//2576 2355//2573 
f 2323//2572 2305//2574 2354//2571 
f 2283//2570 2323//2572 2353//2569 
f 2237//2568 2283//2570 2352//2567 
f 2238//2566 2237//2568 2351//2565 
f 2235//2564 2238//2566 2350//2563 
f 2236//2562 2235//2564 2349//2561 
f 2282//2560 2236//2562 2347//2559 
o mesh29
f 2405//2673 2406//2673 2407//2673 
f 2362//2673 2407//2673 2408//2673 
f 2405//2673 2409//2673 2410//2673 
f 2407//2673 2363//2673 2405//2673 
f 2408//2673 2360//2673 2361//2673 
f 2410//2673 2411//2673 2405//2673 
f 2405//2673 2412//2673 2413//2673 
f 2405//2673 2414//2673 2415//2673 
f 2405//2673 2416//2673 2417//2673 
f 2416//2673 2418//2673 2419//2673 
f 2350//2673 2420//2673 2421//2673 
f 2350//2673 2422//2673 2423//2673 
f 2350//2673 2424//2673 2425//2673 
f 2350//2673 2426//2673 2427//2673 
f 2350//2673 2428//2673 2429//2673 
f 2408//2673 2361//2673 2362//2673 
f 2413//2673 2409//2673 2405//2673 
f 2405//2673 2430//2673 2414//2673 
f 2405//2673 2431//2673 2432//2673 
f 2419//2673 2417//2673 2416//2673 
f 2423//2673 2420//2673 2350//2673 
f 2427//2673 2424//2673 2350//2673 
f 2350//2673 2433//2673 2428//2673 
f 2350//2673 2434//2673 2435//2673 
f 2436//2673 2390//2673 2391//2673 
f 2405//2673 2363//2673 2364//2673 
f 2411//2673 2406//2673 2405//2673 
f 2415//2673 2437//2673 2405//2673 
f 2417//2673 2431//2673 2405//2673 
f 2416//2673 2438//2673 2439//2673 
f 2350//2673 2440//2673 2441//2673 
f 2425//2673 2422//2673 2350//2673 
f 2435//2673 2433//2673 2350//2673 
f 2350//2673 2442//2673 2443//2673 
f 2350//2673 2444//2673 2445//2673 
f 2391//2673 2446//2673 2436//2673 
f 2436//2673 2379//2673 2380//2673 
f 2436//2673 2375//2673 2376//2673 
f 2405//2673 2373//2673 2374//2673 
f 2405//2673 2371//2673 2372//2673 
f 2407//2673 2362//2673 2363//2673 
f 2408//2673 2358//2673 2359//2673 
f 2432//2673 2430//2673 2405//2673 
f 2416//2673 2447//2673 2438//2673 
f 2416//2673 2448//2673 2449//2673 
f 2350//2673 2450//2673 2440//2673 
f 2429//2673 2426//2673 2350//2673 
f 2443//2673 2451//2673 2350//2673 
f 2350//2673 2452//2673 2453//2673 
f 2445//2673 2454//2673 2350//2673 
f 2351//2673 2408//2673 2455//2673 
f 2446//2673 2392//2673 2393//2673 
f 2436//2673 2389//2673 2390//2673 
f 2380//2673 2381//2673 2436//2673 
f 2436//2673 2377//2673 2378//2673 
f 2436//2673 2374//2673 2375//2673 
f 2372//2673 2373//2673 2405//2673 
f 2359//2673 2360//2673 2408//2673 
f 2405//2673 2456//2673 2457//2673 
f 2439//2673 2418//2673 2416//2673 
f 2416//2673 2458//2673 2459//2673 
f 2416//2673 2460//2673 2461//2673 
f 2416//2673 2462//2673 2448//2673 
f 2441//2673 2416//2673 2350//2673 
f 2451//2673 2434//2673 2350//2673 
f 2454//2673 2452//2673 2350//2673 
f 2408//2673 2354//2673 2355//2673 
f 2408//2673 2352//2673 2353//2673 
f 2350//2673 2455//2673 2463//2673 
f 2455//2673 2350//2673 2351//2673 
f 2446//2673 2401//2673 2402//2673 
f 2446//2673 2394//2673 2395//2673 
f 2391//2673 2392//2673 2446//2673 
f 2436//2673 2387//2673 2388//2673 
f 2436//2673 2382//2673 2383//2673 
f 2378//2673 2379//2673 2436//2673 
f 2374//2673 2436//2673 2405//2673 
f 2457//2673 2412//2673 2405//2673 
f 2459//2673 2447//2673 2416//2673 
f 2461//2673 2464//2673 2416//2673 
f 2449//2673 2465//2673 2416//2673 
f 2441//2673 2466//2673 2416//2673 
f 2453//2673 2442//2673 2350//2673 
f 2353//2673 2354//2673 2408//2673 
f 2351//2673 2352//2673 2408//2673 
f 2402//2673 2403//2673 2446//2673 
f 2446//2673 2399//2673 2400//2673 
f 2395//2673 2396//2673 2446//2673 
f 2388//2673 2389//2673 2436//2673 
f 2383//2673 2384//2673 2436//2673 
f 2376//2673 2377//2673 2436//2673 
f 2405//2673 2368//2673 2369//2673 
f 2437//2673 2456//2673 2405//2673 
f 2465//2673 2460//2673 2416//2673 
f 2421//2673 2450//2673 2350//2673 
f 2463//2673 2444//2673 2350//2673 
f 2416//2673 2347//2673 2349//2673 
f 2446//2673 2348//2673 2347//2673 
f 2400//2673 2401//2673 2446//2673 
f 2393//2673 2394//2673 2446//2673 
f 2436//2673 2385//2673 2386//2673 
f 2381//2673 2382//2673 2436//2673 
f 2369//2673 2370//2673 2405//2673 
f 2464//2673 2458//2673 2416//2673 
f 2408//2673 2356//2673 2357//2673 
f 2355//2673 2356//2673 2408//2673 
f 2347//2673 2416//2673 2446//2673 
f 2403//2673 2404//2673 2446//2673 
f 2446//2673 2397//2673 2398//2673 
f 2386//2673 2387//2673 2436//2673 
f 2370//2673 2371//2673 2405//2673 
f 2405//2673 2365//2673 2366//2673 
f 2357//2673 2358//2673 2408//2673 
f 2349//2673 2350//2673 2416//2673 
f 2398//2673 2399//2673 2446//2673 
f 2384//2673 2385//2673 2436//2673 
f 2366//2673 2367//2673 2405//2673 
f 2466//2673 2462//2673 2416//2673 
f 2396//2673 2397//2673 2446//2673 
f 2364//2673 2365//2673 2405//2673 
f 2367//2673 2368//2673 2405//2673 
f 2404//2673 2348//2673 2446//2673 
o mesh30
f 2448//2674 2462//2675 2240//2675 
f 2449//2676 2448//2674 2239//2677 
f 2465//2678 2449//2676 2326//2679 
f 2460//2680 2465//2678 2310//2681 
f 2461//2682 2460//2680 2309//2683 
f 2464//2684 2461//2682 2341//2685 
f 2458//2686 2464//2684 2328//2687 
f 2459//2688 2458//2686 2327//2689 
f 2447//2690 2459//2688 2330//2691 
f 2438//2692 2447//2690 2329//2693 
f 2439//2694 2438//2692 2288//2695 
f 2418//2696 2439//2694 2258//2697 
f 2419//2698 2418//2696 2257//2699 
f 2417//2700 2419//2698 2242//2701 
f 2431//2702 2417//2700 2241//2703 
f 2432//2704 2431//2702 2244//2705 
f 2430//2706 2432//2704 2243//2707 
f 2414//2708 2430//2706 2259//2709 
f 2415//2710 2414//2708 2289//2711 
f 2437//2712 2415//2710 2261//2713 
f 2456//2714 2437//2712 2260//2715 
f 2457//2716 2456//2714 2311//2717 
f 2412//2718 2457//2716 2332//2719 
f 2413//2720 2412//2718 2331//2721 
f 2409//2722 2413//2720 2312//2723 
f 2410//2724 2409//2722 2291//2725 
f 2411//2726 2410//2724 2290//2727 
f 2406//2728 2411//2726 2293//2729 
f 2407//2730 2406//2728 2292//2731 
f 2408//2732 2407//2730 2313//2733 
f 2455//2734 2408//2732 2342//2735 
f 2463//2736 2455//2734 2295//2737 
f 2444//2738 2463//2736 2294//2739 
f 2445//2740 2444//2738 2314//2741 
f 2454//2742 2445//2740 2315//2743 
f 2452//2744 2454//2742 2297//2745 
f 2453//2746 2452//2744 2296//2747 
f 2442//2748 2453//2746 2317//2749 
f 2443//2750 2442//2748 2316//2751 
f 2451//2752 2443//2750 2298//2753 
f 2434//2754 2451//2752 2263//2755 
f 2435//2756 2434//2754 2262//2757 
f 2433//2758 2435//2756 2247//2759 
f 2428//2760 2433//2758 2246//2761 
f 2429//2762 2428//2760 2264//2763 
f 2426//2764 2429//2762 2266//2765 
f 2427//2766 2426//2764 2265//2767 
f 2424//2768 2427//2766 2268//2769 
f 2425//2770 2424//2768 2267//2771 
f 2422//2772 2425//2770 2270//2773 
f 2423//2774 2422//2772 2269//2775 
f 2420//2776 2423//2774 2299//2777 
f 2421//2778 2420//2776 2271//2779 
f 2450//2780 2421//2778 2249//2781 
f 2440//2782 2450//2780 2248//2783 
f 2441//2784 2440//2782 2334//2785 
f 2466//2786 2441//2784 2333//2787 
f 2462//2675 2466//2786 2287//2786 
f 2287//2786 2240//2675 2462//2675 
f 2333//2787 2287//2786 2466//2786 
f 2334//2785 2333//2787 2441//2784 
f 2248//2783 2334//2785 2440//2782 
f 2249//2781 2248//2783 2450//2780 
f 2271//2779 2249//2781 2421//2778 
f 2299//2777 2271//2779 2420//2776 
f 2269//2775 2299//2777 2423//2774 
f 2270//2773 2269//2775 2422//2772 
f 2267//2771 2270//2773 2425//2770 
f 2268//2769 2267//2771 2424//2768 
f 2265//2767 2268//2769 2427//2766 
f 2266//2765 2265//2767 2426//2764 
f 2264//2763 2266//2765 2429//2762 
f 2246//2761 2264//2763 2428//2760 
f 2247//2759 2246//2761 2433//2758 
f 2262//2757 2247//2759 2435//2756 
f 2263//2755 2262//2757 2434//2754 
f 2298//2753 2263//2755 2451//2752 
f 2316//2751 2298//2753 2443//2750 
f 2317//2749 2316//2751 2442//2748 
f 2296//2747 2317//2749 2453//2746 
f 2297//2745 2296//2747 2452//2744 
f 2315//2743 2297//2745 2454//2742 
f 2314//2741 2315//2743 2445//2740 
f 2294//2739 2314//2741 2444//2738 
f 2295//2737 2294//2739 2463//2736 
f 2342//2735 2295//2737 2455//2734 
f 2313//2733 2342//2735 2408//2732 
f 2292//2731 2313//2733 2407//2730 
f 2293//2729 2292//2731 2406//2728 
f 2290//2727 2293//2729 2411//2726 
f 2291//2725 2290//2727 2410//2724 
f 2312//2723 2291//2725 2409//2722 
f 2331//2721 2312//2723 2413//2720 
f 2332//2719 2331//2721 2412//2718 
f 2311//2717 2332//2719 2457//2716 
f 2260//2715 2311//2717 2456//2714 
f 2261//2713 2260//2715 2437//2712 
f 2289//2711 2261//2713 2415//2710 
f 2259//2709 2289//2711 2414//2708 
f 2243//2707 2259//2709 2430//2706 
f 2244//2705 2243//2707 2432//2704 
f 2241//2703 2244//2705 2431//2702 
f 2242//2701 2241//2703 2417//2700 
f 2257//2699 2242//2701 2419//2698 
f 2258//2697 2257//2699 2418//2696 
f 2288//2695 2258//2697 2439//2694 
f 2329//2693 2288//2695 2438//2692 
f 2330//2691 2329//2693 2447//2690 
f 2327//2689 2330//2691 2459//2688 
f 2328//2687 2327//2689 2458//2686 
f 2341//2685 2328//2687 2464//2684 
f 2309//2683 2341//2685 2461//2682 
f 2310//2681 2309//2683 2460//2680 
f 2326//2679 2310//2681 2465//2678 
f 2239//2677 2326//2679 2449//2676 
f 2240//2675 2239//2677 2448//2674 
o mesh31
f 2467//2788 2468//2788 2469//2788 
f 2467//2788 2470//2788 2468//2788 
f 2469//2788 2405//2788 2467//2788 
f 2467//2788 2471//2788 2472//2788 
f 2467//2788 2473//2788 2474//2788 
f 2467//2788 2475//2788 2476//2788 
f 2477//2788 2478//2788 2479//2788 
f 2477//2788 2480//2788 2481//2788 
f 2477//2788 2482//2788 2483//2788 
f 2477//2788 2484//2788 2485//2788 
f 2472//2788 2470//2788 2467//2788 
f 2476//2788 2473//2788 2467//2788 
f 2467//2788 2486//2788 2487//2788 
f 2467//2788 2488//2788 2489//2788 
f 2481//2788 2478//2788 2477//2788 
f 2485//2788 2482//2788 2477//2788 
f 2490//2788 78//2788 80//2788 
f 2490//2788 70//2788 72//2788 
f 2474//2788 2471//2788 2467//2788 
f 2489//2788 2486//2788 2467//2788 
f 2467//2788 2477//2788 2491//2788 
f 2483//2788 2480//2788 2477//2788 
f 2477//2788 2492//2788 2493//2788 
f 2477//2788 2494//2788 2495//2788 
f 2416//2788 2496//2788 2494//2788 
f 80//2788 82//2788 2490//2788 
f 72//2788 74//2788 2490//2788 
f 2405//2788 106//2788 108//2788 
f 2405//2788 92//2788 94//2788 
f 2497//2788 2498//2788 86//2788 
f 2405//2788 2499//2788 2500//2788 
f 2487//2788 2475//2788 2467//2788 
f 2467//2788 2501//2788 2502//2788 
f 2467//2788 2503//2788 2504//2788 
f 2491//2788 2505//2788 2467//2788 
f 2477//2788 2506//2788 2507//2788 
f 2477//2788 2508//2788 2509//2788 
f 2477//2788 2510//2788 2511//2788 
f 2493//2788 2484//2788 2477//2788 
f 2494//2788 2477//2788 2416//2788 
f 2512//2788 2416//2788 30//2788 
f 2513//2788 34//2788 36//2788 
f 82//2788 84//2788 2490//2788 
f 74//2788 76//2788 2490//2788 
f 2405//2788 104//2788 106//2788 
f 2405//2788 98//2788 100//2788 
f 94//2788 96//2788 2405//2788 
f 86//2788 2405//2788 2497//2788 
f 2405//2788 2514//2788 2515//2788 
f 2469//2788 2499//2788 2405//2788 
f 2467//2788 2516//2788 2501//2788 
f 2505//2788 2503//2788 2467//2788 
f 2509//2788 2506//2788 2477//2788 
f 2511//2788 2517//2788 2477//2788 
f 2495//2788 2492//2788 2477//2788 
f 2416//2788 2518//2788 2519//2788 
f 2416//2788 28//2788 30//2788 
f 2416//2788 20//2788 22//2788 
f 2513//2788 32//2788 34//2788 
f 76//2788 78//2788 2490//2788 
f 2490//2788 66//2788 68//2788 
f 2405//2788 102//2788 104//2788 
f 96//2788 98//2788 2405//2788 
f 2405//2788 88//2788 90//2788 
f 86//2788 88//2788 2405//2788 
f 2500//2788 2514//2788 2405//2788 
f 2504//2788 2516//2788 2467//2788 
f 2517//2788 2508//2788 2477//2788 
f 2519//2788 2496//2788 2416//2788 
f 30//2788 2513//2788 2512//2788 
f 2416//2788 18//2788 20//2788 
f 2416//2788 8//2788 10//2788 
f 2513//2788 30//2788 32//2788 
f 68//2788 70//2788 2490//2788 
f 2490//2788 62//2788 64//2788 
f 2490//2788 2520//2788 58//2788 
f 2405//2788 114//2788 2//2788 
f 2405//2788 110//2788 112//2788 
f 100//2788 102//2788 2405//2788 
f 2498//2788 2490//2788 86//2788 
f 2405//2788 2521//2788 2522//2788 
f 2502//2788 2488//2788 2467//2788 
f 2479//2788 2510//2788 2477//2788 
f 2416//2788 2523//2788 2524//2788 
f 2416//2788 26//2788 28//2788 
f 22//2788 24//2788 2416//2788 
f 10//2788 12//2788 2416//2788 
f 2416//2788 1//2788 4//2788 
f 2513//2788 56//2788 58//2788 
f 2513//2788 44//2788 46//2788 
f 2513//2788 40//2788 42//2788 
f 36//2788 38//2788 2513//2788 
f 64//2788 66//2788 2490//2788 
f 58//2788 60//2788 2490//2788 
f 112//2788 114//2788 2405//2788 
f 90//2788 92//2788 2405//2788 
f 2515//2788 2521//2788 2405//2788 
f 2524//2788 2518//2788 2416//2788 
f 24//2788 26//2788 2416//2788 
f 2416//2788 14//2788 16//2788 
f 2416//2788 6//2788 8//2788 
f 2416//2788 2//2788 1//2788 
f 2513//2788 54//2788 56//2788 
f 2513//2788 50//2788 52//2788 
f 46//2788 48//2788 2513//2788 
f 38//2788 40//2788 2513//2788 
f 60//2788 62//2788 2490//2788 
f 108//2788 110//2788 2405//2788 
f 2507//2788 2491//2788 2477//2788 
f 2416//2788 2525//2788 2526//2788 
f 16//2788 18//2788 2416//2788 
f 4//2788 6//2788 2416//2788 
f 52//2788 54//2788 2513//2788 
f 42//2788 44//2788 2513//2788 
f 2//2788 2416//2788 2405//2788 
f 2526//2788 2523//2788 2416//2788 
f 12//2788 14//2788 2416//2788 
f 48//2788 50//2788 2513//2788 
f 2522//2788 2497//2788 2405//2788 
f 58//2788 2520//2788 2513//2788 
f 2512//2788 2525//2788 2416//2788 
f 84//2788 86//2788 2490//2788 
o mesh32
f 2527//2789 2528//2789 2477//2789 
f 2477//2789 2467//2789 2527//2789 
o mesh33
f 2513//2790 2520//2789 2529//2789 
f 2512//2791 2513//2790 2530//2790 
f 2525//2792 2512//2791 2531//2791 
f 2526//2793 2525//2792 2532//2792 
f 2523//2794 2526//2793 2533//2793 
f 2524//2795 2523//2794 2534//2794 
f 2518//2796 2524//2795 2535//2795 
f 2519//2797 2518//2796 2536//2796 
f 2496//2798 2519//2797 2537//2797 
f 2494//2799 2496//2798 2538//2798 
f 2495//2800 2494//2799 2539//2799 
f 2492//2801 2495//2800 2540//2800 
f 2493//2802 2492//2801 2541//2801 
f 2484//2803 2493//2802 2542//2802 
f 2485//2804 2484//2803 2543//2803 
f 2482//2805 2485//2804 2544//2804 
f 2483//2806 2482//2805 2545//2805 
f 2480//2807 2483//2806 2546//2806 
f 2481//2808 2480//2807 2547//2807 
f 2478//2809 2481//2808 2548//2808 
f 2479//2810 2478//2809 2549//2809 
f 2510//2811 2479//2810 2550//2810 
f 2511//2812 2510//2811 2551//2811 
f 2517//2813 2511//2812 2552//2812 
f 2508//2814 2517//2813 2553//2813 
f 2509//2815 2508//2814 2554//2814 
f 2506//2816 2509//2815 2555//2815 
f 2507//2817 2506//2816 2556//2816 
f 2491//2818 2507//2817 2557//2817 
f 2505//2819 2491//2818 2558//2818 
f 2503//2820 2505//2819 2559//2819 
f 2504//2821 2503//2820 2560//2820 
f 2516//2822 2504//2821 2561//2821 
f 2501//2823 2516//2822 2562//2822 
f 2502//2824 2501//2823 2563//2823 
f 2488//2825 2502//2824 2564//2824 
f 2489//2826 2488//2825 2565//2825 
f 2486//2827 2489//2826 2566//2826 
f 2487//2828 2486//2827 2567//2827 
f 2475//2829 2487//2828 2568//2828 
f 2476//2830 2475//2829 2569//2829 
f 2473//2831 2476//2830 2570//2830 
f 2474//2832 2473//2831 2571//2831 
f 2471//2833 2474//2832 2572//2832 
f 2472//2834 2471//2833 2573//2833 
f 2470//2835 2472//2834 2574//2834 
f 2468//2836 2470//2835 2575//2835 
f 2469//2837 2468//2836 2576//2836 
f 2499//2838 2469//2837 2577//2837 
f 2500//2839 2499//2838 2578//2838 
f 2514//2840 2500//2839 2579//2839 
f 2515//2841 2514//2840 2580//2840 
f 2521//2842 2515//2841 2581//2841 
f 2522//2843 2521//2842 2582//2842 
f 2497//2844 2522//2843 2583//2843 
f 2498//2845 2497//2844 2584//2844 
f 2490//2846 2498//2845 2585//2845 
f 2520//2789 2490//2846 2586//2846 
f 2586//2846 2529//2789 2520//2789 
f 2585//2845 2586//2846 2490//2846 
f 2584//2844 2585//2845 2498//2845 
f 2583//2843 2584//2844 2497//2844 
f 2582//2842 2583//2843 2522//2843 
f 2581//2841 2582//2842 2521//2842 
f 2580//2840 2581//2841 2515//2841 
f 2579//2839 2580//2840 2514//2840 
f 2578//2838 2579//2839 2500//2839 
f 2577//2837 2578//2838 2499//2838 
f 2576//2836 2577//2837 2469//2837 
f 2575//2835 2576//2836 2468//2836 
f 2574//2834 2575//2835 2470//2835 
f 2573//2833 2574//2834 2472//2834 
f 2572//2832 2573//2833 2471//2833 
f 2571//2831 2572//2832 2474//2832 
f 2570//2830 2571//2831 2473//2831 
f 2569//2829 2570//2830 2476//2830 
f 2568//2828 2569//2829 2475//2829 
f 2567//2827 2568//2828 2487//2828 
f 2566//2826 2567//2827 2486//2827 
f 2565//2825 2566//2826 2489//2826 
f 2564//2824 2565//2825 2488//2825 
f 2563//2823 2564//2824 2502//2824 
f 2562//2822 2563//2823 2501//2823 
f 2561//2821 2562//2822 2516//2822 
f 2560//2820 2561//2821 2504//2821 
f 2559//2819 2560//2820 2503//2820 
f 2558//2818 2559//2819 2505//2819 
f 2557//2817 2558//2818 2491//2818 
f 2556//2816 2557//2817 2507//2817 
f 2555//2815 2556//2816 2506//2816 
f 2554//2814 2555//2815 2509//2815 
f 2553//2813 2554//2814 2508//2814 
f 2552//2812 2553//2813 2517//2813 
f 2551//2811 2552//2812 2511//2812 
f 2550//2810 2551//2811 2510//2811 
f 2549//2809 2550//2810 2479//2810 
f 2548//2808 2549//2809 2478//2809 
f 2547//2807 2548//2808 2481//2808 
f 2546//2806 2547//2807 2480//2807 
f 2545//2805 2546//2806 2483//2806 
f 2544//2804 2545//2805 2482//2805 
f 2543//2803 2544//2804 2485//2804 
f 2542//2802 2543//2803 2484//2803 
f 2541//2801 2542//2802 2493//2802 
f 2540//2800 2541//2801 2492//2801 
f 2539//2799 2540//2800 2495//2800 
f 2538//2798 2539//2799 2494//2799 
f 2537//2797 2538//2798 2496//2798 
f 2536//2796 2537//2797 2519//2797 
f 2535//2795 2536//2796 2518//2796 
f 2534//2794 2535//2795 2524//2795 
f 2533//2793 2534//2794 2523//2794 
f 2532//2792 2533//2793 2526//2793 
f 2531//2791 2532//2792 2525//2792 
f 2530//2790 2531//2791 2512//2791 
f 2529//2789 2530//2790 2513//2790 
o mesh34
f 2527//2847 2568//2847 2567//2847 
f 2527//2847 2575//2847 2574//2847 
f 2527//2847 2587//2847 2576//2847 
f 2527//2847 2569//2847 2568//2847 
f 2527//2847 2573//2847 2572//2847 
f 2576//2847 2575//2847 2527//2847 
f 2567//2847 2566//2847 2527//2847 
f 2527//2847 2571//2847 2570//2847 
f 2574//2847 2573//2847 2527//2847 
f 2587//2847 2578//2847 2577//2847 
f 2528//2847 2550//2847 2549//2847 
f 2570//2847 2569//2847 2527//2847 
f 2577//2847 2576//2847 2587//2847 
f 2587//2847 2586//2847 2585//2847 
f 2588//2847 2540//2847 2539//2847 
f 2528//2847 2541//2847 2540//2847 
f 2528//2847 2543//2847 2542//2847 
f 2528//2847 2545//2847 2544//2847 
f 2549//2847 2548//2847 2528//2847 
f 2527//2847 2564//2847 2563//2847 
f 2572//2847 2571//2847 2527//2847 
f 2587//2847 2583//2847 2582//2847 
f 2585//2847 2584//2847 2587//2847 
f 2587//2847 2588//2847 2529//2847 
f 2588//2847 2532//2847 2531//2847 
f 2540//2847 2588//2847 2528//2847 
f 2544//2847 2543//2847 2528//2847 
f 2528//2847 2547//2847 2546//2847 
f 2528//2847 2551//2847 2550//2847 
f 2563//2847 2562//2847 2527//2847 
f 2566//2847 2565//2847 2527//2847 
f 2587//2847 2581//2847 2580//2847 
f 2584//2847 2583//2847 2587//2847 
f 2588//2847 2530//2847 2529//2847 
f 2588//2847 2533//2847 2532//2847 
f 2588//2847 2535//2847 2534//2847 
f 2542//2847 2541//2847 2528//2847 
f 2548//2847 2547//2847 2528//2847 
f 2565//2847 2564//2847 2527//2847 
f 2580//2847 2579//2847 2587//2847 
f 2529//2847 2586//2847 2587//2847 
f 2534//2847 2533//2847 2588//2847 
f 2588//2847 2537//2847 2536//2847 
f 2546//2847 2545//2847 2528//2847 
f 2528//2847 2553//2847 2552//2847 
f 2579//2847 2578//2847 2587//2847 
f 2531//2847 2530//2847 2588//2847 
f 2588//2847 2538//2847 2537//2847 
f 2552//2847 2551//2847 2528//2847 
f 2582//2847 2581//2847 2587//2847 
f 2539//2847 2538//2847 2588//2847 
f 2527//2847 2559//2847 2558//2847 
f 2527//2847 2561//2847 2560//2847 
f 2536//2847 2535//2847 2588//2847 
f 2528//2847 2555//2847 2554//2847 
f 2560//2847 2559//2847 2527//2847 
f 2554//2847 2553//2847 2528//2847 
f 2528//2847 2557//2847 2556//2847 
f 2562//2847 2561//2847 2527//2847 
f 2528//2847 2558//2847 2557//2847 
f 2556//2847 2555//2847 2528//2847 
f 2558//2847 2528//2847 2527//2847 
o mesh35
f 2589//2848 2590//2849 2591//2849 
f 2592//2850 2589//2848 2593//2851 
f 2594//2852 2592//2850 2595//2853 
f 2596//2854 2594//2852 2597//2855 
f 2598//2856 2596//2854 2599//2857 
f 2600//2858 2598//2856 2601//2859 
f 2602//2860 2600//2858 2603//2861 
f 2604//2862 2602//2860 2605//2863 
f 2606//2864 2604//2862 2607//2865 
f 2608//2866 2606//2864 2609//2867 
f 2610//2868 2608//2866 2611//2869 
f 2612//2870 2610//2868 2613//2871 
f 2614//2872 2612//2870 2615//2873 
f 2616//2874 2614//2872 2617//2875 
f 2618//2876 2616//2874 2619//2877 
f 2620//2878 2618//2876 2621//2879 
f 2622//2880 2620//2878 2623//2881 
f 2624//2882 2622//2880 2625//2883 
f 2626//2884 2624//2882 2627//2885 
f 2628//2886 2626//2884 2629//2887 
f 2630//2888 2628//2886 2631//2889 
f 2587//2890 2630//2888 2632//2891 
f 2632//2891 2588//2890 2587//2890 
f 2631//2889 2632//2891 2630//2888 
f 2629//2887 2631//2889 2628//2886 
f 2627//2885 2629//2887 2626//2884 
f 2625//2883 2627//2885 2624//2882 
f 2623//2881 2625//2883 2622//2880 
f 2621//2879 2623//2881 2620//2878 
f 2619//2877 2621//2879 2618//2876 
f 2617//2875 2619//2877 2616//2874 
f 2615//2873 2617//2875 2614//2872 
f 2613//2871 2615//2873 2612//2870 
f 2611//2869 2613//2871 2610//2868 
f 2609//2867 2611//2869 2608//2866 
f 2607//2865 2609//2867 2606//2864 
f 2605//2863 2607//2865 2604//2862 
f 2603//2861 2605//2863 2602//2860 
f 2601//2859 2603//2861 2600//2858 
f 2599//2857 2601//2859 2598//2856 
f 2597//2855 2599//2857 2596//2854 
f 2595//2853 2597//2855 2594//2852 
f 2593//2851 2595//2853 2592//2850 
f 2591//2849 2593//2851 2589//2848 
o mesh36
f 2633//2892 2436//2892 2159//2892 
f 2436//2892 2158//2892 2159//2892 
f 2436//2892 2446//2892 2144//2892 
f 2634//2892 2635//2892 2129//2892 
f 2636//2892 2637//2892 2638//2892 
f 2636//2892 2639//2892 2640//2892 
f 2641//2892 2642//2892 2643//2892 
f 2641//2892 2644//2892 2645//2892 
f 2159//2892 2646//2892 2633//2892 
f 2436//2892 2146//2892 2147//2892 
f 2144//2892 2145//2892 2436//2892 
f 2446//2892 2142//2892 2143//2892 
f 2446//2892 2140//2892 2141//2892 
f 2129//2892 2446//2892 2634//2892 
f 2636//2892 2647//2892 2637//2892 
f 2636//2892 2648//2892 2639//2892 
f 2636//2892 2649//2892 2650//2892 
f 2641//2892 2651//2892 2652//2892 
f 2641//2892 2653//2892 2654//2892 
f 2643//2892 2655//2892 2641//2892 
f 2645//2892 2656//2892 2641//2892 
f 2436//2892 2657//2892 2644//2892 
f 2436//2892 2157//2892 2158//2892 
f 2436//2892 2155//2892 2156//2892 
f 2436//2892 2152//2892 2153//2892 
f 2145//2892 2146//2892 2436//2892 
f 2141//2892 2142//2892 2446//2892 
f 2129//2892 2130//2892 2446//2892 
f 2646//2892 2159//2892 2160//2892 
f 2446//2892 2638//2892 2658//2892 
f 2636//2892 2659//2892 2647//2892 
f 2650//2892 2648//2892 2636//2892 
f 2636//2892 2660//2892 2661//2892 
f 2652//2892 2662//2892 2641//2892 
f 2655//2892 2653//2892 2641//2892 
f 2644//2892 2641//2892 2436//2892 
f 2156//2892 2157//2892 2436//2892 
f 2153//2892 2154//2892 2436//2892 
f 2143//2892 2144//2892 2446//2892 
f 2446//2892 2138//2892 2139//2892 
f 2446//2892 2133//2892 2134//2892 
f 2446//2892 2131//2892 2132//2892 
f 2635//2892 2663//2892 2129//2892 
f 2646//2892 2172//2892 2116//2892 
f 2646//2892 2162//2892 2163//2892 
f 2160//2892 2161//2892 2646//2892 
f 2658//2892 2664//2892 2446//2892 
f 2640//2892 2659//2892 2636//2892 
f 2636//2892 2665//2892 2660//2892 
f 2662//2892 2666//2892 2641//2892 
f 2656//2892 2642//2892 2641//2892 
f 2663//2892 2125//2892 2126//2892 
f 2154//2892 2155//2892 2436//2892 
f 2436//2892 2150//2892 2151//2892 
f 2436//2892 2148//2892 2149//2892 
f 2139//2892 2140//2892 2446//2892 
f 2134//2892 2135//2892 2446//2892 
f 2130//2892 2131//2892 2446//2892 
f 2646//2892 2171//2892 2172//2892 
f 2646//2892 2169//2892 2170//2892 
f 2161//2892 2162//2892 2646//2892 
f 2638//2892 2446//2892 2636//2892 
f 2636//2892 2667//2892 2665//2892 
f 2654//2892 2651//2892 2641//2892 
f 2436//2892 2668//2892 2669//2892 
f 2663//2892 2127//2892 2128//2892 
f 2663//2892 2124//2892 2125//2892 
f 2663//2892 2121//2892 2122//2892 
f 2663//2892 2119//2892 2120//2892 
f 2663//2892 2117//2892 2118//2892 
f 2663//2892 2670//2892 2116//2892 
f 2151//2892 2152//2892 2436//2892 
f 2147//2892 2148//2892 2436//2892 
f 2446//2892 2136//2892 2137//2892 
f 2132//2892 2133//2892 2446//2892 
f 2170//2892 2171//2892 2646//2892 
f 2646//2892 2167//2892 2168//2892 
f 2646//2892 2165//2892 2166//2892 
f 2163//2892 2164//2892 2646//2892 
f 2446//2892 2671//2892 2672//2892 
f 2661//2892 2649//2892 2636//2892 
f 2641//2892 2673//2892 2674//2892 
f 2669//2892 2657//2892 2436//2892 
f 2126//2892 2127//2892 2663//2892 
f 2122//2892 2123//2892 2663//2892 
f 2118//2892 2119//2892 2663//2892 
f 2116//2892 2115//2892 2663//2892 
f 2149//2892 2150//2892 2436//2892 
f 2135//2892 2136//2892 2446//2892 
f 2168//2892 2169//2892 2646//2892 
f 2164//2892 2165//2892 2646//2892 
f 2664//2892 2671//2892 2446//2892 
f 2636//2892 2675//2892 2676//2892 
f 2666//2892 2673//2892 2641//2892 
f 2436//2892 2677//2892 2678//2892 
f 2123//2892 2124//2892 2663//2892 
f 2115//2892 2117//2892 2663//2892 
f 2137//2892 2138//2892 2446//2892 
f 2166//2892 2167//2892 2646//2892 
f 2446//2892 2679//2892 2680//2892 
f 2676//2892 2667//2892 2636//2892 
f 2678//2892 2668//2892 2436//2892 
f 2436//2892 2681//2892 2682//2892 
f 2120//2892 2121//2892 2663//2892 
f 2116//2892 2670//2892 2646//2892 
f 2672//2892 2679//2892 2446//2892 
f 2636//2892 2683//2892 2684//2892 
f 2641//2892 2685//2892 2686//2892 
f 2682//2892 2677//2892 2436//2892 
f 2633//2892 2681//2892 2436//2892 
f 2684//2892 2675//2892 2636//2892 
f 2641//2892 2687//2892 2688//2892 
f 2641//2892 2689//2892 2690//2892 
f 2674//2892 2685//2892 2641//2892 
f 2680//2892 2634//2892 2446//2892 
f 2690//2892 2687//2892 2641//2892 
f 2128//2892 2129//2892 2663//2892 
f 2636//2892 2688//2892 2691//2892 
f 2686//2892 2689//2892 2641//2892 
f 2691//2892 2692//2892 2636//2892 
f 2692//2892 2683//2892 2636//2892 
f 2688//2892 2636//2892 2641//2892 
o mesh37
f 2641//2893 2636//2893 2693//2893 
f 2693//2893 2694//2893 2641//2893 
o mesh38
f 2691//2894 2688//2895 2695//2895 
f 2692//2896 2691//2894 2696//2897 
f 2683//2898 2692//2896 2697//2899 
f 2684//2900 2683//2898 2698//2901 
f 2675//2902 2684//2900 2699//2903 
f 2676//2904 2675//2902 2700//2905 
f 2667//2906 2676//2904 2701//2907 
f 2665//2908 2667//2906 2702//2909 
f 2660//2910 2665//2908 2703//2911 
f 2661//2912 2660//2910 2704//2913 
f 2649//2914 2661//2912 2705//2915 
f 2650//2916 2649//2914 2706//2917 
f 2648//2918 2650//2916 2707//2919 
f 2639//2920 2648//2918 2708//2921 
f 2640//2922 2639//2920 2709//2923 
f 2659//2924 2640//2922 2710//2925 
f 2647//2926 2659//2924 2711//2927 
f 2637//2928 2647//2926 2712//2929 
f 2638//2930 2637//2928 2713//2931 
f 2658//2932 2638//2930 2714//2933 
f 2664//2934 2658//2932 2715//2935 
f 2671//2936 2664//2934 2716//2937 
f 2672//2938 2671//2936 2717//2939 
f 2679//2940 2672//2938 2718//2941 
f 2680//2942 2679//2940 2719//2943 
f 2634//2944 2680//2942 2720//2945 
f 2635//2946 2634//2944 2721//2947 
f 2663//2948 2635//2946 2722//2949 
f 2670//2950 2663//2948 2723//2951 
f 2646//2952 2670//2950 2724//2953 
f 2633//2954 2646//2952 2725//2955 
f 2681//2956 2633//2954 2726//2957 
f 2682//2958 2681//2956 2727//2959 
f 2677//2960 2682//2958 2728//2961 
f 2678//2962 2677//2960 2729//2963 
f 2668//2964 2678//2962 2730//2965 
f 2669//2966 2668//2964 2731//2967 
f 2657//2968 2669//2966 2732//2969 
f 2644//2970 2657//2968 2733//2971 
f 2645//2972 2644//2970 2734//2973 
f 2656//2974 2645//2972 2735//2975 
f 2642//2976 2656//2974 2736//2977 
f 2643//2978 2642//2976 2737//2979 
f 2655//2980 2643//2978 2738//2981 
f 2653//2982 2655//2980 2739//2983 
f 2654//2984 2653//2982 2740//2985 
f 2651//2986 2654//2984 2741//2987 
f 2652//2988 2651//2986 2742//2989 
f 2662//2990 2652//2988 2743//2991 
f 2666//2992 2662//2990 2744//2993 
f 2673//2994 2666//2992 2745//2995 
f 2674//2996 2673//2994 2746//2997 
f 2685//2998 2674//2996 2747//2999 
f 2686//3000 2685//2998 2748//3001 
f 2689//3002 2686//3000 2749//3003 
f 2690//3004 2689//3002 2750//3005 
f 2687//3006 2690//3004 2751//3007 
f 2688//2895 2687//3006 2752//3006 
f 2752//3006 2695//2895 2688//2895 
f 2751//3007 2752//3006 2687//3006 
f 2750//3005 2751//3007 2690//3004 
f 2749//3003 2750//3005 2689//3002 
f 2748//3001 2749//3003 2686//3000 
f 2747//2999 2748//3001 2685//2998 
f 2746//2997 2747//2999 2674//2996 
f 2745//2995 2746//2997 2673//2994 
f 2744//2993 2745//2995 2666//2992 
f 2743//2991 2744//2993 2662//2990 
f 2742//2989 2743//2991 2652//2988 
f 2741//2987 2742//2989 2651//2986 
f 2740//2985 2741//2987 2654//2984 
f 2739//2983 2740//2985 2653//2982 
f 2738//2981 2739//2983 2655//2980 
f 2737//2979 2738//2981 2643//2978 
f 2736//2977 2737//2979 2642//2976 
f 2735//2975 2736//2977 2656//2974 
f 2734//2973 2735//2975 2645//2972 
f 2733//2971 2734//2973 2644//2970 
f 2732//2969 2733//2971 2657//2968 
f 2731//2967 2732//2969 2669//2966 
f 2730//2965 2731//2967 2668//2964 
f 2729//2963 2730//2965 2678//2962 
f 2728//2961 2729//2963 2677//2960 
f 2727//2959 2728//2961 2682//2958 
f 2726//2957 2727//2959 2681//2956 
f 2725//2955 2726//2957 2633//2954 
f 2724//2953 2725//2955 2646//2952 
f 2723//2951 2724//2953 2670//2950 
f 2722//2949 2723//2951 2663//2948 
f 2721//2947 2722//2949 2635//2946 
f 2720//2945 2721//2947 2634//2944 
f 2719//2943 2720//2945 2680//2942 
f 2718//2941 2719//2943 2679//2940 
f 2717//2939 2718//2941 2672//2938 
f 2716//2937 2717//2939 2671//2936 
f 2715//2935 2716//2937 2664//2934 
f 2714//2933 2715//2935 2658//2932 
f 2713//2931 2714//2933 2638//2930 
f 2712//2929 2713//2931 2637//2928 
f 2711//2927 2712//2929 2647//2926 
f 2710//2925 2711//2927 2659//2924 
f 2709//2923 2710//2925 2640//2922 
f 2708//2921 2709//2923 2639//2920 
f 2707//2919 2708//2921 2648//2918 
f 2706//2917 2707//2919 2650//2916 
f 2705//2915 2706//2917 2649//2914 
f 2704//2913 2705//2915 2661//2912 
f 2703//2911 2704//2913 2660//2910 
f 2702//2909 2703//2911 2665//2908 
f 2701//2907 2702//2909 2667//2906 
f 2700//2905 2701//2907 2676//2904 
f 2699//2903 2700//2905 2675//2902 
f 2698//2901 2699//2903 2684//2900 
f 2697//2899 2698//2901 2683//2898 
f 2696//2897 2697//2899 2692//2896 
f 2695//2895 2696//2897 2691//2894 
o mesh39
f 2694//3008 2736//3008 2735//3008 
f 2735//3008 2753//3008 2694//3008 
f 2694//3008 2739//3008 2738//3008 
f 2694//3008 2745//3008 2744//3008 
f 2693//3008 2754//3008 2713//3008 
f 2694//3008 2737//3008 2736//3008 
f 2694//3008 2740//3008 2739//3008 
f 2694//3008 2742//3008 2741//3008 
f 2744//3008 2743//3008 2694//3008 
f 2693//3008 2705//3008 2704//3008 
f 2693//3008 2711//3008 2710//3008 
f 2754//3008 2714//3008 2713//3008 
f 2738//3008 2737//3008 2694//3008 
f 2743//3008 2742//3008 2694//3008 
f 2693//3008 2706//3008 2705//3008 
f 2693//3008 2708//3008 2707//3008 
f 2710//3008 2709//3008 2693//3008 
f 2713//3008 2712//3008 2693//3008 
f 2741//3008 2740//3008 2694//3008 
f 2707//3008 2706//3008 2693//3008 
f 2712//3008 2711//3008 2693//3008 
f 2754//3008 2717//3008 2716//3008 
f 2753//3008 2725//3008 2724//3008 
f 2753//3008 2733//3008 2732//3008 
f 2735//3008 2734//3008 2753//3008 
f 2709//3008 2708//3008 2693//3008 
f 2716//3008 2715//3008 2754//3008 
f 2753//3008 2726//3008 2725//3008 
f 2753//3008 2731//3008 2730//3008 
f 2734//3008 2733//3008 2753//3008 
f 2694//3008 2748//3008 2747//3008 
f 2694//3008 2752//3008 2751//3008 
f 2694//3008 2693//3008 2695//3008 
f 2693//3008 2698//3008 2697//3008 
f 2693//3008 2702//3008 2701//3008 
f 2715//3008 2714//3008 2754//3008 
f 2754//3008 2719//3008 2718//3008 
f 2754//3008 2721//3008 2720//3008 
f 2753//3008 2727//3008 2726//3008 
f 2753//3008 2729//3008 2728//3008 
f 2732//3008 2731//3008 2753//3008 
f 2747//3008 2746//3008 2694//3008 
f 2695//3008 2752//3008 2694//3008 
f 2697//3008 2696//3008 2693//3008 
f 2693//3008 2703//3008 2702//3008 
f 2718//3008 2717//3008 2754//3008 
f 2754//3008 2722//3008 2721//3008 
f 2754//3008 2724//3008 2723//3008 
f 2728//3008 2727//3008 2753//3008 
f 2746//3008 2745//3008 2694//3008 
f 2696//3008 2695//3008 2693//3008 
f 2693//3008 2700//3008 2699//3008 
f 2704//3008 2703//3008 2693//3008 
f 2723//3008 2722//3008 2754//3008 
f 2730//3008 2729//3008 2753//3008 
f 2694//3008 2750//3008 2749//3008 
f 2699//3008 2698//3008 2693//3008 
f 2720//3008 2719//3008 2754//3008 
f 2749//3008 2748//3008 2694//3008 
f 2701//3008 2700//3008 2693//3008 
f 2751//3008 2750//3008 2694//3008 
f 2724//3008 2754//3008 2753//3008 
o mesh40
f 2755//3009 2753//3008 2754//3008 
f 2756//3010 2755//3009 2757//3009 
f 2758//3011 2756//3010 2759//3010 
f 2760//3012 2758//3011 2761//3011 
f 2762//3013 2760//3012 2763//3012 
f 2764//3014 2762//3013 2765//3013 
f 2766//3015 2764//3014 2767//3014 
f 2768//3016 2766//3015 2769//3015 
f 2770//3017 2768//3016 2771//3016 
f 2772//3018 2770//3017 2773//3017 
f 2774//3019 2772//3018 2775//3018 
f 2776//3020 2774//3019 2777//3019 
f 2778//3021 2776//3020 2779//3020 
f 2780//3022 2778//3021 2781//3021 
f 2782//3023 2780//3022 2783//3022 
f 2784//3024 2782//3023 2785//3023 
f 2786//3025 2784//3024 2787//3024 
f 2788//3026 2786//3025 2789//3025 
f 2790//3027 2788//3026 2791//3026 
f 2792//3028 2790//3027 2793//3027 
f 2794//3029 2792//3028 2795//3028 
f 2796//3030 2794//3029 2797//3029 
f 2797//3029 2798//3030 2796//3030 
f 2795//3028 2797//3029 2794//3029 
f 2793//3027 2795//3028 2792//3028 
f 2791//3026 2793//3027 2790//3027 
f 2789//3025 2791//3026 2788//3026 
f 2787//3024 2789//3025 2786//3025 
f 2785//3023 2787//3024 2784//3024 
f 2783//3022 2785//3023 2782//3023 
f 2781//3021 2783//3022 2780//3022 
f 2779//3020 2781//3021 2778//3021 
f 2777//3019 2779//3020 2776//3020 
f 2775//3018 2777//3019 2774//3019 
f 2773//3017 2775//3018 2772//3018 
f 2771//3016 2773//3017 2770//3017 
f 2769//3015 2771//3016 2768//3016 
f 2767//3014 2769//3015 2766//3015 
f 2765//3013 2767//3014 2764//3014 
f 2763//3012 2765//3013 2762//3013 
f 2761//3011 2763//3012 2760//3012 
f 2759//3010 2761//3011 2758//3011 
f 2757//3009 2759//3010 2756//3010 
f 2754//3008 2757//3009 2755//3009 
o mesh41
f 2799//3031 2800//3031 2801//3031 
f 2802//3031 2803//3031 2804//3031 
f 2801//3031 2805//3031 2799//3031 
f 2804//3031 2806//3031 2802//3031 
f 2802//3031 2807//3031 2808//3031 
f 2800//3031 2809//3031 2810//3031 
f 2799//3031 2811//3031 2800//3031 
f 2802//3031 2812//3031 2813//3031 
f 2808//3031 2803//3031 2802//3031 
f 2802//3031 2814//3031 2815//3031 
f 2800//3031 2816//3031 2814//3031 
f 2811//3031 2809//3031 2800//3031 
f 2817//3031 2818//3031 2819//3031 
f 2591//3031 2590//3031 2820//3031 
f 2590//3031 2821//3031 2822//3031 
f 2806//3031 2812//3031 2802//3031 
f 2802//3031 2823//3031 2824//3031 
f 2802//3031 2825//3031 2826//3031 
f 2814//3031 2802//3031 2800//3031 
f 2801//3031 2827//3031 2805//3031 
f 2827//3031 2801//3031 2818//3031 
f 2819//3031 2828//3031 2829//3031 
f 2591//3031 2830//3031 2831//3031 
f 2591//3031 2832//3031 2833//3031 
f 2820//3031 2834//3031 2591//3031 
f 2590//3031 2835//3031 2836//3031 
f 2590//3031 2837//3031 2821//3031 
f 2590//3031 2838//3031 2839//3031 
f 2840//3031 2841//3031 2838//3031 
f 2842//3031 2843//3031 2844//3031 
f 2842//3031 2845//3031 2846//3031 
f 2840//3031 2847//3031 2848//3031 
f 2824//3031 2807//3031 2802//3031 
f 2802//3031 2849//3031 2825//3031 
f 2810//3031 2816//3031 2800//3031 
f 2819//3031 2829//3031 2817//3031 
f 2802//3031 2591//3031 2850//3031 
f 2833//3031 2830//3031 2591//3031 
f 2834//3031 2851//3031 2591//3031 
f 2590//3031 2852//3031 2853//3031 
f 2822//3031 2835//3031 2590//3031 
f 2838//3031 2590//3031 2840//3031 
f 2854//3031 2840//3031 2855//3031 
f 2856//3031 2857//3031 2858//3031 
f 2844//3031 2859//3031 2842//3031 
f 2842//3031 2860//3031 2845//3031 
f 2848//3031 2861//3031 2840//3031 
f 2840//3031 2862//3031 2863//3031 
f 2840//3031 2864//3031 2865//3031 
f 2840//3031 2866//3031 2867//3031 
f 2826//3031 2823//3031 2802//3031 
f 2802//3031 2868//3031 2869//3031 
f 2818//3031 2817//3031 2827//3031 
f 2850//3031 2870//3031 2802//3031 
f 2591//3031 2871//3031 2872//3031 
f 2591//3031 2873//3031 2874//3031 
f 2851//3031 2832//3031 2591//3031 
f 2853//3031 2875//3031 2590//3031 
f 2836//3031 2876//3031 2590//3031 
f 2840//3031 2877//3031 2841//3031 
f 2840//3031 2878//3031 2879//3031 
f 2840//3031 2880//3031 2855//3031 
f 2858//3031 2881//3031 2856//3031 
f 2846//3031 2843//3031 2842//3031 
f 2842//3031 2855//3031 2882//3031 
f 2861//3031 2883//3031 2840//3031 
f 2865//3031 2862//3031 2840//3031 
f 2840//3031 2884//3031 2885//3031 
f 2867//3031 2886//3031 2840//3031 
f 2802//3031 2887//3031 2888//3031 
f 2869//3031 2849//3031 2802//3031 
f 2870//3031 2800//3031 2802//3031 
f 2872//3031 2889//3031 2591//3031 
f 2591//3031 2890//3031 2873//3031 
f 2875//3031 2820//3031 2590//3031 
f 2839//3031 2837//3031 2590//3031 
f 2879//3031 2891//3031 2840//3031 
f 2840//3031 2892//3031 2893//3031 
f 2840//3031 2894//3031 2895//3031 
f 2855//3031 2842//3031 2854//3031 
f 2856//3031 2896//3031 2857//3031 
f 2882//3031 2860//3031 2842//3031 
f 2897//3031 2898//3031 2899//3031 
f 2863//3031 2847//3031 2840//3031 
f 2886//3031 2884//3031 2840//3031 
f 2802//3031 2900//3031 2887//3031 
f 2815//3031 2868//3031 2802//3031 
f 2874//3031 2871//3031 2591//3031 
f 2591//3031 2901//3031 2902//3031 
f 2876//3031 2852//3031 2590//3031 
f 2891//3031 2903//3031 2840//3031 
f 2895//3031 2892//3031 2840//3031 
f 2840//3031 2904//3031 2880//3031 
f 2859//3031 2857//3031 2842//3031 
f 2881//3031 2905//3031 2897//3031 
f 2899//3031 2906//3031 2897//3031 
f 2885//3031 2864//3031 2840//3031 
f 2888//3031 2840//3031 2802//3031 
f 2889//3031 2850//3031 2591//3031 
f 2831//3031 2901//3031 2591//3031 
f 2893//3031 2878//3031 2840//3031 
f 2896//3031 2842//3031 2857//3031 
f 2881//3031 2858//3031 2905//3031 
f 2897//3031 2907//3031 2908//3031 
f 2897//3031 2909//3031 2910//3031 
f 2897//3031 2911//3031 2898//3031 
f 2888//3031 2866//3031 2840//3031 
f 2902//3031 2890//3031 2591//3031 
f 2828//3031 2819//3031 2912//3031 
f 2912//3031 2897//3031 2913//3031 
f 2854//3031 2894//3031 2840//3031 
f 2908//3031 2914//3031 2897//3031 
f 2906//3031 2909//3031 2897//3031 
f 2897//3031 2912//3031 2915//3031 
f 2813//3031 2900//3031 2802//3031 
f 2913//3031 2916//3031 2912//3031 
f 2897//3031 2914//3031 2881//3031 
f 2915//3031 2911//3031 2897//3031 
f 2912//3031 2916//3031 2828//3031 
f 2910//3031 2907//3031 2897//3031 
f 2903//3031 2877//3031 2840//3031 
f 2883//3031 2904//3031 2840//3031 
o mesh42
f 2917//3032 2918//3032 2802//3032 
f 2802//3032 2840//3032 2917//3032 
o mesh43
f 2841//3033 2877//3034 2919//3034 
f 2838//3035 2841//3033 2920//3036 
f 2839//3037 2838//3035 2921//3038 
f 2837//3039 2839//3037 2922//3040 
f 2821//3041 2837//3039 2923//3042 
f 2822//3043 2821//3041 2924//3044 
f 2835//3045 2822//3043 2925//3046 
f 2836//3047 2835//3045 2926//3048 
f 2876//3049 2836//3047 2927//3050 
f 2852//3051 2876//3049 2928//3052 
f 2853//3053 2852//3051 2929//3054 
f 2875//3055 2853//3053 2930//3056 
f 2820//3057 2875//3055 2931//3058 
f 2834//3059 2820//3057 2932//3060 
f 2851//3061 2834//3059 2933//3062 
f 2832//3063 2851//3061 2934//3064 
f 2833//3065 2832//3063 2935//3066 
f 2830//3067 2833//3065 2936//3068 
f 2831//3069 2830//3067 2937//3070 
f 2901//3071 2831//3069 2938//3072 
f 2902//3073 2901//3071 2939//3074 
f 2890//3075 2902//3073 2940//3076 
f 2873//3077 2890//3075 2941//3078 
f 2874//3079 2873//3077 2942//3080 
f 2871//3081 2874//3079 2943//3082 
f 2872//3083 2871//3081 2944//3084 
f 2889//3085 2872//3083 2945//3086 
f 2850//3087 2889//3085 2946//3088 
f 2870//3089 2850//3087 2947//3090 
f 2800//3091 2870//3089 2948//3092 
f 2801//3093 2800//3091 2949//3094 
f 2818//3095 2801//3093 2950//3096 
f 2819//3097 2818//3095 2951//3098 
f 2912//3099 2819//3097 2952//3100 
f 2915//3101 2912//3099 2953//3102 
f 2911//3103 2915//3101 2954//3104 
f 2898//3105 2911//3103 2955//3106 
f 2899//3107 2898//3105 2956//3108 
f 2906//3109 2899//3107 2957//3110 
f 2909//3111 2906//3109 2958//3112 
f 2910//3113 2909//3111 2959//3114 
f 2907//3115 2910//3113 2960//3116 
f 2908//3117 2907//3115 2961//3118 
f 2914//3119 2908//3117 2962//3120 
f 2881//3121 2914//3119 2963//3122 
f 2856//3123 2881//3121 2964//3124 
f 2896//3125 2856//3123 2965//3126 
f 2842//3127 2896//3125 2966//3128 
f 2854//3129 2842//3127 2967//3130 
f 2894//3131 2854//3129 2968//3132 
f 2895//3133 2894//3131 2969//3134 
f 2892//3135 2895//3133 2970//3136 
f 2893//3137 2892//3135 2971//3138 
f 2878//3139 2893//3137 2972//3140 
f 2879//3141 2878//3139 2973//3142 
f 2891//3143 2879//3141 2974//3144 
f 2903//3145 2891//3143 2975//3146 
f 2877//3034 2903//3145 2976//3145 
f 2976//3145 2919//3034 2877//3034 
f 2975//3146 2976//3145 2903//3145 
f 2974//3144 2975//3146 2891//3143 
f 2973//3142 2974//3144 2879//3141 
f 2972//3140 2973//3142 2878//3139 
f 2971//3138 2972//3140 2893//3137 
f 2970//3136 2971//3138 2892//3135 
f 2969//3134 2970//3136 2895//3133 
f 2968//3132 2969//3134 2894//3131 
f 2967//3130 2968//3132 2854//3129 
f 2966//3128 2967//3130 2842//3127 
f 2965//3126 2966//3128 2896//3125 
f 2964//3124 2965//3126 2856//3123 
f 2963//3122 2964//3124 2881//3121 
f 2962//3120 2963//3122 2914//3119 
f 2961//3118 2962//3120 2908//3117 
f 2960//3116 2961//3118 2907//3115 
f 2959//3114 2960//3116 2910//3113 
f 2958//3112 2959//3114 2909//3111 
f 2957//3110 2958//3112 2906//3109 
f 2956//3108 2957//3110 2899//3107 
f 2955//3106 2956//3108 2898//3105 
f 2954//3104 2955//3106 2911//3103 
f 2953//3102 2954//3104 2915//3101 
f 2952//3100 2953//3102 2912//3099 
f 2951//3098 2952//3100 2819//3097 
f 2950//3096 2951//3098 2818//3095 
f 2949//3094 2950//3096 2801//3093 
f 2948//3092 2949//3094 2800//3091 
f 2947//3090 2948//3092 2870//3089 
f 2946//3088 2947//3090 2850//3087 
f 2945//3086 2946//3088 2889//3085 
f 2944//3084 2945//3086 2872//3083 
f 2943//3082 2944//3084 2871//3081 
f 2942//3080 2943//3082 2874//3079 
f 2941//3078 2942//3080 2873//3077 
f 2940//3076 2941//3078 2890//3075 
f 2939//3074 2940//3076 2902//3073 
f 2938//3072 2939//3074 2901//3071 
f 2937//3070 2938//3072 2831//3069 
f 2936//3068 2937//3070 2830//3067 
f 2935//3066 2936//3068 2833//3065 
f 2934//3064 2935//3066 2832//3063 
f 2933//3062 2934//3064 2851//3061 
f 2932//3060 2933//3062 2834//3059 
f 2931//3058 2932//3060 2820//3057 
f 2930//3056 2931//3058 2875//3055 
f 2929//3054 2930//3056 2853//3053 
f 2928//3052 2929//3054 2852//3051 
f 2927//3050 2928//3052 2876//3049 
f 2926//3048 2927//3050 2836//3047 
f 2925//3046 2926//3048 2835//3045 
f 2924//3044 2925//3046 2822//3043 
f 2923//3042 2924//3044 2821//3041 
f 2922//3040 2923//3042 2837//3039 
f 2921//3038 2922//3040 2839//3037 
f 2920//3036 2921//3038 2838//3035 
f 2919//3034 2920//3036 2841//3033 
o mesh44
f 2880//3147 2904//3148 2977//3148 
f 2855//3149 2880//3147 2978//3150 
f 2882//3151 2855//3149 2979//3152 
f 2860//3153 2882//3151 2980//3154 
f 2845//3155 2860//3153 2981//3156 
f 2846//3157 2845//3155 2982//3158 
f 2843//3159 2846//3157 2983//3160 
f 2844//3161 2843//3159 2984//3162 
f 2859//3163 2844//3161 2985//3164 
f 2857//3165 2859//3163 2986//3166 
f 2858//3167 2857//3165 2987//3168 
f 2905//3169 2858//3167 2988//3170 
f 2897//3171 2905//3169 2989//3172 
f 2913//3173 2897//3171 2990//3174 
f 2916//3175 2913//3173 2991//3176 
f 2828//3177 2916//3175 2992//3178 
f 2829//3179 2828//3177 2993//3180 
f 2817//3181 2829//3179 2994//3182 
f 2827//3183 2817//3181 2995//3184 
f 2805//3185 2827//3183 2996//3186 
f 2799//3187 2805//3185 2997//3188 
f 2811//3189 2799//3187 2998//3190 
f 2809//3191 2811//3189 2999//3192 
f 2810//3193 2809//3191 3000//3194 
f 2816//3195 2810//3193 3001//3196 
f 2814//3197 2816//3195 3002//3198 
f 2815//3199 2814//3197 3003//3200 
f 2868//3201 2815//3199 3004//3202 
f 2869//3203 2868//3201 3005//3204 
f 2849//3205 2869//3203 3006//3206 
f 2825//3207 2849//3205 3007//3208 
f 2826//3209 2825//3207 3008//3210 
f 2823//3211 2826//3209 3009//3212 
f 2824//3213 2823//3211 3010//3214 
f 2807//3215 2824//3213 3011//3216 
f 2808//3217 2807//3215 3012//3218 
f 2803//3219 2808//3217 3013//3220 
f 2804//3221 2803//3219 3014//3222 
f 2806//3223 2804//3221 3015//3224 
f 2812//3225 2806//3223 3016//3226 
f 2813//3227 2812//3225 3017//3228 
f 2900//3229 2813//3227 3018//3230 
f 2887//3231 2900//3229 3019//3232 
f 2888//3233 2887//3231 3020//3234 
f 2866//3235 2888//3233 3021//3236 
f 2867//3237 2866//3235 3022//3238 
f 2886//3239 2867//3237 3023//3240 
f 2884//3241 2886//3239 3024//3242 
f 2885//3243 2884//3241 3025//3244 
f 2864//3245 2885//3243 3026//3246 
f 2865//3247 2864//3245 3027//3248 
f 2862//3249 2865//3247 3028//3250 
f 2863//3251 2862//3249 3029//3252 
f 2847//3253 2863//3251 3030//3254 
f 2848//3255 2847//3253 3031//3256 
f 2861//3257 2848//3255 3032//3258 
f 2883//3259 2861//3257 3033//3260 
f 2904//3148 2883//3259 3034//3259 
f 3034//3259 2977//3148 2904//3148 
f 3033//3260 3034//3259 2883//3259 
f 3032//3258 3033//3260 2861//3257 
f 3031//3256 3032//3258 2848//3255 
f 3030//3254 3031//3256 2847//3253 
f 3029//3252 3030//3254 2863//3251 
f 3028//3250 3029//3252 2862//3249 
f 3027//3248 3028//3250 2865//3247 
f 3026//3246 3027//3248 2864//3245 
f 3025//3244 3026//3246 2885//3243 
f 3024//3242 3025//3244 2884//3241 
f 3023//3240 3024//3242 2886//3239 
f 3022//3238 3023//3240 2867//3237 
f 3021//3236 3022//3238 2866//3235 
f 3020//3234 3021//3236 2888//3233 
f 3019//3232 3020//3234 2887//3231 
f 3018//3230 3019//3232 2900//3229 
f 3017//3228 3018//3230 2813//3227 
f 3016//3226 3017//3228 2812//3225 
f 3015//3224 3016//3226 2806//3223 
f 3014//3222 3015//3224 2804//3221 
f 3013//3220 3014//3222 2803//3219 
f 3012//3218 3013//3220 2808//3217 
f 3011//3216 3012//3218 2807//3215 
f 3010//3214 3011//3216 2824//3213 
f 3009//3212 3010//3214 2823//3211 
f 3008//3210 3009//3212 2826//3209 
f 3007//3208 3008//3210 2825//3207 
f 3006//3206 3007//3208 2849//3205 
f 3005//3204 3006//3206 2869//3203 
f 3004//3202 3005//3204 2868//3201 
f 3003//3200 3004//3202 2815//3199 
f 3002//3198 3003//3200 2814//3197 
f 3001//3196 3002//3198 2816//3195 
f 3000//3194 3001//3196 2810//3193 
f 2999//3192 3000//3194 2809//3191 
f 2998//3190 2999//3192 2811//3189 
f 2997//3188 2998//3190 2799//3187 
f 2996//3186 2997//3188 2805//3185 
f 2995//3184 2996//3186 2827//3183 
f 2994//3182 2995//3184 2817//3181 
f 2993//3180 2994//3182 2829//3179 
f 2992//3178 2993//3180 2828//3177 
f 2991//3176 2992//3178 2916//3175 
f 2990//3174 2991//3176 2913//3173 
f 2989//3172 2990//3174 2897//3171 
f 2988//3170 2989//3172 2905//3169 
f 2987//3168 2988//3170 2858//3167 
f 2986//3166 2987//3168 2857//3165 
f 2985//3164 2986//3166 2859//3163 
f 2984//3162 2985//3164 2844//3161 
f 2983//3160 2984//3162 2843//3159 
f 2982//3158 2983//3160 2846//3157 
f 2981//3156 2982//3158 2845//3155 
f 2980//3154 2981//3156 2860//3153 
f 2979//3152 2980//3154 2882//3151 
f 2978//3150 2979//3152 2855//3149 
f 2977//3148 2978//3150 2880//3147 
o mesh45
f 2987//3261 3035//3261 2974//3261 
f 3035//3261 2981//3261 2980//3261 
f 3035//3261 2975//3261 2974//3261 
f 2988//3261 2974//3261 2973//3261 
f 2917//3261 3033//3261 3032//3261 
f 3035//3261 2982//3261 2981//3261 
f 3035//3261 2976//3261 2975//3261 
f 2973//3261 2990//3261 2989//3261 
f 2917//3261 3034//3261 3033//3261 
f 3035//3261 2983//3261 2982//3261 
f 2973//3261 2989//3261 2988//3261 
f 3035//3261 2926//3261 2925//3261 
f 2917//3261 2977//3261 3034//3261 
f 3035//3261 2984//3261 2983//3261 
f 3035//3261 2986//3261 2985//3261 
f 3035//3261 2919//3261 2976//3261 
f 3035//3261 2923//3261 2922//3261 
f 2925//3261 2924//3261 3035//3261 
f 3035//3261 2928//3261 2927//3261 
f 2917//3261 2978//3261 2977//3261 
f 2917//3261 2980//3261 2979//3261 
f 2985//3261 2984//3261 3035//3261 
f 3035//3261 2920//3261 2919//3261 
f 2922//3261 2921//3261 3035//3261 
f 2927//3261 2926//3261 3035//3261 
f 3036//3261 2934//3261 2933//3261 
f 3036//3261 2937//3261 2936//3261 
f 3036//3261 2939//3261 2938//3261 
f 2979//3261 2978//3261 2917//3261 
f 3035//3261 2987//3261 2986//3261 
f 2921//3261 2920//3261 3035//3261 
f 3035//3261 2929//3261 2928//3261 
f 3035//3261 2931//3261 2930//3261 
f 3035//3261 3036//3261 2932//3261 
f 3036//3261 2935//3261 2934//3261 
f 2938//3261 2937//3261 3036//3261 
f 2980//3261 2917//3261 3035//3261 
f 2924//3261 2923//3261 3035//3261 
f 2932//3261 2931//3261 3035//3261 
f 2936//3261 2935//3261 3036//3261 
f 2994//3261 2993//3261 2959//3261 
f 2952//3261 2999//3261 2998//3261 
f 2917//3261 3024//3261 3023//3261 
f 2917//3261 3029//3261 3028//3261 
f 2917//3261 3031//3261 3030//3261 
f 2974//3261 2988//3261 2987//3261 
f 2933//3261 2932//3261 3036//3261 
f 2992//3261 2991//3261 2963//3261 
f 2996//3261 2956//3261 2955//3261 
f 2996//3261 2958//3261 2957//3261 
f 2958//3261 2995//3261 2994//3261 
f 2952//3261 3000//3261 2999//3261 
f 2952//3261 3002//3261 3001//3261 
f 2918//3261 3014//3261 3013//3261 
f 2918//3261 3016//3261 3015//3261 
f 2917//3261 3025//3261 3024//3261 
f 2917//3261 3027//3261 3026//3261 
f 3030//3261 3029//3261 2917//3261 
f 2930//3261 2929//3261 3035//3261 
f 3036//3261 2944//3261 2943//3261 
f 3036//3261 2947//3261 2946//3261 
f 2963//3261 2962//3261 2992//3261 
f 2990//3261 2966//3261 2965//3261 
f 2957//3261 2956//3261 2996//3261 
f 2958//3261 2996//3261 2995//3261 
f 3001//3261 3000//3261 2952//3261 
f 2952//3261 2918//3261 3003//3261 
f 2918//3261 3005//3261 3004//3261 
f 3015//3261 3014//3261 2918//3261 
f 3026//3261 3025//3261 2917//3261 
f 3032//3261 3031//3261 2917//3261 
f 2943//3261 2942//3261 3036//3261 
f 2946//3261 2945//3261 3036//3261 
f 2962//3261 2961//3261 2992//3261 
f 2990//3261 2967//3261 2966//3261 
f 2990//3261 2969//3261 2968//3261 
f 2990//3261 2971//3261 2970//3261 
f 2990//3261 2973//3261 2972//3261 
f 2918//3261 2952//3261 2951//3261 
f 2996//3261 2954//3261 2953//3261 
f 2959//3261 2958//3261 2994//3261 
f 2998//3261 2997//3261 2952//3261 
f 3004//3261 3003//3261 2918//3261 
f 2918//3261 3010//3261 3009//3261 
f 2918//3261 3017//3261 3016//3261 
f 2918//3261 3019//3261 3018//3261 
f 3028//3261 3027//3261 2917//3261 
f 3036//3261 2941//3261 2940//3261 
f 2945//3261 2944//3261 3036//3261 
f 3036//3261 2918//3261 2948//3261 
f 2961//3261 2993//3261 2992//3261 
f 2968//3261 2967//3261 2990//3261 
f 2972//3261 2971//3261 2990//3261 
f 2951//3261 2950//3261 2918//3261 
f 2955//3261 2954//3261 2996//3261 
f 3003//3261 3002//3261 2952//3261 
f 3009//3261 3008//3261 2918//3261 
f 2918//3261 3012//3261 3011//3261 
f 3018//3261 3017//3261 2918//3261 
f 2918//3261 3021//3261 3020//3261 
f 2917//3261 3022//3261 3021//3261 
f 2940//3261 2939//3261 3036//3261 
f 2948//3261 2947//3261 3036//3261 
f 2990//3261 2964//3261 2963//3261 
f 2970//3261 2969//3261 2990//3261 
f 2950//3261 2949//3261 2918//3261 
f 2997//3261 2996//3261 2952//3261 
f 3008//3261 3007//3261 2918//3261 
f 3013//3261 3012//3261 2918//3261 
f 3021//3261 2918//3261 2917//3261 
f 2942//3261 2941//3261 3036//3261 
f 2993//3261 2961//3261 2960//3261 
f 2965//3261 2964//3261 2990//3261 
f 2953//3261 2952//3261 2996//3261 
f 3011//3261 3010//3261 2918//3261 
f 3023//3261 3022//3261 2917//3261 
f 2991//3261 2990//3261 2963//3261 
f 2918//3261 3006//3261 3005//3261 
f 3020//3261 3019//3261 2918//3261 
f 2949//3261 2948//3261 2918//3261 
f 2960//3261 2959//3261 2993//3261 
f 3007//3261 3006//3261 2918//3261 
o mesh46
f 3037//3262 3036//3261 3035//3261 
f 3038//3263 3037//3262 3039//3262 
f 3040//3264 3038//3263 3041//3263 
f 3042//3265 3040//3264 3043//3264 
f 3044//3266 3042//3265 3045//3265 
f 3046//3267 3044//3266 3047//3266 
f 3048//3268 3046//3267 3049//3267 
f 3050//3269 3048//3268 3051//3268 
f 3052//3270 3050//3269 3053//3269 
f 3054//3271 3052//3270 3055//3270 
f 3056//3272 3054//3271 3057//3271 
f 3058//3273 3056//3272 3059//3272 
f 3060//3274 3058//3273 3061//3273 
f 3062//3275 3060//3274 3063//3274 
f 3064//3276 3062//3275 3065//3275 
f 3065//3275 3066//3276 3064//3276 
f 3063//3274 3065//3275 3062//3275 
f 3061//3273 3063//3274 3060//3274 
f 3059//3272 3061//3273 3058//3273 
f 3057//3271 3059//3272 3056//3272 
f 3055//3270 3057//3271 3054//3271 
f 3053//3269 3055//3270 3052//3270 
f 3051//3268 3053//3269 3050//3269 
f 3049//3267 3051//3268 3048//3268 
f 3047//3266 3049//3267 3046//3267 
f 3045//3265 3047//3266 3044//3266 
f 3043//3264 3045//3265 3042//3265 
f 3041//3263 3043//3264 3040//3264 
f 3039//3262 3041//3263 3038//3263 
f 3035//3261 3039//3262 3037//3262 
o mesh47
f 3064//3276 3066//3276 3067//3276 
f 3067//3276 3068//3276 3064//3276 
o mesh48
f 3069//3277 3070//3278 3071//3278 
f 3072//3279 3069//3277 3073//3280 
f 3074//3281 3072//3279 3075//3282 
f 3076//3283 3074//3281 3077//3284 
f 3078//3285 3076//3283 3079//3286 
f 3080//3287 3078//3285 3081//3288 
f 3082//3289 3080//3287 3083//3290 
f 3084//3291 3082//3289 3085//3292 
f 3086//3293 3084//3291 3087//3294 
f 3088//3295 3086//3293 3089//3296 
f 3090//3297 3088//3295 3091//3298 
f 3092//3299 3090//3297 3093//3300 
f 3094//3301 3092//3299 3095//3302 
f 3096//3303 3094//3301 3097//3304 
f 3067//3305 3096//3303 3098//3306 
f 3098//3306 3068//3305 3067//3305 
f 3097//3304 3098//3306 3096//3303 
f 3095//3302 3097//3304 3094//3301 
f 3093//3300 3095//3302 3092//3299 
f 3091//3298 3093//3300 3090//3297 
f 3089//3296 3091//3298 3088//3295 
f 3087//3294 3089//3296 3086//3293 
f 3085//3292 3087//3294 3084//3291 
f 3083//3290 3085//3292 3082//3289 
f 3081//3288 3083//3290 3080//3287 
f 3079//3286 3081//3288 3078//3285 
f 3077//3284 3079//3286 3076//3283 
f 3075//3282 3077//3284 3074//3281 
f 3073//3280 3075//3282 3072//3279 
f 3071//3278 3073//3280 3069//3277 
o mesh49
f 3061//3307 804//3307 802//3307 
f 800//3307 1080//3307 3067//3307 
f 802//3307 3063//3307 3061//3307 
f 1080//3307 3096//3307 3067//3307 
f 3059//3307 806//3307 804//3307 
f 3063//3307 802//3307 800//3307 
f 3067//3307 3066//3307 800//3307 
f 3059//3307 808//3307 806//3307 
f 3066//3307 3065//3307 800//3307 
f 3092//3307 3094//3307 1096//3307 
f 800//3307 3065//3307 3063//3307 
f 3094//3307 3096//3307 1080//3307 
f 3090//3307 1097//3307 1099//3307 
f 1097//3307 3090//3307 3092//3307 
f 3057//3307 818//3307 816//3307 
f 3090//3307 1105//3307 1107//3307 
f 3090//3307 1101//3307 1103//3307 
f 1080//3307 1096//3307 3094//3307 
f 1096//3307 1097//3307 3092//3307 
f 816//3307 3059//3307 3057//3307 
f 1103//3307 1105//3307 3090//3307 
f 1099//3307 1101//3307 3090//3307 
f 3059//3307 812//3307 810//3307 
f 3059//3307 816//3307 814//3307 
f 3088//3307 3090//3307 1109//3307 
f 3057//3307 3055//3307 818//3307 
f 3061//3307 3059//3307 804//3307 
f 814//3307 812//3307 3059//3307 
f 1111//3307 3086//3307 3088//3307 
f 2796//3307 1117//3307 1119//3307 
f 2796//3307 3084//3307 1115//3307 
f 3053//3307 820//3307 818//3307 
f 810//3307 808//3307 3059//3307 
f 1111//3307 3084//3307 3086//3307 
f 1115//3307 1117//3307 2796//3307 
f 1107//3307 1109//3307 3090//3307 
f 1109//3307 1111//3307 3088//3307 
f 2590//3307 824//3307 822//3307 
f 2590//3307 827//3307 826//3307 
f 3084//3307 1113//3307 1115//3307 
f 1111//3307 1113//3307 3084//3307 
f 826//3307 824//3307 2590//3307 
f 3055//3307 3053//3307 818//3307 
f 822//3307 3053//3307 2590//3307 
f 2590//3307 3053//3307 3051//3307 
f 822//3307 820//3307 3053//3307 
f 2840//3307 2590//3307 3035//3307 
f 2590//3307 3047//3307 3045//3307 
f 1119//3307 1121//3307 2796//3307 
f 2796//3307 3080//3307 3082//3307 
f 2590//3307 3039//3307 3035//3307 
f 2590//3307 3049//3307 3047//3307 
f 3082//3307 3084//3307 2796//3307 
f 2796//3307 3074//3307 3076//3307 
f 2774//3307 2043//3307 2044//3307 
f 2590//3307 3041//3307 3039//3307 
f 3051//3307 3049//3307 2590//3307 
f 3076//3307 3078//3307 2796//3307 
f 3099//3307 3100//3307 3070//3307 
f 2776//3307 2039//3307 2040//3307 
f 2778//3307 1451//3307 2039//3307 
f 2774//3307 2042//3307 2043//3307 
f 2774//3307 2776//3307 2041//3307 
f 2405//3307 2622//3307 2624//3307 
f 2405//3307 122//3307 124//3307 
f 2612//3307 136//3307 138//3307 
f 2612//3307 132//3307 134//3307 
f 2612//3307 126//3307 128//3307 
f 2610//3307 144//3307 146//3307 
f 2590//3307 3043//3307 3041//3307 
f 3078//3307 3080//3307 2796//3307 
f 2796//3307 3069//3307 3072//3307 
f 3070//3307 2796//3307 3099//3307 
f 2780//3307 1450//3307 1451//3307 
f 2039//3307 2776//3307 2778//3307 
f 2041//3307 2042//3307 2774//3307 
f 2624//3307 2626//3307 2405//3307 
f 124//3307 2616//3307 2405//3307 
f 134//3307 136//3307 2612//3307 
f 128//3307 130//3307 2612//3307 
f 2610//3307 142//3307 144//3307 
f 2610//3307 138//3307 140//3307 
f 2606//3307 2608//3307 150//3307 
f 2604//3307 2606//3307 152//3307 
f 582//3307 585//3307 2602//3307 
f 1336//3307 2794//3307 2796//3307 
f 3045//3307 3043//3307 2590//3307 
f 3070//3307 3069//3307 2796//3307 
f 1437//3307 2782//3307 2784//3307 
f 1444//3307 2780//3307 2782//3307 
f 2780//3307 1447//3307 1450//3307 
f 2044//3307 2045//3307 2774//3307 
f 2772//3307 2046//3307 2047//3307 
f 2772//3307 2774//3307 2045//3307 
f 2048//3307 2760//3307 2762//3307 
f 2048//3307 2756//3307 2758//3307 
f 2405//3307 2620//3307 2622//3307 
f 2405//3307 121//3307 122//3307 
f 2405//3307 118//3307 117//3307 
f 130//3307 132//3307 2612//3307 
f 140//3307 142//3307 2610//3307 
f 2608//3307 148//3307 150//3307 
f 152//3307 580//3307 2604//3307 
f 2604//3307 579//3307 582//3307 
f 2796//3307 1121//3307 1123//3307 
f 3072//3307 3074//3307 2796//3307 
f 2784//3307 1434//3307 1437//3307 
f 2782//3307 1438//3307 1444//3307 
f 2040//3307 2041//3307 2776//3307 
f 2045//3307 2046//3307 2772//3307 
f 2758//3307 2760//3307 2048//3307 
f 2405//3307 2618//3307 2620//3307 
f 117//3307 121//3307 2405//3307 
f 2614//3307 124//3307 126//3307 
f 146//3307 2608//3307 2610//3307 
f 2608//3307 146//3307 148//3307 
f 2602//3307 2604//3307 582//3307 
f 3035//3307 2917//3307 2840//3307 
f 2590//3307 2589//3307 611//3307 
f 1336//3307 1422//3307 2792//3307 
f 1422//3307 1425//3307 2790//3307 
f 2788//3307 2790//3307 1425//3307 
f 2786//3307 2788//3307 1428//3307 
f 2784//3307 2786//3307 1431//3307 
f 1444//3307 1447//3307 2780//3307 
f 2047//3307 2048//3307 2772//3307 
f 2048//3307 2766//3307 2768//3307 
f 2762//3307 2764//3307 2048//3307 
f 2626//3307 2628//3307 2405//3307 
f 124//3307 2614//3307 2616//3307 
f 138//3307 2610//3307 2612//3307 
f 580//3307 579//3307 2604//3307 
f 607//3307 2589//3307 2592//3307 
f 611//3307 827//3307 2590//3307 
f 2790//3307 2792//3307 1422//3307 
f 1428//3307 1431//3307 2786//3307 
f 1437//3307 1438//3307 2782//3307 
f 2048//3307 2770//3307 2772//3307 
f 2764//3307 2766//3307 2048//3307 
f 2048//3307 2641//3307 2755//3307 
f 2641//3307 2694//3307 2753//3307 
f 2616//3307 2618//3307 2405//3307 
f 150//3307 152//3307 2606//3307 
f 590//3307 592//3307 2600//3307 
f 604//3307 2592//3307 2594//3307 
f 2592//3307 604//3307 607//3307 
f 2792//3307 2794//3307 1336//3307 
f 1431//3307 1434//3307 2784//3307 
f 2768//3307 2770//3307 2048//3307 
f 2753//3307 2755//3307 2641//3307 
f 126//3307 2612//3307 2614//3307 
f 2602//3307 585//3307 590//3307 
f 2600//3307 592//3307 595//3307 
f 2598//3307 595//3307 598//3307 
f 2596//3307 598//3307 601//3307 
f 607//3307 611//3307 2589//3307 
f 1425//3307 1428//3307 2788//3307 
f 2755//3307 2756//3307 2048//3307 
f 2600//3307 2602//3307 590//3307 
f 598//3307 2596//3307 2598//3307 
f 2594//3307 601//3307 604//3307 
f 1451//3307 2778//3307 2780//3307 
f 2467//3307 2405//3307 2587//3307 
f 595//3307 2598//3307 2600//3307 
f 2796//3307 1123//3307 1336//3307 
f 2641//3307 2052//3307 2053//3307 
f 2641//3307 2050//3307 2051//3307 
f 2641//3307 2048//3307 2049//3307 
f 2405//3307 2630//3307 2587//3307 
f 601//3307 2594//3307 2596//3307 
f 2053//3307 2436//3307 2641//3307 
f 2049//3307 2050//3307 2641//3307 
f 2628//3307 2630//3307 2405//3307 
f 2405//3307 2436//3307 2064//3307 
f 2436//3307 2054//3307 2055//3307 
f 2051//3307 2052//3307 2641//3307 
f 2064//3307 118//3307 2405//3307 
f 2053//3307 2054//3307 2436//3307 
f 2055//3307 2064//3307 2436//3307 
f 2587//3307 2527//3307 2467//3307 
o mesh50
f 2798//3308 3093//3308 3091//3308 
f 2230//3308 2229//3308 3095//3308 
f 2174//3308 2787//3308 2785//3308 
f 3101//3308 2798//3308 3071//3308 
f 3091//3308 3089//3308 2798//3308 
f 3095//3308 2798//3308 2230//3308 
f 2174//3308 2781//3308 2779//3308 
f 2174//3308 2789//3308 2787//3308 
f 2229//3308 2228//3308 3068//3308 
f 2798//3308 3073//3308 3071//3308 
f 2798//3308 3081//3308 3079//3308 
f 2798//3308 3087//3308 3085//3308 
f 3095//3308 3093//3308 2798//3308 
f 2174//3308 2777//3308 2775//3308 
f 2174//3308 2783//3308 2781//3308 
f 2174//3308 2791//3308 2789//3308 
f 2446//3308 2763//3308 2761//3308 
f 2446//3308 2767//3308 2765//3308 
f 2174//3308 2769//3308 2446//3308 
f 2203//3308 2591//3308 3058//3308 
f 2591//3308 3052//3308 3054//3308 
f 3068//3308 3098//3308 2229//3308 
f 2798//3308 3075//3308 3073//3308 
f 2798//3308 3083//3308 3081//3308 
f 3089//3308 3087//3308 2798//3308 
f 2174//3308 2773//3308 2771//3308 
f 2779//3308 2777//3308 2174//3308 
f 2174//3308 2793//3308 2791//3308 
f 2174//3308 2797//3308 2795//3308 
f 2765//3308 2763//3308 2446//3308 
f 2446//3308 2175//3308 2174//3308 
f 2593//3308 2591//3308 2203//3308 
f 2202//3308 2609//3308 2607//3308 
f 2202//3308 2613//3308 2611//3308 
f 2202//3308 2617//3308 2615//3308 
f 2202//3308 2621//3308 2619//3308 
f 2591//3308 3056//3308 3058//3308 
f 2591//3308 3050//3308 3052//3308 
f 3068//3308 2225//3308 2224//3308 
f 3068//3308 2227//3308 2226//3308 
f 3098//3308 3097//3308 2229//3308 
f 2798//3308 3077//3308 3075//3308 
f 3085//3308 3083//3308 2798//3308 
f 2775//3308 2773//3308 2174//3308 
f 2795//3308 2793//3308 2174//3308 
f 2636//3308 2446//3308 2754//3308 
f 2769//3308 2767//3308 2446//3308 
f 2202//3308 2595//3308 2593//3308 
f 2202//3308 2603//3308 2601//3308 
f 2611//3308 2609//3308 2202//3308 
f 2619//3308 2617//3308 2202//3308 
f 3054//3308 3056//3308 2591//3308 
f 2591//3308 3046//3308 3048//3308 
f 2591//3308 3040//3308 3042//3308 
f 2802//3308 2918//3308 3036//3308 
f 2226//3308 2225//3308 3068//3308 
f 3097//3308 3095//3308 2229//3308 
f 3079//3308 3077//3308 2798//3308 
f 2785//3308 2783//3308 2174//3308 
f 2797//3308 2174//3308 2173//3308 
f 2446//3308 2757//3308 2754//3308 
f 2761//3308 2759//3308 2446//3308 
f 2202//3308 2597//3308 2595//3308 
f 2202//3308 2605//3308 2603//3308 
f 2615//3308 2613//3308 2202//3308 
f 3048//3308 3050//3308 2591//3308 
f 3042//3308 3044//3308 2591//3308 
f 2591//3308 3037//3308 3038//3308 
f 3036//3308 2591//3308 2802//3308 
f 3060//3308 2210//3308 2209//3308 
f 3060//3308 2212//3308 2211//3308 
f 2228//3308 2227//3308 3068//3308 
f 2798//3308 2173//3308 2230//3308 
f 2173//3308 2798//3308 2797//3308 
f 2759//3308 2757//3308 2446//3308 
f 2202//3308 2599//3308 2597//3308 
f 2607//3308 2605//3308 2202//3308 
f 3044//3308 3046//3308 2591//3308 
f 3036//3308 3037//3308 2591//3308 
f 2204//3308 3058//3308 3060//3308 
f 3060//3308 2208//3308 2207//3308 
f 2211//3308 2210//3308 3060//3308 
f 3071//3308 3102//3308 3101//3308 
f 2754//3308 2693//3308 2636//3308 
f 2416//3308 2629//3308 2627//3308 
f 2601//3308 2599//3308 2202//3308 
f 3038//3308 3040//3308 2591//3308 
f 3060//3308 2206//3308 2205//3308 
f 2209//3308 2208//3308 3060//3308 
f 3068//3308 2223//3308 2222//3308 
f 2771//3308 2769//3308 2174//3308 
f 2201//3308 2200//3308 2416//3308 
f 2416//3308 2631//3308 2629//3308 
f 2477//3308 2528//3308 2588//3308 
f 3058//3308 2204//3308 2203//3308 
f 2207//3308 2206//3308 3060//3308 
f 3060//3308 2215//3308 2214//3308 
f 2218//3308 3062//3308 3064//3308 
f 2217//3308 3060//3308 3062//3308 
f 3068//3308 2220//3308 2219//3308 
f 2224//3308 2223//3308 3068//3308 
f 2416//3308 2623//3308 2621//3308 
f 2627//3308 2625//3308 2416//3308 
f 2588//3308 2416//3308 2477//3308 
f 3060//3308 2205//3308 2204//3308 
f 2214//3308 2213//3308 3060//3308 
f 3060//3308 2217//3308 2216//3308 
f 3062//3308 2218//3308 2217//3308 
f 3068//3308 2221//3308 2220//3308 
f 2446//3308 2176//3308 2175//3308 
f 2446//3308 2178//3308 2177//3308 
f 2446//3308 2180//3308 2179//3308 
f 2416//3308 2192//3308 2191//3308 
f 2625//3308 2623//3308 2416//3308 
f 2588//3308 2632//3308 2416//3308 
f 2213//3308 2212//3308 3060//3308 
f 3064//3308 3068//3308 2218//3308 
f 2222//3308 2221//3308 3068//3308 
f 2179//3308 2178//3308 2446//3308 
f 2446//3308 2188//3308 2187//3308 
f 2416//3308 2189//3308 2188//3308 
f 2416//3308 2193//3308 2192//3308 
f 2632//3308 2631//3308 2416//3308 
f 2216//3308 2215//3308 3060//3308 
f 2177//3308 2176//3308 2446//3308 
f 2446//3308 2182//3308 2181//3308 
f 2188//3308 2446//3308 2416//3308 
f 2191//3308 2190//3308 2416//3308 
f 2416//3308 2195//3308 2194//3308 
f 2416//3308 2197//3308 2196//3308 
f 2416//3308 2199//3308 2198//3308 
f 2416//3308 2621//3308 2201//3308 
f 2219//3308 2218//3308 3068//3308 
f 2446//3308 2183//3308 2182//3308 
f 2187//3308 2186//3308 2446//3308 
f 2194//3308 2193//3308 2416//3308 
f 2198//3308 2197//3308 2416//3308 
f 2621//3308 2202//3308 2201//3308 
f 2181//3308 2180//3308 2446//3308 
f 2446//3308 2185//3308 2184//3308 
f 2190//3308 2189//3308 2416//3308 
f 2200//3308 2199//3308 2416//3308 
f 2184//3308 2183//3308 2446//3308 
f 2196//3308 2195//3308 2416//3308 
f 2186//3308 2185//3308 2446//3308 
f 2203//3308 2202//3308 2593//3308 
o mesh51
f 3099//3309 3101//3309 3102//3309 
f 3102//3309 3100//3309 3099//3309 
o mesh52
f 2796//3310 3103//3310 3104//3310 
f 2796//3310 3105//3310 3106//3310 
f 2796//3310 3107//3310 3103//3310 
f 3099//3310 3108//3310 3109//3310 
f 3106//3310 3099//3310 2796//3310 
f 3110//3310 3104//3310 3111//3310 
f 3104//3310 3112//3310 2796//3310 
f 3099//3310 3113//3310 3108//3310 
f 2796//3310 3114//3310 3105//3310 
f 3104//3310 3110//3310 3112//3310 
f 2796//3310 3115//3310 3116//3310 
f 3099//3310 3117//3310 3113//3310 
f 2796//3310 3118//3310 3114//3310 
f 2796//3310 3119//3310 3120//3310 
f 3111//3310 3121//3310 3110//3310 
f 2796//3310 3122//3310 3123//3310 
f 2796//3310 3124//3310 3125//3310 
f 3116//3310 3126//3310 2796//3310 
f 2796//3310 3127//3310 3128//3310 
f 2798//3310 3129//3310 3130//3310 
f 3099//3310 3131//3310 3117//3310 
f 3099//3310 3132//3310 3133//3310 
f 3120//3310 3118//3310 2796//3310 
f 3123//3310 3107//3310 2796//3310 
f 3125//3310 3134//3310 2796//3310 
f 3128//3310 3115//3310 2796//3310 
f 2798//3310 3135//3310 3129//3310 
f 2798//3310 3136//3310 3137//3310 
f 2798//3310 3138//3310 3139//3310 
f 3133//3310 3131//3310 3099//3310 
f 2796//3310 3140//3310 3119//3310 
f 3134//3310 3122//3310 2796//3310 
f 2796//3310 3141//3310 3127//3310 
f 2796//3310 3142//3310 3143//3310 
f 2798//3310 3144//3310 3135//3310 
f 3139//3310 3136//3310 2798//3310 
f 3106//3310 3132//3310 3099//3310 
f 3126//3310 3124//3310 2796//3310 
f 2796//3310 3130//3310 3142//3310 
f 3137//3310 3144//3310 2798//3310 
f 3145//3310 3146//3310 3147//3310 
f 3148//3310 3149//3310 3150//3310 
f 3099//3310 3151//3310 3152//3310 
f 3099//3310 3153//3310 3154//3310 
f 3099//3310 3155//3310 3156//3310 
f 3112//3310 3140//3310 2796//3310 
f 3130//3310 2796//3310 2798//3310 
f 3157//3310 3158//3310 3159//3310 
f 3160//3310 3161//3310 3162//3310 
f 3160//3310 3163//3310 3164//3310 
f 3163//3310 3165//3310 3145//3310 
f 3148//3310 3166//3310 3149//3310 
f 3148//3310 3167//3310 3168//3310 
f 3101//3310 3169//3310 3170//3310 
f 3101//3310 3171//3310 3172//3310 
f 3099//3310 3173//3310 3151//3310 
f 3099//3310 3174//3310 3175//3310 
f 3156//3310 3153//3310 3099//3310 
f 3143//3310 3141//3310 2796//3310 
f 2798//3310 3176//3310 3177//3310 
f 2798//3310 3178//3310 3179//3310 
f 3159//3310 3180//3310 3157//3310 
f 3121//3310 3181//3310 3182//3310 
f 3164//3310 3161//3310 3160//3310 
f 3163//3310 3160//3310 3165//3310 
f 3168//3310 3166//3310 3148//3310 
f 3148//3310 3101//3310 3183//3310 
f 3101//3310 3184//3310 3185//3310 
f 3172//3310 3169//3310 3101//3310 
f 3175//3310 3173//3310 3099//3310 
f 3109//3310 3155//3310 3099//3310 
f 3177//3310 3186//3310 2798//3310 
f 3179//3310 3187//3310 2798//3310 
f 3180//3310 3188//3310 3157//3310 
f 3121//3310 3189//3310 3181//3310 
f 3121//3310 3190//3310 3191//3310 
f 3121//3310 3192//3310 3193//3310 
f 3121//3310 3111//3310 3194//3310 
f 3101//3310 3148//3310 3195//3310 
f 3160//3310 3196//3310 3197//3310 
f 3147//3310 3163//3310 3145//3310 
f 3150//3310 3198//3310 3148//3310 
f 3185//3310 3183//3310 3101//3310 
f 3101//3310 3199//3310 3200//3310 
f 3101//3310 3201//3310 3171//3310 
f 3101//3310 3202//3310 3203//3310 
f 3154//3310 3174//3310 3099//3310 
f 2798//3310 3204//3310 3205//3310 
f 3187//3310 3176//3310 2798//3310 
f 3101//3310 3206//3310 3178//3310 
f 3188//3310 3146//3310 3157//3310 
f 3191//3310 3189//3310 3121//3310 
f 3194//3310 3192//3310 3121//3310 
f 3195//3310 3207//3310 3101//3310 
f 3162//3310 3196//3310 3160//3310 
f 3183//3310 3167//3310 3148//3310 
f 3200//3310 3208//3310 3101//3310 
f 3101//3310 3209//3310 3210//3310 
f 3203//3310 3201//3310 3101//3310 
f 3101//3310 3211//3310 3212//3310 
f 3099//3310 3213//3310 3211//3310 
f 3205//3310 3138//3310 2798//3310 
f 3178//3310 2798//3310 3101//3310 
f 3121//3310 3214//3310 3159//3310 
f 3193//3310 3190//3310 3121//3310 
f 3207//3310 3215//3310 3101//3310 
f 3198//3310 3160//3310 3148//3310 
f 3208//3310 3216//3310 3101//3310 
f 3170//3310 3209//3310 3101//3310 
f 3211//3310 3101//3310 3099//3310 
f 3186//3310 3204//3310 2798//3310 
f 3146//3310 3188//3310 3217//3310 
f 3182//3310 3214//3310 3121//3310 
f 3197//3310 3148//3310 3160//3310 
f 3210//3310 3199//3310 3101//3310 
f 3152//3310 3213//3310 3099//3310 
f 3158//3310 3121//3310 3159//3310 
f 3101//3310 3218//3310 3184//3310 
f 3212//3310 3202//3310 3101//3310 
f 3215//3310 3206//3310 3101//3310 
f 3217//3310 3147//3310 3146//3310 
f 3216//3310 3218//3310 3101//3310 
o mesh53
f 3219//3311 3220//3311 3221//3311 
f 3102//3311 3222//3311 3223//3311 
f 3221//3311 3224//3311 3219//3311 
f 3223//3311 3225//3311 3102//3311 
f 3102//3311 3226//3311 3227//3311 
f 3220//3311 3228//3311 3229//3311 
f 3219//3311 3230//3311 3220//3311 
f 3102//3311 3231//3311 3232//3311 
f 3227//3311 3222//3311 3102//3311 
f 3102//3311 3233//3311 3234//3311 
f 3220//3311 3235//3311 3233//3311 
f 3230//3311 3228//3311 3220//3311 
f 3236//3311 3237//3311 3238//3311 
f 3070//3311 3239//3311 3240//3311 
f 3225//3311 3231//3311 3102//3311 
f 3102//3311 3241//3311 3242//3311 
f 3102//3311 3243//3311 3244//3311 
f 3233//3311 3102//3311 3220//3311 
f 3221//3311 3245//3311 3224//3311 
f 3245//3311 3221//3311 3237//3311 
f 3238//3311 3246//3311 3247//3311 
f 3071//3311 3248//3311 3249//3311 
f 3071//3311 3250//3311 3251//3311 
f 3071//3311 3252//3311 3253//3311 
f 3070//3311 3254//3311 3255//3311 
f 3070//3311 3256//3311 3239//3311 
f 3070//3311 3257//3311 3258//3311 
f 3259//3311 3260//3311 3261//3311 
f 3259//3311 3262//3311 3263//3311 
f 3100//3311 3264//3311 3265//3311 
f 3242//3311 3226//3311 3102//3311 
f 3102//3311 3266//3311 3243//3311 
f 3229//3311 3235//3311 3220//3311 
f 3238//3311 3247//3311 3236//3311 
f 3071//3311 3267//3311 3268//3311 
f 3251//3311 3248//3311 3071//3311 
f 3253//3311 3269//3311 3071//3311 
f 3070//3311 3270//3311 3252//3311 
f 3070//3311 3271//3311 3272//3311 
f 3240//3311 3254//3311 3070//3311 
f 3070//3311 3273//3311 3257//3311 
f 3100//3311 3274//3311 3273//3311 
f 3275//3311 3100//3311 3276//3311 
f 3277//3311 3278//3311 3279//3311 
f 3261//3311 3280//3311 3259//3311 
f 3259//3311 3281//3311 3262//3311 
f 3265//3311 3282//3311 3100//3311 
f 3100//3311 3283//3311 3284//3311 
f 3100//3311 3285//3311 3286//3311 
f 3100//3311 3287//3311 3288//3311 
f 3244//3311 3241//3311 3102//3311 
f 3102//3311 3289//3311 3290//3311 
f 3237//3311 3236//3311 3245//3311 
f 3268//3311 3102//3311 3071//3311 
f 3071//3311 3291//3311 3292//3311 
f 3071//3311 3293//3311 3294//3311 
f 3269//3311 3250//3311 3071//3311 
f 3272//3311 3270//3311 3070//3311 
f 3255//3311 3295//3311 3070//3311 
f 3273//3311 3070//3311 3100//3311 
f 3100//3311 3296//3311 3297//3311 
f 3100//3311 3298//3311 3276//3311 
f 3279//3311 3299//3311 3277//3311 
f 3263//3311 3260//3311 3259//3311 
f 3259//3311 3276//3311 3300//3311 
f 3282//3311 3301//3311 3100//3311 
f 3286//3311 3283//3311 3100//3311 
f 3100//3311 3302//3311 3303//3311 
f 3288//3311 3304//3311 3100//3311 
f 3102//3311 3305//3311 3306//3311 
f 3290//3311 3266//3311 3102//3311 
f 3268//3311 3220//3311 3102//3311 
f 3071//3311 3307//3311 3291//3311 
f 3071//3311 3308//3311 3293//3311 
f 3252//3311 3071//3311 3070//3311 
f 3258//3311 3256//3311 3070//3311 
f 3297//3311 3309//3311 3100//3311 
f 3100//3311 3310//3311 3311//3311 
f 3100//3311 3312//3311 3313//3311 
f 3276//3311 3259//3311 3275//3311 
f 3277//3311 3314//3311 3278//3311 
f 3300//3311 3281//3311 3259//3311 
f 3315//3311 3316//3311 3317//3311 
f 3284//3311 3264//3311 3100//3311 
f 3304//3311 3302//3311 3100//3311 
f 3102//3311 3318//3311 3305//3311 
f 3234//3311 3289//3311 3102//3311 
f 3294//3311 3307//3311 3071//3311 
f 3071//3311 3319//3311 3320//3311 
f 3295//3311 3271//3311 3070//3311 
f 3309//3311 3321//3311 3100//3311 
f 3313//3311 3310//3311 3100//3311 
f 3100//3311 3322//3311 3298//3311 
f 3280//3311 3278//3311 3259//3311 
f 3299//3311 3323//3311 3315//3311 
f 3317//3311 3324//3311 3315//3311 
f 3303//3311 3285//3311 3100//3311 
f 3306//3311 3100//3311 3102//3311 
f 3292//3311 3267//3311 3071//3311 
f 3249//3311 3319//3311 3071//3311 
f 3311//3311 3296//3311 3100//3311 
f 3314//3311 3259//3311 3278//3311 
f 3299//3311 3279//3311 3323//3311 
f 3315//3311 3325//3311 3326//3311 
f 3315//3311 3327//3311 3328//3311 
f 3315//3311 3329//3311 3316//3311 
f 3306//3311 3287//3311 3100//3311 
f 3320//3311 3308//3311 3071//3311 
f 3246//3311 3238//3311 3330//3311 
f 3330//3311 3315//3311 3331//3311 
f 3275//3311 3312//3311 3100//3311 
f 3326//3311 3332//3311 3315//3311 
f 3324//3311 3327//3311 3315//3311 
f 3315//3311 3330//3311 3333//3311 
f 3232//3311 3318//3311 3102//3311 
f 3331//3311 3334//3311 3330//3311 
f 3315//3311 3332//3311 3299//3311 
f 3333//3311 3329//3311 3315//3311 
f 3330//3311 3334//3311 3246//3311 
f 3328//3311 3325//3311 3315//3311 
f 3321//3311 3274//3311 3100//3311 
f 3301//3311 3322//3311 3100//3311 
o mesh54
f 3273//3312 3274//3313 3123//3313 
f 3257//3314 3273//3312 3122//3315 
f 3258//3316 3257//3314 3134//3317 
f 3256//3318 3258//3316 3125//3319 
f 3239//3320 3256//3318 3124//3321 
f 3240//3322 3239//3320 3126//3323 
f 3254//3324 3240//3322 3116//3325 
f 3255//3326 3254//3324 3115//3327 
f 3295//3328 3255//3326 3128//3329 
f 3271//3330 3295//3328 3127//3331 
f 3272//3332 3271//3330 3141//3333 
f 3270//3334 3272//3332 3143//3335 
f 3252//3336 3270//3334 3142//3337 
f 3253//3338 3252//3336 3130//3339 
f 3269//3340 3253//3338 3129//3341 
f 3250//3342 3269//3340 3135//3343 
f 3251//3344 3250//3342 3144//3345 
f 3248//3346 3251//3344 3137//3347 
f 3249//3348 3248//3346 3136//3349 
f 3319//3350 3249//3348 3139//3351 
f 3320//3352 3319//3350 3138//3353 
f 3308//3354 3320//3352 3205//3355 
f 3293//3356 3308//3354 3204//3357 
f 3294//3358 3293//3356 3186//3359 
f 3307//3360 3294//3358 3177//3361 
f 3291//3362 3307//3360 3176//3363 
f 3292//3364 3291//3362 3187//3365 
f 3267//3366 3292//3364 3179//3367 
f 3268//3368 3267//3366 3178//3369 
f 3220//3370 3268//3368 3206//3371 
f 3221//3372 3220//3370 3215//3373 
f 3237//3374 3221//3372 3207//3375 
f 3238//3376 3237//3374 3195//3377 
f 3330//3378 3238//3376 3148//3379 
f 3333//3380 3330//3378 3197//3381 
f 3329//3382 3333//3380 3196//3383 
f 3316//3384 3329//3382 3162//3385 
f 3317//3386 3316//3384 3161//3387 
f 3324//3388 3317//3386 3164//3389 
f 3327//3390 3324//3388 3163//3391 
f 3328//3392 3327//3390 3147//3393 
f 3325//3394 3328//3392 3217//3395 
f 3326//3396 3325//3394 3188//3397 
f 3332//3398 3326//3396 3180//3399 
f 3299//3400 3332//3398 3159//3401 
f 3277//3402 3299//3400 3214//3403 
f 3314//3404 3277//3402 3182//3405 
f 3259//3406 3314//3404 3181//3407 
f 3275//3408 3259//3406 3189//3409 
f 3312//3410 3275//3408 3191//3411 
f 3313//3412 3312//3410 3190//3413 
f 3310//3414 3313//3412 3193//3415 
f 3311//3416 3310//3414 3192//3417 
f 3296//3418 3311//3416 3194//3419 
f 3297//3420 3296//3418 3111//3421 
f 3309//3422 3297//3420 3104//3423 
f 3321//3424 3309//3422 3103//3425 
f 3274//3313 3321//3424 3107//3424 
f 3107//3424 3123//3313 3274//3313 
f 3103//3425 3107//3424 3321//3424 
f 3104//3423 3103//3425 3309//3422 
f 3111//3421 3104//3423 3297//3420 
f 3194//3419 3111//3421 3296//3418 
f 3192//3417 3194//3419 3311//3416 
f 3193//3415 3192//3417 3310//3414 
f 3190//3413 3193//3415 3313//3412 
f 3191//3411 3190//3413 3312//3410 
f 3189//3409 3191//3411 3275//3408 
f 3181//3407 3189//3409 3259//3406 
f 3182//3405 3181//3407 3314//3404 
f 3214//3403 3182//3405 3277//3402 
f 3159//3401 3214//3403 3299//3400 
f 3180//3399 3159//3401 3332//3398 
f 3188//3397 3180//3399 3326//3396 
f 3217//3395 3188//3397 3325//3394 
f 3147//3393 3217//3395 3328//3392 
f 3163//3391 3147//3393 3327//3390 
f 3164//3389 3163//3391 3324//3388 
f 3161//3387 3164//3389 3317//3386 
f 3162//3385 3161//3387 3316//3384 
f 3196//3383 3162//3385 3329//3382 
f 3197//3381 3196//3383 3333//3380 
f 3148//3379 3197//3381 3330//3378 
f 3195//3377 3148//3379 3238//3376 
f 3207//3375 3195//3377 3237//3374 
f 3215//3373 3207//3375 3221//3372 
f 3206//3371 3215//3373 3220//3370 
f 3178//3369 3206//3371 3268//3368 
f 3179//3367 3178//3369 3267//3366 
f 3187//3365 3179//3367 3292//3364 
f 3176//3363 3187//3365 3291//3362 
f 3177//3361 3176//3363 3307//3360 
f 3186//3359 3177//3361 3294//3358 
f 3204//3357 3186//3359 3293//3356 
f 3205//3355 3204//3357 3308//3354 
f 3138//3353 3205//3355 3320//3352 
f 3139//3351 3138//3353 3319//3350 
f 3136//3349 3139//3351 3249//3348 
f 3137//3347 3136//3349 3248//3346 
f 3144//3345 3137//3347 3251//3344 
f 3135//3343 3144//3345 3250//3342 
f 3129//3341 3135//3343 3269//3340 
f 3130//3339 3129//3341 3253//3338 
f 3142//3337 3130//3339 3252//3336 
f 3143//3335 3142//3337 3270//3334 
f 3141//3333 3143//3335 3272//3332 
f 3127//3331 3141//3333 3271//3330 
f 3128//3329 3127//3331 3295//3328 
f 3115//3327 3128//3329 3255//3326 
f 3116//3325 3115//3327 3254//3324 
f 3126//3323 3116//3325 3240//3322 
f 3124//3321 3126//3323 3239//3320 
f 3125//3319 3124//3321 3256//3318 
f 3134//3317 3125//3319 3258//3316 
f 3122//3315 3134//3317 3257//3314 
f 3123//3313 3122//3315 3273//3312 
o mesh55
f 3298//3426 3322//3427 3117//3427 
f 3276//3428 3298//3426 3131//3429 
f 3300//3430 3276//3428 3133//3431 
f 3281//3432 3300//3430 3132//3433 
f 3262//3434 3281//3432 3106//3435 
f 3263//3436 3262//3434 3105//3437 
f 3260//3438 3263//3436 3114//3439 
f 3261//3440 3260//3438 3118//3441 
f 3280//3442 3261//3440 3120//3443 
f 3278//3444 3280//3442 3119//3445 
f 3279//3446 3278//3444 3140//3447 
f 3323//3448 3279//3446 3112//3449 
f 3315//3450 3323//3448 3110//3451 
f 3331//3452 3315//3450 3121//3453 
f 3334//3454 3331//3452 3158//3455 
f 3246//3456 3334//3454 3157//3457 
f 3247//3458 3246//3456 3146//3459 
f 3236//3460 3247//3458 3145//3461 
f 3245//3462 3236//3460 3165//3463 
f 3224//3464 3245//3462 3160//3465 
f 3219//3466 3224//3464 3198//3467 
f 3230//3468 3219//3466 3150//3469 
f 3228//3470 3230//3468 3149//3471 
f 3229//3472 3228//3470 3166//3473 
f 3235//3474 3229//3472 3168//3475 
f 3233//3476 3235//3474 3167//3477 
f 3234//3478 3233//3476 3183//3479 
f 3289//3480 3234//3478 3185//3481 
f 3290//3482 3289//3480 3184//3483 
f 3266//3484 3290//3482 3218//3485 
f 3243//3486 3266//3484 3216//3487 
f 3244//3488 3243//3486 3208//3489 
f 3241//3490 3244//3488 3200//3491 
f 3242//3492 3241//3490 3199//3493 
f 3226//3494 3242//3492 3210//3495 
f 3227//3496 3226//3494 3209//3497 
f 3222//3498 3227//3496 3170//3499 
f 3223//3500 3222//3498 3169//3501 
f 3225//3502 3223//3500 3172//3503 
f 3231//3504 3225//3502 3171//3505 
f 3232//3506 3231//3504 3201//3507 
f 3318//3508 3232//3506 3203//3509 
f 3305//3510 3318//3508 3202//3511 
f 3306//3512 3305//3510 3212//3513 
f 3287//3514 3306//3512 3211//3515 
f 3288//3516 3287//3514 3213//3517 
f 3304//3518 3288//3516 3152//3519 
f 3302//3520 3304//3518 3151//3521 
f 3303//3522 3302//3520 3173//3523 
f 3285//3524 3303//3522 3175//3525 
f 3286//3526 3285//3524 3174//3527 
f 3283//3528 3286//3526 3154//3529 
f 3284//3530 3283//3528 3153//3531 
f 3264//3532 3284//3530 3156//3533 
f 3265//3534 3264//3532 3155//3535 
f 3282//3536 3265//3534 3109//3537 
f 3301//3538 3282//3536 3108//3539 
f 3322//3427 3301//3538 3113//3538 
f 3113//3538 3117//3427 3322//3427 
f 3108//3539 3113//3538 3301//3538 
f 3109//3537 3108//3539 3282//3536 
f 3155//3535 3109//3537 3265//3534 
f 3156//3533 3155//3535 3264//3532 
f 3153//3531 3156//3533 3284//3530 
f 3154//3529 3153//3531 3283//3528 
f 3174//3527 3154//3529 3286//3526 
f 3175//3525 3174//3527 3285//3524 
f 3173//3523 3175//3525 3303//3522 
f 3151//3521 3173//3523 3302//3520 
f 3152//3519 3151//3521 3304//3518 
f 3213//3517 3152//3519 3288//3516 
f 3211//3515 3213//3517 3287//3514 
f 3212//3513 3211//3515 3306//3512 
f 3202//3511 3212//3513 3305//3510 
f 3203//3509 3202//3511 3318//3508 
f 3201//3507 3203//3509 3232//3506 
f 3171//3505 3201//3507 3231//3504 
f 3172//3503 3171//3505 3225//3502 
f 3169//3501 3172//3503 3223//3500 
f 3170//3499 3169//3501 3222//3498 
f 3209//3497 3170//3499 3227//3496 
f 3210//3495 3209//3497 3226//3494 
f 3199//3493 3210//3495 3242//3492 
f 3200//3491 3199//3493 3241//3490 
f 3208//3489 3200//3491 3244//3488 
f 3216//3487 3208//3489 3243//3486 
f 3218//3485 3216//3487 3266//3484 
f 3184//3483 3218//3485 3290//3482 
f 3185//3481 3184//3483 3289//3480 
f 3183//3479 3185//3481 3234//3478 
f 3167//3477 3183//3479 3233//3476 
f 3168//3475 3167//3477 3235//3474 
f 3166//3473 3168//3475 3229//3472 
f 3149//3471 3166//3473 3228//3470 
f 3150//3469 3149//3471 3230//3468 
f 3198//3467 3150//3469 3219//3466 
f 3160//3465 3198//3467 3224//3464 
f 3165//3463 3160//3465 3245//3462 
f 3145//3461 3165//3463 3236//3460 
f 3146//3459 3145//3461 3247//3458 
f 3157//3457 3146//3459 3246//3456 
f 3158//3455 3157//3457 3334//3454 
f 3121//3453 3158//3455 3331//3452 
f 3110//3451 3121//3453 3315//3450 
f 3112//3449 3110//3451 3323//3448 
f 3140//3447 3112//3449 3279//3446 
f 3119//3445 3140//3447 3278//3444 
f 3120//3443 3119//3445 3280//3442 
f 3118//3441 3120//3443 3261//3440 
f 3114//3439 3118//3441 3260//3438 
f 3105//3437 3114//3439 3263//3436 
f 3106//3435 3105//3437 3262//3434 
f 3132//3433 3106//3435 3281//3432 
f 3133//3431 3132//3433 3300//3430 
f 3131//3429 3133//3431 3276//3428 
f 3117//3427 3131//3429 3298//3426 
